Workbook

Sheet 안내
A1: TRACE 사업비 원인추적기 v0.2 (프로토타입)
A2: Excel 2016 호환 · 수식만으로 동작 · 예시 데이터는 가상 수치 (원본 단위: 원, 보고 단위: 백만원)
A4: 이름의 뜻
A5: 글자 | B5: 뜻 | C5: 도구에서 하는 일 (시트)
A6: T | B6: Trend 추이 | C6: 전월·전분기·전년동월 대비 변동 (변동분석 · 월별집계 · 계정변동)
A7: R | B7: Risk 예산 위험 | C7: 예상 연간 실적으로 여유/주의/부족 예상 판정 (변동분석 P~Y열)
A8: A | B8: Anomaly 이상치 | C8: 평소 변동폭을 벗어난 항목을 점수로 골라냄 (주의대상)
A9: C | B9: Cause 원인 | C9: 증가분을 거래처·전표로 쪼개 원인 후보와 근거 전표 제시 (원인분석 · 키워드사전)
A10: E | B10: Expense 사업비 | C10: 분석 대상: 사업비 계정 (계정매핑에서 사업비 여부 Y)
A12: 흐름 단계와 시트
A13: 단계 | B13: 하는 일 | C13: 시트
A14: ① 세 파일 넣기 | B14: SAP 예산판·TB·전표를 원본 시트 A열부터 붙여넣기 | C14: 예산판_원본 · TB_원본 · 전표_원본
A15: ② 불러오기·대사 | B15: 매핑 적용, 전표 = TB = 예산판 실적 대사, 데이터 점검 | C15: 자가진단 · 계정변동
A16: ③ 변동 분석 | B16: 전월·전분기·전년동월 대비 증감 (부서 × 계정) | C16: 변동분석 F~O열 · 월별집계 · 계정변동
A17: ④ 예산 점검 | B17: 배정+조정 대비 예상 연간 실적 → 여유/주의/부족 예상 | C17: 변동분석 P~Y열
A18: ⑤ 주의 대상 | B18: 증가액·증가율·이상치·예산 점수 합산 → TOP 10 | C18: 주의대상 · 변동분석 AA열 이후
A19: ⑥ 원인 추정 | B19: 선택 항목을 거래처·전표로 분해, 8가지 패턴 판정, 근거 전표 | C19: 원인분석 · 키워드사전
A20: ⑦ 보고·확인 | B20: 보고서, 확인된 원인을 코멘트로 누적 | C20: 리포트 · 코멘트
A22: 매월 사용 순서
A23: 1. 설정 시트에서 기준연도·기준월 변경
A24: 2. 원본 시트 3개에 새 데이터 붙여넣기 (회색 머리글 보조수식 열은 데이터 마지막 행까지 끌어 채우기)
A25: 3. 자가진단이 '전체 정상'인지 확인
A26: 4. 주의대상 TOP 10 확인 → 원인분석 시트 C5에 순위 입력 (비교 기준은 C6) → 원인 후보와 근거 전표 확인
A27: 5. 담당 부서 확인 결과를 코멘트 시트에 입력 → 주의대상·리포트에 표시
A28: 6. 새로 알게 된 적요 표현은 키워드사전에 추가 → 다음 달 원인 추정에 반영
A30: 원본 데이터 기준
A31: 예산판: 부서 × G/L × 분기 한 행 (배정·조정·실적·잔여). 화면이 분기를 옆으로 펼치는 형태면 알려주세요. 양식을 맞추겠습니다.
A32: TB: G/L × 월 한 행 (당기차변·당기대변·기말잔액). 당해와 전년을 함께 넣어야 전년동월 비교가 됩니다.
A33: 전표: 사업비 계정 전표 라인 (최근 24개월 권장). 적요·거래처가 있어야 원인 추정이 됩니다.
A34: 거래처명이 '('로 시작하면 내부 거래(법인카드·내부대체 등)로 보고 신규 거래처 판정에서 뺍니다.
... A42: 원인 후보는 규칙 기반 가설입니다. 반드시 근거 전표와 담당 부서 확인으로 확정하세요.

Sheet 설정
A1: TRACE · 설정
A2: 노란 칸만 바꾸세요
B4: 항목 | C4: 값 | D4: 설명 | F4: 단위 | G4: 원 환산
B5: 회사명 | C5: 예시보험㈜ | F5: 원 | G5: 1
B6: 기준연도 | C6: 2026 | F6: 천원 | G6: 1000
B7: 기준월 | C7: 9 | D7: 1~12 | F7: 백만원 | G7: 1000000
B8: 원본 금액단위 | C8: 원 | D8: 예산판·TB·전표 공통
B9: 보고 단위 | C9: 백만원 | D9: 모든 분석 표시 단위
B10: 증감 기준금액 (보고단위) | C10: 10 | D10: 이 금액 미만의 작은 증감은 주의 점수를 30%로 낮춤 · 증가액 점수 만점 = 5배
B11: 예산 '주의' 기준 (예상 소진율) | C11: 0.9 | D11: 예상 연간 실적 ÷ 가용예산이 이 값 초과면 주의
B12: 예산 '부족 예상' 기준 | C12: 1 | D12: 이 값 초과면 부족 예상
B13: 이상치 기준 (z) | C13: 2 | D13: 직전 12개월 평균 대비 표준편차 배수
B14: 원인: 단건 비중 | C14: 0.5 | D14: 전표 1건이 증가분의 이 비율 이상이면 '일회성 대형'
B15: 원인: 신규 거래처 비중 | C15: 0.3 | D15: 최근 12개월 거래 없던 거래처의 증가분 비중
B16: 원인: SA 대체 비중 | C16: 0.3 | D16: 수기 대체전표(SA) 순증의 증가분 비중
B17: 원인: 키워드 비중 | C17: 0.3 | D17: 키워드사전 해당 전표의 증가분 비중
B18: 원인: 단가 상승률 | C18: 0.05 | D18: 같은 건수에서 이 비율 이상 오르면 '단가 인상'
B20: (계산) 기준 기간번호 | C20: =C6*12+C7 | D20: 연도×12+월. 기간 비교에 사용
B21: (계산) 기준 분기 | C21: =ROUNDUP(C7/3,0)
B22: (계산) 분기 시작 기간번호 | C22: =C6*12+(C21-1)*3+1
B23: (계산) 금액 환산계수 | C23: =INDEX($G$5:$G$7,MATCH(C8,$F$5:$F$7,0))/INDEX($G$5:$G$7,MATCH(C9,$F$5:$F$7,0)) | D23: 원본 금액 × 계수 = 보고단위

Sheet 자가진단
A1: TRACE · 자가진단
A2: 외부망으로 오류를 알릴 때는 [점검 항목]과 [상태]만 전달하세요
A4: 종합 | B4: =IF(COUNTIF(D7:D24,"확인필요")=0,"전체 정상"&IF(COUNTIF(D7:D24,"참고")>0," (참고 "&COUNTIF(D7:D24,"참고")&"건)",""),"확인필요 "&COUNTIF(D7:D24,"확인필요")&"건")
A6: No | B6: 점검 항목 | C6: 결과 | D6: 상태 | E6: 조치 방법
A7: 1 | B7: 설정값 | C7: =IF(AND(ISNUMBER(설정!$C$7),설정!$C$7>=1,설정!$C$7<=12,ISNUMBER(설정!$C$23)),"정상","기준월 또는 단위 오류") | D7: =IF(C7="정상","OK","확인필요") | E7: 설정 시트 기준월(1~12)·단위 확인
A8: 2 | B8: 전표_원본 머리글 | C8: =IF(IF(전표_원본!A4<>"회계연도","A ","")&IF(전표_원본!B4<>"기간","B ","")&IF(전표_원본!C4<>"전표번호","C ","")&IF(전표_원본!D4<>"전기일","D ","")&IF(전표_원본!E4<>"전표유형","E ","")&IF(전표_원본!F4<>"G/L계정","F ","")&IF(전표_원본!G4<>"코스트센터","G ","")&IF(전표_원본!H4<>"금액","H ","")&IF(전표_원본!I4<>"적요","I ","")&IF(전표_원본!J4<>"거래처코드","J ","")&IF(전표_원본!K4<>"거래처명","K ","")="","일치","불일치 열: "&IF(전표_원본!A4<>"회계연도","A ","")&IF(전표_원본!B4<>"기간","B ","")&IF(전표_원본!C4<>"전표번호","C ","")&IF(전표_원본!D4<>"전기일","D ","")&IF(전표_원본!E4<>"전표유형","E ","")&IF(전표_원본!F4<>"G/L계정","F ","")&IF(전표_원본!G4<>"코스트센터","G ","")&IF(전표_원본!H4<>"금액","H ","")&IF(전표_원본!I4<>"적요","I ","")&IF(전표_원본!J4<>"거래처코드","J ","")&IF(전표_원본!K4<>"거래처명","K ","")) | D8: =IF(C8="일치","OK","확인필요") | E8: 4행 머리글을 표준 이름으로
A9: 3 | B9: TB_원본 머리글 | C9: =IF(IF(TB_원본!A4<>"회계연도","A ","")&IF(TB_원본!B4<>"기간","B ","")&IF(TB_원본!C4<>"G/L계정","C ","")&IF(TB_원본!D4<>"계정명","D ","")&IF(TB_원본!E4<>"당기차변","E ","")&IF(TB_원본!F4<>"당기대변","F ","")&IF(TB_원본!G4<>"기말잔액","G ","")="","일치","불일치 열: "&IF(TB_원본!A4<>"회계연도","A ","")&IF(TB_원본!B4<>"기간","B ","")&IF(TB_원본!C4<>"G/L계정","C ","")&IF(TB_원본!D4<>"계정명","D ","")&IF(TB_원본!E4<>"당기차변","E ","")&IF(TB_원본!F4<>"당기대변","F ","")&IF(TB_원본!G4<>"기말잔액","G ","")) | D9: =IF(C9="일치","OK","확인필요") | E9: 4행 머리글을 표준 이름으로
A10: 4 | B10: 예산판_원본 머리글 | C10: =IF(IF(예산판_원본!A4<>"회계연도","A ","")&IF(예산판_원본!B4<>"부서코드","B ","")&IF(예산판_원본!C4<>"부서명","C ","")&IF(예산판_원본!D4<>"G/L계정","D ","")&IF(예산판_원본!E4<>"계정명","E ","")&IF(예산판_원본!F4<>"분기","F ","")&IF(예산판_원본!G4<>"배정","G ","")&IF(예산판_원본!H4<>"조정","H ","")&IF(예산판_원본!I4<>"실적","I ","")&IF(예산판_원본!J4<>"잔여","J ","")="","일치","불일치 열: "&IF(예산판_원본!A4<>"회계연도","A ","")&IF(예산판_원본!B4<>"부서코드","B ","")&IF(예산판_원본!C4<>"부서명","C ","")&IF(예산판_원본!D4<>"G/L계정","D ","")&IF(예산판_원본!E4<>"계정명","E ","")&IF(예산판_원본!F4<>"분기","F ","")&IF(예산판_원본!G4<>"배정","G ","")&IF(예산판_원본!H4<>"조정","H ","")&IF(예산판_원본!I4<>"실적","I ","")&IF(예산판_원본!J4<>"잔여","J ","")) | D10: =IF(C10="일치","OK","확인필요") | E10: 4행 머리글을 표준 이름으로
A11: 5 | B11: 전표 보조수식 범위 | C11: =COUNTA(전표_원본!A5:A100000)&"행 / 보조 "&COUNTA(전표_원본!O5:O100000)&"행" | D11: =IF(COUNTA(전표_원본!O5:O100000)>=COUNTA(전표_원본!A5:A100000),"OK","확인필요") | E11: M~X열을 데이터 마지막 행까지 채우기
A12: 6 | B12: TB 보조수식 범위 | C12: =COUNTA(TB_원본!A5:A20000)&"행 / 보조 "&COUNTA(TB_원본!I5:I20000)&"행" | D12: =IF(COUNTA(TB_원본!I5:I20000)>=COUNTA(TB_원본!A5:A20000),"OK","확인필요") | E12: I~K열을 데이터 마지막 행까지 채우기
A13: 7 | B13: 예산판 보조수식 범위 | C13: =COUNTA(예산판_원본!A5:A5000)&"행 / 보조 "&COUNTA(예산판_원본!L5:L5000)&"행" | D13: =IF(COUNTA(예산판_원본!L5:L5000)>=COUNTA(예산판_원본!A5:A5000),"OK","확인필요") | E13: L~R열을 데이터 마지막 행까지 채우기
A14: 8 | B14: 기준월 전표 존재 | C14: =COUNTIF(전표_원본!$M$5:$M$100000,설정!$C$20)&"건" | D14: =IF(COUNTIF(전표_원본!$M$5:$M$100000,설정!$C$20)>0,"OK","확인필요") | E14: 기준월 전표가 들어 있는지 확인
A15: 9 | B15: 기준월 TB 존재 | C15: =COUNTIF(TB_원본!$I$5:$I$20000,설정!$C$20)&"행" | D15: =IF(COUNTIF(TB_원본!$I$5:$I$20000,설정!$C$20)>0,"OK","확인필요") | E15: 기준월 TB가 들어 있는지 확인
A16: 10 | B16: 전년 동월 전표 존재 | C16: =COUNTIF(전표_원본!$M$5:$M$100000,설정!$C$20-12)&"건" | D16: =IF(COUNTIF(전표_원본!$M$5:$M$100000,설정!$C$20-12)>0,"OK","참고") | E16: 전년동월 비교·이상치 판정에 필요 (최근 24개월 권장)
A17: 11 | B17: 미매핑 코스트센터 | C17: =COUNTIF(전표_원본!$N$5:$N$100000,"미매핑")&"건"&IF(COUNTIF(전표_원본!$N$5:$N$100000,"미매핑")>0," (예: "&INDEX(전표_원본!$G$5:$G$100000,MATCH("미매핑",전표_원본!$N$5:$N$100000,0))&")","") | D17: =IF(COUNTIF(전표_원본!$N$5:$N$100000,"미매핑")=0,"OK","확인필요") | E17: 부서매핑에 코스트센터 추가
A18: 12 | B18: 미매핑 G/L 계정 | C18: =COUNTIF(전표_원본!$W$5:$W$100000,"미매핑")&"건"&IF(COUNTIF(전표_원본!$W$5:$W$100000,"미매핑")>0," (예: "&INDEX(전표_원본!$F$5:$F$100000,MATCH("미매핑",전표_원본!$W$5:$W$100000,0))&")","") | D18: =IF(COUNTIF(전표_원본!$W$5:$W$100000,"미매핑")=0,"OK","확인필요") | E18: 계정매핑에 계정 추가
A19: 13 | B19: TB ↔ 전표 당월 대사 | C19: ="차이 "&TEXT(계정변동!L22,"#,##0.0") | D19: =IF(ABS(계정변동!L22)<0.05,"OK","확인필요") | E19: 계정변동 시트에서 차이 나는 계정 확인 (전표 추출 범위 누락 등)
A20: 14 | B20: 예산판 ↔ 전표 당분기 대사 | C20: ="차이 "&TEXT(계정변동!O22,"#,##0.0") | D20: =IF(ABS(계정변동!O22)<0.05,"OK","확인필요") | E20: 예산판 추출 시점과 전표 기간 일치 여부 확인
A21: 15 | B21: 변동분석에 없는 조합 (전표) | C21: =COUNTIFS(전표_원본!$V$5:$V$100000,"N",전표_원본!$A$5:$A$100000,설정!$C$6)&"건" | D21: =IF(COUNTIFS(전표_원본!$V$5:$V$100000,"N",전표_원본!$A$5:$A$100000,설정!$C$6)=0,"OK","확인필요") | E21: 변동분석에 부서코드·G/L 행 추가
A22: 16 | B22: 변동분석에 없는 조합 (예산판) | C22: =COUNTIFS(예산판_원본!$Q$5:$Q$5000,"N",예산판_원본!$M$5:$M$5000,설정!$C$6)&"행" | D22: =IF(COUNTIFS(예산판_원본!$Q$5:$Q$5000,"N",예산판_원본!$M$5:$M$5000,설정!$C$6)=0,"OK","확인필요") | E22: 변동분석에 부서코드·G/L 행 추가
A23: 17 | B23: 무예산 집행 | C23: =COUNTIF(변동분석!$W$7:$W$506,"무예산")&"건" | D23: =IF(COUNTIF(변동분석!$W$7:$W$506,"무예산")=0,"OK","참고") | E23: 업무상 예외 - 전용·추가 배정 여부 확인
A24: 18 | B24: 원인분석 선택 항목 | C24: =원인분석!$E$9&" · 당기 전표 "&COUNTIF(전표_원본!$Q$5:$Q$100000,"당기")&"건" | D24: =IF(COUNTIF(전표_원본!$Q$5:$Q$100000,"당기")>0,"OK","참고") | E24: 원인분석 C5~C8 선택값 확인

Sheet 리포트
A1: =설정!$C$5&" TRACE 사업비 변동 점검 ("&INT((설정!$C$20-1)/12)&"-"&TEXT(MOD(설정!$C$20-1,12)+1,"00")&")"
A2: ="단위: "&설정!$C$9&" · 전표·TB·예산판 대사: "&계정변동!$P$22&" · 자가진단: "&자가진단!$B$4
A4: 사업비 당월 | B4: 전월 대비 | C4: 전년동월 대비 | D4: 예산 부족 예상 | E4: 예산 주의 | F4: 무예산 집행
A5: =월별집계!Z6 | B5: =IF(월별집계!Y6<=0,0,월별집계!Z6/월별집계!Y6-1) | C5: =IF(월별집계!N6<=0,0,월별집계!Z6/월별집계!N6-1) | D5: =COUNTIF(변동분석!$W$7:$W$506,"부족 예상") | E5: =COUNTIF(변동분석!$W$7:$W$506,"주의") | F5: =COUNTIF(변동분석!$W$7:$W$506,"무예산")
A7: 1. 주의 대상 TOP 10
A8: 순위 | B8: 부서 | C8: 계정 | D8: 당월 | E8: 전월대비 | F8: 예산 | G8: 빠른 신호 | H8: 확인된 원인
A9: =주의대상!A6 | B9: =주의대상!B6 | C9: =주의대상!C6 | D9: =주의대상!D6 | E9: =주의대상!E6 | F9: =주의대상!G6 | G9: =주의대상!J6 | H9: =주의대상!M6
A10: =주의대상!A7 | B10: =주의대상!B7 | C10: =주의대상!C7 | D10: =주의대상!D7 | E10: =주의대상!E7 | F10: =주의대상!G7 | G10: =주의대상!J7 | H10: =주의대상!M7
A11: =주의대상!A8 | B11: =주의대상!B8 | C11: =주의대상!C8 | D11: =주의대상!D8 | E11: =주의대상!E8 | F11: =주의대상!G8 | G11: =주의대상!J8 | H11: =주의대상!M8
A12: =주의대상!A9 | B12: =주의대상!B9 | C12: =주의대상!C9 | D12: =주의대상!D9 | E12: =주의대상!E9 | F12: =주의대상!G9 | G12: =주의대상!J9 | H12: =주의대상!M9
A13: =주의대상!A10 | B13: =주의대상!B10 | C13: =주의대상!C10 | D13: =주의대상!D10 | E13: =주의대상!E10 | F13: =주의대상!G10 | G13: =주의대상!J10 | H13: =주의대상!M10
A14: =주의대상!A11 | B14: =주의대상!B11 | C14: =주의대상!C11 | D14: =주의대상!D11 | E14: =주의대상!E11 | F14: =주의대상!G11 | G14: =주의대상!J11 | H14: =주의대상!M11
A15: =주의대상!A12 | B15: =주의대상!B12 | C15: =주의대상!C12 | D15: =주의대상!D12 | E15: =주의대상!E12 | F15: =주의대상!G12 | G15: =주의대상!J12 | H15: =주의대상!M12
A16: =주의대상!A13 | B16: =주의대상!B13 | C16: =주의대상!C13 | D16: =주의대상!D13 | E16: =주의대상!E13 | F16: =주의대상!G13 | G16: =주의대상!J13 | H16: =주의대상!M13
A17: =주의대상!A14 | B17: =주의대상!B14 | C17: =주의대상!C14 | D17: =주의대상!D14 | E17: =주의대상!E14 | F17: =주의대상!G14 | G17: =주의대상!J14 | H17: =주의대상!M14
A18: =주의대상!A15 | B18: =주의대상!B15 | C18: =주의대상!C15 | D18: =주의대상!D15 | E18: =주의대상!E15 | F18: =주의대상!G15 | G18: =주의대상!J15 | H18: =주의대상!M15
A20: 2. 원인 분석 (원인분석 시트에서 선택한 항목)
A21: =원인분석!A18
A22: 순위 | B22: 패턴 | C22: 근거 강도 | D22: 설명
A23: =원인분석!A21 | B23: =원인분석!B21 | C23: =원인분석!C21 | D23: =원인분석!D21
A24: =원인분석!A22 | B24: =원인분석!B22 | C24: =원인분석!C22 | D24: =원인분석!D22
A25: =원인분석!A23 | B25: =원인분석!B23 | C25: =원인분석!C23 | D25: =원인분석!D23
A26: =원인분석!A24 | B26: =원인분석!B24 | C26: =원인분석!C24 | D26: =원인분석!D24
A28: 3. 월별 사업비 (전사, 당해 vs 전년)
K29: 월 | L29: =설정!$C$6&"년" | M29: =설정!$C$6-1&"년"
K30: 1월 | L30: =IF(1>설정!$C$7,0,SUMIFS(전표_원본!$P$5:$P$100000,전표_원본!$M$5:$M$100000,설정!$C$6*12+1)) | M30: =SUMIFS(전표_원본!$P$5:$P$100000,전표_원본!$M$5:$M$100000,(설정!$C$6-1)*12+1)
K31: 2월 | L31: =IF(2>설정!$C$7,0,SUMIFS(전표_원본!$P$5:$P$100000,전표_원본!$M$5:$M$100000,설정!$C$6*12+2)) | M31: =SUMIFS(전표_원본!$P$5:$P$100000,전표_원본!$M$5:$M$100000,(설정!$C$6-1)*12+2)
K32: 3월 | L32: =IF(3>설정!$C$7,0,SUMIFS(전표_원본!$P$5:$P$100000,전표_원본!$M$5:$M$100000,설정!$C$6*12+3)) | M32: =SUMIFS(전표_원본!$P$5:$P$100000,전표_원본!$M$5:$M$100000,(설정!$C$6-1)*12+3)
K33: 4월 | L33: =IF(4>설정!$C$7,0,SUMIFS(전표_원본!$P$5:$P$100000,전표_원본!$M$5:$M$100000,설정!$C$6*12+4)) | M33: =SUMIFS(전표_원본!$P$5:$P$100000,전표_원본!$M$5:$M$100000,(설정!$C$6-1)*12+4)
K34: 5월 | L34: =IF(5>설정!$C$7,0,SUMIFS(전표_원본!$P$5:$P$100000,전표_원본!$M$5:$M$100000,설정!$C$6*12+5)) | M34: =SUMIFS(전표_원본!$P$5:$P$100000,전표_원본!$M$5:$M$100000,(설정!$C$6-1)*12+5)
K35: 6월 | L35: =IF(6>설정!$C$7,0,SUMIFS(전표_원본!$P$5:$P$100000,전표_원본!$M$5:$M$100000,설정!$C$6*12+6)) | M35: =SUMIFS(전표_원본!$P$5:$P$100000,전표_원본!$M$5:$M$100000,(설정!$C$6-1)*12+6)
K36: 7월 | L36: =IF(7>설정!$C$7,0,SUMIFS(전표_원본!$P$5:$P$100000,전표_원본!$M$5:$M$100000,설정!$C$6*12+7)) | M36: =SUMIFS(전표_원본!$P$5:$P$100000,전표_원본!$M$5:$M$100000,(설정!$C$6-1)*12+7)
K37: 8월 | L37: =IF(8>설정!$C$7,0,SUMIFS(전표_원본!$P$5:$P$100000,전표_원본!$M$5:$M$100000,설정!$C$6*12+8)) | M37: =SUMIFS(전표_원본!$P$5:$P$100000,전표_원본!$M$5:$M$100000,(설정!$C$6-1)*12+8)
K38: 9월 | L38: =IF(9>설정!$C$7,0,SUMIFS(전표_원본!$P$5:$P$100000,전표_원본!$M$5:$M$100000,설정!$C$6*12+9)) | M38: =SUMIFS(전표_원본!$P$5:$P$100000,전표_원본!$M$5:$M$100000,(설정!$C$6-1)*12+9)
K39: 10월 | L39: =IF(10>설정!$C$7,0,SUMIFS(전표_원본!$P$5:$P$100000,전표_원본!$M$5:$M$100000,설정!$C$6*12+10)) | M39: =SUMIFS(전표_원본!$P$5:$P$100000,전표_원본!$M$5:$M$100000,(설정!$C$6-1)*12+10)
K40: 11월 | L40: =IF(11>설정!$C$7,0,SUMIFS(전표_원본!$P$5:$P$100000,전표_원본!$M$5:$M$100000,설정!$C$6*12+11)) | M40: =SUMIFS(전표_원본!$P$5:$P$100000,전표_원본!$M$5:$M$100000,(설정!$C$6-1)*12+11)
K41: 12월 | L41: =IF(12>설정!$C$7,0,SUMIFS(전표_원본!$P$5:$P$100000,전표_원본!$M$5:$M$100000,설정!$C$6*12+12)) | M41: =SUMIFS(전표_원본!$P$5:$P$100000,전표_원본!$M$5:$M$100000,(설정!$C$6-1)*12+12)

Sheet 주의대상
A1: TRACE · 주의 대상 TOP 10
A2: 점수 = 증가액(30) + 증가율(20) + 이상치(25) + 예산(25), 작은 금액은 30%로 낮춤 · 원인은 원인분석 시트 C5에 순위 입력
A3: ="기준: "&INT((설정!$C$20-1)/12)&"-"&TEXT(MOD(설정!$C$20-1,12)+1,"00")&" · 단위: "&설정!$C$9&" · 예산 부족 예상 "&COUNTIF(변동분석!$W$7:$W$506,"부족 예상")&"건 · 주의 "&COUNTIF(변동분석!$W$7:$W$506,"주의")&"건 · 무예산 "&COUNTIF(변동분석!$W$7:$W$506,"무예산")&"건"
A5: 순위 | B5: 부서 | C5: 계정 | D5: 당월 | E5: 전월 대비 | F5: 전년동월 대비 | G5: 예산판정 | H5: 부족 예상액 | I5: 소진 예상월 | J5: 빠른 신호 | K5: 점수 | L5: 키 | M5: 확인된 원인 (코멘트) | N5: 행
A6: 1 | B6: =IF($N6="","",INDEX(변동분석!$B$7:$B$506,$N6)) | C6: =IF($N6="","",INDEX(변동분석!$D$7:$D$506,$N6)) | D6: =IF($N6="","",INDEX(변동분석!$F$7:$F$506,$N6)) | E6: =IF($N6="","",INDEX(변동분석!$H$7:$H$506,$N6)) | F6: =IF($N6="","",INDEX(변동분석!$J$7:$J$506,$N6)) | G6: =IF($N6="","",INDEX(변동분석!$W$7:$W$506,$N6)) | H6: =IF($N6="","",INDEX(변동분석!$X$7:$X$506,$N6)) | I6: =IF($N6="","",INDEX(변동분석!$Y$7:$Y$506,$N6)) | J6: =IF($N6="","",INDEX(변동분석!$Z$7:$Z$506,$N6)) | K6: =IF($N6="","",INDEX(변동분석!$AA$7:$AA$506,$N6)) | L6: =IF($N6="","",INDEX(변동분석!$E$7:$E$506,$N6)) | M6: =IF($L6="","",IFERROR(INDEX(코멘트!$F$5:$F$2004,MATCH(설정!$C$6&"|"&설정!$C$7&"|"&$L6,코멘트!$I$5:$I$2004,0)),"(미확인)")) | N6: =IFERROR(MATCH(LARGE(변동분석!$AB$7:$AB$506,A6),변동분석!$AB$7:$AB$506,0),"")
A7: 2 | B7: =IF($N7="","",INDEX(변동분석!$B$7:$B$506,$N7)) | C7: =IF($N7="","",INDEX(변동분석!$D$7:$D$506,$N7)) | D7: =IF($N7="","",INDEX(변동분석!$F$7:$F$506,$N7)) | E7: =IF($N7="","",INDEX(변동분석!$H$7:$H$506,$N7)) | F7: =IF($N7="","",INDEX(변동분석!$J$7:$J$506,$N7)) | G7: =IF($N7="","",INDEX(변동분석!$W$7:$W$506,$N7)) | H7: =IF($N7="","",INDEX(변동분석!$X$7:$X$506,$N7)) | I7: =IF($N7="","",INDEX(변동분석!$Y$7:$Y$506,$N7)) | J7: =IF($N7="","",INDEX(변동분석!$Z$7:$Z$506,$N7)) | K7: =IF($N7="","",INDEX(변동분석!$AA$7:$AA$506,$N7)) | L7: =IF($N7="","",INDEX(변동분석!$E$7:$E$506,$N7)) | M7: =IF($L7="","",IFERROR(INDEX(코멘트!$F$5:$F$2004,MATCH(설정!$C$6&"|"&설정!$C$7&"|"&$L7,코멘트!$I$5:$I$2004,0)),"(미확인)")) | N7: =IFERROR(MATCH(LARGE(변동분석!$AB$7:$AB$506,A7),변동분석!$AB$7:$AB$506,0),"")
A8: 3 | B8: =IF($N8="","",INDEX(변동분석!$B$7:$B$506,$N8)) | C8: =IF($N8="","",INDEX(변동분석!$D$7:$D$506,$N8)) | D8: =IF($N8="","",INDEX(변동분석!$F$7:$F$506,$N8)) | E8: =IF($N8="","",INDEX(변동분석!$H$7:$H$506,$N8)) | F8: =IF($N8="","",INDEX(변동분석!$J$7:$J$506,$N8)) | G8: =IF($N8="","",INDEX(변동분석!$W$7:$W$506,$N8)) | H8: =IF($N8="","",INDEX(변동분석!$X$7:$X$506,$N8)) | I8: =IF($N8="","",INDEX(변동분석!$Y$7:$Y$506,$N8)) | J8: =IF($N8="","",INDEX(변동분석!$Z$7:$Z$506,$N8)) | K8: =IF($N8="","",INDEX(변동분석!$AA$7:$AA$506,$N8)) | L8: =IF($N8="","",INDEX(변동분석!$E$7:$E$506,$N8)) | M8: =IF($L8="","",IFERROR(INDEX(코멘트!$F$5:$F$2004,MATCH(설정!$C$6&"|"&설정!$C$7&"|"&$L8,코멘트!$I$5:$I$2004,0)),"(미확인)")) | N8: =IFERROR(MATCH(LARGE(변동분석!$AB$7:$AB$506,A8),변동분석!$AB$7:$AB$506,0),"")
A9: 4 | B9: =IF($N9="","",INDEX(변동분석!$B$7:$B$506,$N9)) | C9: =IF($N9="","",INDEX(변동분석!$D$7:$D$506,$N9)) | D9: =IF($N9="","",INDEX(변동분석!$F$7:$F$506,$N9)) | E9: =IF($N9="","",INDEX(변동분석!$H$7:$H$506,$N9)) | F9: =IF($N9="","",INDEX(변동분석!$J$7:$J$506,$N9)) | G9: =IF($N9="","",INDEX(변동분석!$W$7:$W$506,$N9)) | H9: =IF($N9="","",INDEX(변동분석!$X$7:$X$506,$N9)) | I9: =IF($N9="","",INDEX(변동분석!$Y$7:$Y$506,$N9)) | J9: =IF($N9="","",INDEX(변동분석!$Z$7:$Z$506,$N9)) | K9: =IF($N9="","",INDEX(변동분석!$AA$7:$AA$506,$N9)) | L9: =IF($N9="","",INDEX(변동분석!$E$7:$E$506,$N9)) | M9: =IF($L9="","",IFERROR(INDEX(코멘트!$F$5:$F$2004,MATCH(설정!$C$6&"|"&설정!$C$7&"|"&$L9,코멘트!$I$5:$I$2004,0)),"(미확인)")) | N9: =IFERROR(MATCH(LARGE(변동분석!$AB$7:$AB$506,A9),변동분석!$AB$7:$AB$506,0),"")
A10: 5 | B10: =IF($N10="","",INDEX(변동분석!$B$7:$B$506,$N10)) | C10: =IF($N10="","",INDEX(변동분석!$D$7:$D$506,$N10)) | D10: =IF($N10="","",INDEX(변동분석!$F$7:$F$506,$N10)) | E10: =IF($N10="","",INDEX(변동분석!$H$7:$H$506,$N10)) | F10: =IF($N10="","",INDEX(변동분석!$J$7:$J$506,$N10)) | G10: =IF($N10="","",INDEX(변동분석!$W$7:$W$506,$N10)) | H10: =IF($N10="","",INDEX(변동분석!$X$7:$X$506,$N10)) | I10: =IF($N10="","",INDEX(변동분석!$Y$7:$Y$506,$N10)) | J10: =IF($N10="","",INDEX(변동분석!$Z$7:$Z$506,$N10)) | K10: =IF($N10="","",INDEX(변동분석!$AA$7:$AA$506,$N10)) | L10: =IF($N10="","",INDEX(변동분석!$E$7:$E$506,$N10)) | M10: =IF($L10="","",IFERROR(INDEX(코멘트!$F$5:$F$2004,MATCH(설정!$C$6&"|"&설정!$C$7&"|"&$L10,코멘트!$I$5:$I$2004,0)),"(미확인)")) | N10: =IFERROR(MATCH(LARGE(변동분석!$AB$7:$AB$506,A10),변동분석!$AB$7:$AB$506,0),"")
A11: 6 | B11: =IF($N11="","",INDEX(변동분석!$B$7:$B$506,$N11)) | C11: =IF($N11="","",INDEX(변동분석!$D$7:$D$506,$N11)) | D11: =IF($N11="","",INDEX(변동분석!$F$7:$F$506,$N11)) | E11: =IF($N11="","",INDEX(변동분석!$H$7:$H$506,$N11)) | F11: =IF($N11="","",INDEX(변동분석!$J$7:$J$506,$N11)) | G11: =IF($N11="","",INDEX(변동분석!$W$7:$W$506,$N11)) | H11: =IF($N11="","",INDEX(변동분석!$X$7:$X$506,$N11)) | I11: =IF($N11="","",INDEX(변동분석!$Y$7:$Y$506,$N11)) | J11: =IF($N11="","",INDEX(변동분석!$Z$7:$Z$506,$N11)) | K11: =IF($N11="","",INDEX(변동분석!$AA$7:$AA$506,$N11)) | L11: =IF($N11="","",INDEX(변동분석!$E$7:$E$506,$N11)) | M11: =IF($L11="","",IFERROR(INDEX(코멘트!$F$5:$F$2004,MATCH(설정!$C$6&"|"&설정!$C$7&"|"&$L11,코멘트!$I$5:$I$2004,0)),"(미확인)")) | N11: =IFERROR(MATCH(LARGE(변동분석!$AB$7:$AB$506,A11),변동분석!$AB$7:$AB$506,0),"")
A12: 7 | B12: =IF($N12="","",INDEX(변동분석!$B$7:$B$506,$N12)) | C12: =IF($N12="","",INDEX(변동분석!$D$7:$D$506,$N12)) | D12: =IF($N12="","",INDEX(변동분석!$F$7:$F$506,$N12)) | E12: =IF($N12="","",INDEX(변동분석!$H$7:$H$506,$N12)) | F12: =IF($N12="","",INDEX(변동분석!$J$7:$J$506,$N12)) | G12: =IF($N12="","",INDEX(변동분석!$W$7:$W$506,$N12)) | H12: =IF($N12="","",INDEX(변동분석!$X$7:$X$506,$N12)) | I12: =IF($N12="","",INDEX(변동분석!$Y$7:$Y$506,$N12)) | J12: =IF($N12="","",INDEX(변동분석!$Z$7:$Z$506,$N12)) | K12: =IF($N12="","",INDEX(변동분석!$AA$7:$AA$506,$N12)) | L12: =IF($N12="","",INDEX(변동분석!$E$7:$E$506,$N12)) | M12: =IF($L12="","",IFERROR(INDEX(코멘트!$F$5:$F$2004,MATCH(설정!$C$6&"|"&설정!$C$7&"|"&$L12,코멘트!$I$5:$I$2004,0)),"(미확인)")) | N12: =IFERROR(MATCH(LARGE(변동분석!$AB$7:$AB$506,A12),변동분석!$AB$7:$AB$506,0),"")
A13: 8 | B13: =IF($N13="","",INDEX(변동분석!$B$7:$B$506,$N13)) | C13: =IF($N13="","",INDEX(변동분석!$D$7:$D$506,$N13)) | D13: =IF($N13="","",INDEX(변동분석!$F$7:$F$506,$N13)) | E13: =IF($N13="","",INDEX(변동분석!$H$7:$H$506,$N13)) | F13: =IF($N13="","",INDEX(변동분석!$J$7:$J$506,$N13)) | G13: =IF($N13="","",INDEX(변동분석!$W$7:$W$506,$N13)) | H13: =IF($N13="","",INDEX(변동분석!$X$7:$X$506,$N13)) | I13: =IF($N13="","",INDEX(변동분석!$Y$7:$Y$506,$N13)) | J13: =IF($N13="","",INDEX(변동분석!$Z$7:$Z$506,$N13)) | K13: =IF($N13="","",INDEX(변동분석!$AA$7:$AA$506,$N13)) | L13: =IF($N13="","",INDEX(변동분석!$E$7:$E$506,$N13)) | M13: =IF($L13="","",IFERROR(INDEX(코멘트!$F$5:$F$2004,MATCH(설정!$C$6&"|"&설정!$C$7&"|"&$L13,코멘트!$I$5:$I$2004,0)),"(미확인)")) | N13: =IFERROR(MATCH(LARGE(변동분석!$AB$7:$AB$506,A13),변동분석!$AB$7:$AB$506,0),"")
A14: 9 | B14: =IF($N14="","",INDEX(변동분석!$B$7:$B$506,$N14)) | C14: =IF($N14="","",INDEX(변동분석!$D$7:$D$506,$N14)) | D14: =IF($N14="","",INDEX(변동분석!$F$7:$F$506,$N14)) | E14: =IF($N14="","",INDEX(변동분석!$H$7:$H$506,$N14)) | F14: =IF($N14="","",INDEX(변동분석!$J$7:$J$506,$N14)) | G14: =IF($N14="","",INDEX(변동분석!$W$7:$W$506,$N14)) | H14: =IF($N14="","",INDEX(변동분석!$X$7:$X$506,$N14)) | I14: =IF($N14="","",INDEX(변동분석!$Y$7:$Y$506,$N14)) | J14: =IF($N14="","",INDEX(변동분석!$Z$7:$Z$506,$N14)) | K14: =IF($N14="","",INDEX(변동분석!$AA$7:$AA$506,$N14)) | L14: =IF($N14="","",INDEX(변동분석!$E$7:$E$506,$N14)) | M14: =IF($L14="","",IFERROR(INDEX(코멘트!$F$5:$F$2004,MATCH(설정!$C$6&"|"&설정!$C$7&"|"&$L14,코멘트!$I$5:$I$2004,0)),"(미확인)")) | N14: =IFERROR(MATCH(LARGE(변동분석!$AB$7:$AB$506,A14),변동분석!$AB$7:$AB$506,0),"")
A15: 10 | B15: =IF($N15="","",INDEX(변동분석!$B$7:$B$506,$N15)) | C15: =IF($N15="","",INDEX(변동분석!$D$7:$D$506,$N15)) | D15: =IF($N15="","",INDEX(변동분석!$F$7:$F$506,$N15)) | E15: =IF($N15="","",INDEX(변동분석!$H$7:$H$506,$N15)) | F15: =IF($N15="","",INDEX(변동분석!$J$7:$J$506,$N15)) | G15: =IF($N15="","",INDEX(변동분석!$W$7:$W$506,$N15)) | H15: =IF($N15="","",INDEX(변동분석!$X$7:$X$506,$N15)) | I15: =IF($N15="","",INDEX(변동분석!$Y$7:$Y$506,$N15)) | J15: =IF($N15="","",INDEX(변동분석!$Z$7:$Z$506,$N15)) | K15: =IF($N15="","",INDEX(변동분석!$AA$7:$AA$506,$N15)) | L15: =IF($N15="","",INDEX(변동분석!$E$7:$E$506,$N15)) | M15: =IF($L15="","",IFERROR(INDEX(코멘트!$F$5:$F$2004,MATCH(설정!$C$6&"|"&설정!$C$7&"|"&$L15,코멘트!$I$5:$I$2004,0)),"(미확인)")) | N15: =IFERROR(MATCH(LARGE(변동분석!$AB$7:$AB$506,A15),변동분석!$AB$7:$AB$506,0),"")

Sheet 원인분석
A1: TRACE · 원인분석 (한 항목씩)
A2: C5~C8만 입력 · 선택 항목의 증가분을 거래처·전표로 쪼개고 8가지 패턴으로 원인 후보를 만듭니다 · 금액: 보고단위
B5: 주의대상 순위 | C5: 1 | D5: 1~10 | E5: 선택 항목
B6: 비교 기준 | C6: 전월 | D6: 전월 / 전년동월 / 전분기 | E6: =IF($C$9="","(선택 없음)",IFERROR(INDEX(부서매핑!$D$5:$D$504,MATCH(LEFT($C$9,FIND("|",$C$9)-1),부서매핑!$C$5:$C$504,0)),LEFT($C$9,FIND("|",$C$9)-1))&" · "&IFERROR(INDEX(계정매핑!$B$5:$B$504,MATCH(MID($C$9,FIND("|",$C$9)+1,20),계정매핑!$A$5:$A$504,0)),MID($C$9,FIND("|",$C$9)+1,20)))
B7: 직접 지정: 부서코드 | D7: 비워두면 순위 사용 | E7: ="당기 "&INT(($C$10-1)/12)&"-"&TEXT(MOD($C$10-1,12)+1,"00")&IF($C$10<>$C$11," ~ "&INT(($C$11-1)/12)&"-"&TEXT(MOD($C$11-1,12)+1,"00"),"")&" vs 비교 "&INT(($C$12-1)/12)&"-"&TEXT(MOD($C$12-1,12)+1,"00")&IF($C$12<>$C$13," ~ "&INT(($C$13-1)/12)&"-"&TEXT(MOD($C$13-1,12)+1,"00"),"")
B8: 직접 지정: G/L 계정 | D8: 부서코드와 함께 입력
B9: (계산) 선택 키 | C9: =IF(AND(C7<>"",C8<>""),C7&"|"&C8,IFERROR(INDEX(주의대상!$L$6:$L$15,C5),"")) | E9: =E6&" ("&C6&" 대비)"
B10: (계산) 당기 시작 | C10: =IF(C6="전분기",설정!$C$22,설정!$C$20)
B11: (계산) 당기 끝 | C11: =설정!$C$20
B12: (계산) 비교 시작 | C12: =IF(C6="전월",설정!$C$20-1,IF(C6="전년동월",설정!$C$20-12,설정!$C$22-3))
B13: (계산) 비교 끝 | C13: =IF(C6="전월",설정!$C$20-1,IF(C6="전년동월",설정!$C$20-12,설정!$C$20-3))
A15: 당기 합계 | B15: 비교 합계 | C15: 증감 | D15: 증감률 | E15: 예산 판정 | F15: 부족 예상액 | G15: 소진 예상월
A16: =SUMIFS(전표_원본!$P$5:$P$100000,전표_원본!$Q$5:$Q$100000,"당기") | B16: =SUMIFS(전표_원본!$P$5:$P$100000,전표_원본!$Q$5:$Q$100000,"비교") | C16: =A16-B16 | D16: =IF(B16<=0,IF(A16>0,1,0),A16/B16-1) | E16: =IFERROR(INDEX(변동분석!$W$7:$W$506,MATCH($C$9,변동분석!$E$7:$E$506,0)),"-") | F16: =IFERROR(INDEX(변동분석!$X$7:$X$506,MATCH($C$9,변동분석!$E$7:$E$506,0)),0) | G16: =IFERROR(INDEX(변동분석!$Y$7:$Y$506,MATCH($C$9,변동분석!$E$7:$E$506,0)),"")
A18: =IF($C$9="","선택된 항목이 없습니다.",$E$6&" "&$C$6&" 대비 "&TEXT($C$16,"+#,##0.0;-#,##0.0;0")&" ("&TEXT($D$16,"+0%;-0%;0%")&"). "&IF($C$16<=0,"감소 또는 변동 없음 - 원인 후보는 증가 항목에만 만듭니다. ",$D$21&". ")&"예산: "&$E$16&IF(N($F$16)>0," (연간 "&TEXT($F$16,"#,##0.0")&" 부족 예상, "&$G$16&" 소진 예상)","")&".")
A19: 원인 후보 (근거 강도 순) | N19: 패턴 | O19: 해당 | P19: 강도 | Q19: 강도점수 | R19: 비중 | S19: 문장 | T19: 정렬키 | Y19: 보조값 | Z19: 값
A20: 순위 | B20: 패턴 | C20: 근거 강도 | D20: 설명 (근거 포함) | N20: 일회성 대형 지출 | O20: =IF(OR(Z20="",$C$16<=0),"N",IF(AND(Z21>0,Z21/$C$16>=설정!$C$14),"Y","N")) | P20: 높음 | Q20: 3 | R20: =IF(O20="Y",MIN(1,Z21/$C$16),0) | S20: =IF(O20="Y","전표 "&Z22&" ("&TEXT(Z23,"m/d")&", "&Z24&", 적요 '"&Z25&"') "&TEXT(Z21,"#,##0.0")&"이 증가분의 "&TEXT(R20,"0%")&". 일회성 지출 가능성","") | T20: =IF(O20="Y",Q20*10+R20+ROW()/1000000,-1) | Y20: 최대 단건 위치 | Z20: =IFERROR(MATCH(LARGE(전표_원본!$T$5:$T$100000,1),전표_원본!$T$5:$T$100000,0),"")
A21: 1 | B21: =IF($K21="",IF(1=1,"뚜렷한 패턴 없음",""),INDEX($N$20:$N$27,$K21)) | C21: =IF($K21="","",INDEX($P$20:$P$27,$K21)) | D21: =IF($K21="",IF(1=1,"근거 전표 목록을 직접 확인하세요",""),INDEX($S$20:$S$27,$K21)) | K21: =IF(LARGE($T$20:$T$27,1)<0,"",MATCH(LARGE($T$20:$T$27,1),$T$20:$T$27,0)) | N21: 신규 거래처 | O21: =IF($C$16<=0,"N",IF(Z42/$C$16>=설정!$C$15,"Y","N")) | P21: 중간 | Q21: 2 | R21: =IF(O21="Y",MIN(1,Z42/$C$16),0) | S21: =IF(O21="Y","최근 12개월 거래가 없던 거래처("&Z44&IF(Z43>1," 등 "&Z43&"곳","")&")가 증가분의 "&TEXT(R21,"0%")&". 신규 계약·거래 개시 가능성","") | T21: =IF(O21="Y",Q21*10+R21+ROW()/1000000,-1) | Y21: 최대 단건 금액 | Z21: =IF(Z20="","",INDEX(전표_원본!$P$5:$P$100000,Z20))
A22: 2 | B22: =IF($K22="",IF(2=1,"뚜렷한 패턴 없음",""),INDEX($N$20:$N$27,$K22)) | C22: =IF($K22="","",INDEX($P$20:$P$27,$K22)) | D22: =IF($K22="",IF(2=1,"근거 전표 목록을 직접 확인하세요",""),INDEX($S$20:$S$27,$K22)) | K22: =IF(LARGE($T$20:$T$27,2)<0,"",MATCH(LARGE($T$20:$T$27,2),$T$20:$T$27,0)) | N22: 단가 인상 | O22: =IF(OR($C$16<=0,$A$32=""),"N",IF(AND($I$32="N",$F$32=$G$32,$G$32>0,$C$32>0),IF($D$32/$C$32>=설정!$C$18,"Y","N"),"N")) | P22: 중간 | Q22: 2 | R22: =IF(O22="Y",MIN(1,$D$32/$C$16),0) | S22: =IF(O22="Y","같은 건수("&$F$32&"건)로 "&$A$32&" 금액이 "&TEXT(IF($C$32>0,$D$32/$C$32,0),"0%")&" 상승. 단가·계약 조건 변경 가능성 (최근 몇 달 추이 확인)","") | T22: =IF(O22="Y",Q22*10+R22+ROW()/1000000,-1) | Y22: 전표번호 | Z22: =IF(Z20="","",INDEX(전표_원본!$C$5:$C$100000,Z20))
A23: 3 | B23: =IF($K23="",IF(3=1,"뚜렷한 패턴 없음",""),INDEX($N$20:$N$27,$K23)) | C23: =IF($K23="","",INDEX($P$20:$P$27,$K23)) | D23: =IF($K23="",IF(3=1,"근거 전표 목록을 직접 확인하세요",""),INDEX($S$20:$S$27,$K23)) | K23: =IF(LARGE($T$20:$T$27,3)<0,"",MATCH(LARGE($T$20:$T$27,3),$T$20:$T$27,0)) | N23: 계상 시점 이동 | O23: =IF(AND(Z29>0,Z28<0.5*Z29,Z27>1.5*Z29),"Y","N") | P23: 중간 | Q23: 2 | R23: =IF(O23="Y",0.5,0) | S23: =IF(O23="Y","전월 "&TEXT(Z28,"#,##0.0")&" (직전 3개월 평균 "&TEXT(Z29,"#,##0.0")&") → 당월 "&TEXT(Z27,"#,##0.0")&". 전월에 계상될 금액이 당월로 넘어왔을 가능성","") | T23: =IF(O23="Y",Q23*10+R23+ROW()/1000000,-1) | Y23: 전기일 | Z23: =IF(Z20="","",INDEX(전표_원본!$D$5:$D$100000,Z20))
A24: 4 | B24: =IF($K24="",IF(4=1,"뚜렷한 패턴 없음",""),INDEX($N$20:$N$27,$K24)) | C24: =IF($K24="","",INDEX($P$20:$P$27,$K24)) | D24: =IF($K24="",IF(4=1,"근거 전표 목록을 직접 확인하세요",""),INDEX($S$20:$S$27,$K24)) | K24: =IF(LARGE($T$20:$T$27,4)<0,"",MATCH(LARGE($T$20:$T$27,4),$T$20:$T$27,0)) | N24: 정정 · 역분개 | O24: =IF(Z30>0,"Y","N") | P24: 높음 | Q24: 3 | R24: =IF(O24="Y",MIN(1,ABS(Z31)/MAX(ABS($C$16),0.000001)),0) | S24: =IF(O24="Y","음수(정정·역분개) 전표 "&Z30&"건, 합계 "&TEXT(Z31,"#,##0.0")&". 정정 전후 순액 기준으로 다시 확인","") | T24: =IF(O24="Y",Q24*10+R24+ROW()/1000000,-1) | Y24: 거래처 | Z24: =IF(Z20="","",INDEX(전표_원본!$K$5:$K$100000,Z20))
A25: 5 | B25: =IF($K25="",IF(5=1,"뚜렷한 패턴 없음",""),INDEX($N$20:$N$27,$K25)) | C25: =IF($K25="","",INDEX($P$20:$P$27,$K25)) | D25: =IF($K25="",IF(5=1,"근거 전표 목록을 직접 확인하세요",""),INDEX($S$20:$S$27,$K25)) | K25: =IF(LARGE($T$20:$T$27,5)<0,"",MATCH(LARGE($T$20:$T$27,5),$T$20:$T$27,0)) | N25: 재분류 (수기 대체) | O25: =IF($C$16<=0,"N",IF(Z32/$C$16>=설정!$C$16,"Y","N")) | P25: 높음 | Q25: 3 | R25: =IF(O25="Y",MIN(1,Z32/$C$16),0) | S25: =IF(O25="Y","수기 대체전표(SA) 순증 "&TEXT(Z32,"#,##0.0")&"이 증가분의 "&TEXT(R25,"0%")&". 다른 부서·계정에서 이관됐을 가능성 (적요: '"&Z33&"')","") | T25: =IF(O25="Y",Q25*10+R25+ROW()/1000000,-1) | Y25: 적요 | Z25: =IF(Z20="","",INDEX(전표_원본!$I$5:$I$100000,Z20))
A26: 6 | B26: =IF($K26="",IF(6=1,"뚜렷한 패턴 없음",""),INDEX($N$20:$N$27,$K26)) | C26: =IF($K26="","",INDEX($P$20:$P$27,$K26)) | D26: =IF($K26="",IF(6=1,"근거 전표 목록을 직접 확인하세요",""),INDEX($S$20:$S$27,$K26)) | K26: =IF(LARGE($T$20:$T$27,6)<0,"",MATCH(LARGE($T$20:$T$27,6),$T$20:$T$27,0)) | N26: 적요 키워드 | O26: =IF(OR($C$16<=0,Z35=""),"N",IF(Z34>=설정!$C$17,"Y","N")) | P26: 중간 | Q26: 2 | R26: =IF(O26="Y",MIN(1,Z34),0) | S26: =IF(O26="Y",IF(Z35="","",INDEX(키워드사전!$A$5:$A$19,Z35)&": 적요에 '"&INDEX(키워드사전!$B$5:$B$19,Z35)&IF(INDEX(키워드사전!$C$5:$C$19,Z35)<>"","·"&INDEX(키워드사전!$C$5:$C$19,Z35),"")&IF(INDEX(키워드사전!$D$5:$D$19,Z35)<>"","·"&INDEX(키워드사전!$D$5:$D$19,Z35),"")&"' 등이 있는 전표 "&TEXT(INDEX(키워드사전!$H$5:$H$19,Z35),"#,##0.0")&" (증가분의 "&TEXT(Z34,"0%")&"). "&INDEX(키워드사전!$G$5:$G$19,Z35)),"") | T26: =IF(O26="Y",Q26*10+R26+ROW()/1000000,-1) | Y26: 월별집계 행 | Z26: =IFERROR(MATCH($C$9,월별집계!$A$7:$A$506,0),"")
A27: 7 | B27: =IF($K27="",IF(7=1,"뚜렷한 패턴 없음",""),INDEX($N$20:$N$27,$K27)) | C27: =IF($K27="","",INDEX($P$20:$P$27,$K27)) | D27: =IF($K27="",IF(7=1,"근거 전표 목록을 직접 확인하세요",""),INDEX($S$20:$S$27,$K27)) | K27: =IF(LARGE($T$20:$T$27,7)<0,"",MATCH(LARGE($T$20:$T$27,7),$T$20:$T$27,0)) | N27: 물량 vs 단가 | O27: =IF(AND($C$16>0,Z36>0,Z37>0),"Y","N") | P27: 참고 | Q27: 1 | R27: =0 | S27: =IF(O27="Y","건수 "&Z37&"→"&Z36&" ("&TEXT(Z36/MAX(Z37,1)-1,"+0%;-0%;0%")&"), 건당 "&TEXT(Z41,"#,##0.0")&"→"&TEXT(Z40,"#,##0.0")&". "&IF(ABS((Z36-Z37)*Z41)>=ABS((Z40-Z41)*Z36),"건수(물량) 증가","건당 금액(단가) 상승")&" 영향이 더 큼","") | T27: =IF(O27="Y",Q27*10+R27+ROW()/1000000,-1) | Y27: 당월 (기준월) | Z27: =IF(Z26="",0,INDEX(월별집계!$Z$7:$Z$506,Z26))
A28: 8 | B28: =IF($K28="",IF(8=1,"뚜렷한 패턴 없음",""),INDEX($N$20:$N$27,$K28)) | C28: =IF($K28="","",INDEX($P$20:$P$27,$K28)) | D28: =IF($K28="",IF(8=1,"근거 전표 목록을 직접 확인하세요",""),INDEX($S$20:$S$27,$K28)) | K28: =IF(LARGE($T$20:$T$27,8)<0,"",MATCH(LARGE($T$20:$T$27,8),$T$20:$T$27,0)) | Y28: 전월 | Z28: =IF(Z26="",0,INDEX(월별집계!$Y$7:$Y$506,Z26))
Y29: 직전3개월 평균 (전월 제외) | Z29: =IF(Z26="",0,(INDEX(월별집계!$V$7:$V$506,Z26)+INDEX(월별집계!$W$7:$W$506,Z26)+INDEX(월별집계!$X$7:$X$506,Z26))/3)
A30: 거래처별 증감 분해 (증가 큰 순) | Y30: 음수 전표 건수 | Z30: =COUNTIFS(전표_원본!$Q$5:$Q$100000,"당기",전표_원본!$P$5:$P$100000,"<0")
A31: 거래처 | B31: 당기 | C31: 비교 | D31: 증감 | E31: 증가분 기여율 | F31: 당기 건수 | G31: 비교 건수 | H31: 당기 최대 단건 | I31: 신규 거래처 | N31: 첫등장행 | O31: 거래처 | P31: 당기 | Q31: 비교 | R31: 증감 | S31: 당기건수 | T31: 비교건수 | U31: 최대단건 | V31: 신규 | W31: 정렬키 | Y31: 음수 전표 합계 | Z31: =SUMIFS(전표_원본!$P$5:$P$100000,전표_원본!$Q$5:$Q$100000,"당기",전표_원본!$P$5:$P$100000,"<0")
A32: =IF($K32="","",INDEX($O$32:$O$46,$K32)) | B32: =IF($K32="","",INDEX($P$32:$P$46,$K32)) | C32: =IF($K32="","",INDEX($Q$32:$Q$46,$K32)) | D32: =IF($K32="","",INDEX($R$32:$R$46,$K32)) | E32: =IF(OR($K32="",$C$16<=0),"",D32/$C$16) | F32: =IF($K32="","",INDEX($S$32:$S$46,$K32)) | G32: =IF($K32="","",INDEX($T$32:$T$46,$K32)) | H32: =IF($K32="","",INDEX($U$32:$U$46,$K32)) | I32: =IF($K32="","",INDEX($V$32:$V$46,$K32)) | K32: =IF(COUNT($W$32:$W$46)<1,"",MATCH(LARGE($W$32:$W$46,1),$W$32:$W$46,0)) | N32: =IFERROR(SMALL(전표_원본!$S$5:$S$100000,1),"") | O32: =IF(N32="","",INDEX(전표_원본!$K$1:$K$100000,N32)) | P32: =IF(O32="","",SUMIFS(전표_원본!$P$5:$P$100000,전표_원본!$Q$5:$Q$100000,"당기",전표_원본!$R$5:$R$100000,O32)) | Q32: =IF(O32="","",SUMIFS(전표_원본!$P$5:$P$100000,전표_원본!$Q$5:$Q$100000,"비교",전표_원본!$R$5:$R$100000,O32)) | R32: =IF(O32="","",P32-Q32) | S32: =IF(O32="","",COUNTIFS(전표_원본!$Q$5:$Q$100000,"당기",전표_원본!$R$5:$R$100000,O32,전표_원본!$P$5:$P$100000,">0")) | T32: =IF(O32="","",COUNTIFS(전표_원본!$Q$5:$Q$100000,"비교",전표_원본!$R$5:$R$100000,O32,전표_원본!$P$5:$P$100000,">0")) | U32: =IF(O32="","",SUMPRODUCT(MAX((전표_원본!$Q$5:$Q$100000="당기")*(전표_원본!$R$5:$R$100000=O32)*전표_원본!$P$5:$P$100000))) | V32: =IF(O32="","",IF(LEFT(O32,1)="(","N",IF(COUNTIFS(전표_원본!$O$5:$O$100000,$C$9,전표_원본!$K$5:$K$100000,O32,전표_원본!$M$5:$M$100000,">="&($C$10-12),전표_원본!$M$5:$M$100000,"<"&$C$10)=0,"Y","N"))) | W32: =IF(O32="","",R32+ROW()/1000000) | Y32: SA 순증 | Z32: =SUMIFS(전표_원본!$P$5:$P$100000,전표_원본!$Q$5:$Q$100000,"당기",전표_원본!$E$5:$E$100000,"SA")-SUMIFS(전표_원본!$P$5:$P$100000,전표_원본!$Q$5:$Q$100000,"비교",전표_원본!$E$5:$E$100000,"SA")
A33: =IF($K33="","",INDEX($O$32:$O$46,$K33)) | B33: =IF($K33="","",INDEX($P$32:$P$46,$K33)) | C33: =IF($K33="","",INDEX($Q$32:$Q$46,$K33)) | D33: =IF($K33="","",INDEX($R$32:$R$46,$K33)) | E33: =IF(OR($K33="",$C$16<=0),"",D33/$C$16) | F33: =IF($K33="","",INDEX($S$32:$S$46,$K33)) | G33: =IF($K33="","",INDEX($T$32:$T$46,$K33)) | H33: =IF($K33="","",INDEX($U$32:$U$46,$K33)) | I33: =IF($K33="","",INDEX($V$32:$V$46,$K33)) | K33: =IF(COUNT($W$32:$W$46)<2,"",MATCH(LARGE($W$32:$W$46,2),$W$32:$W$46,0)) | N33: =IFERROR(SMALL(전표_원본!$S$5:$S$100000,2),"") | O33: =IF(N33="","",INDEX(전표_원본!$K$1:$K$100000,N33)) | P33: =IF(O33="","",SUMIFS(전표_원본!$P$5:$P$100000,전표_원본!$Q$5:$Q$100000,"당기",전표_원본!$R$5:$R$100000,O33)) | Q33: =IF(O33="","",SUMIFS(전표_원본!$P$5:$P$100000,전표_원본!$Q$5:$Q$100000,"비교",전표_원본!$R$5:$R$100000,O33)) | R33: =IF(O33="","",P33-Q33) | S33: =IF(O33="","",COUNTIFS(전표_원본!$Q$5:$Q$100000,"당기",전표_원본!$R$5:$R$100000,O33,전표_원본!$P$5:$P$100000,">0")) | T33: =IF(O33="","",COUNTIFS(전표_원본!$Q$5:$Q$100000,"비교",전표_원본!$R$5:$R$100000,O33,전표_원본!$P$5:$P$100000,">0")) | U33: =IF(O33="","",SUMPRODUCT(MAX((전표_원본!$Q$5:$Q$100000="당기")*(전표_원본!$R$5:$R$100000=O33)*전표_원본!$P$5:$P$100000))) | V33: =IF(O33="","",IF(LEFT(O33,1)="(","N",IF(COUNTIFS(전표_원본!$O$5:$O$100000,$C$9,전표_원본!$K$5:$K$100000,O33,전표_원본!$M$5:$M$100000,">="&($C$10-12),전표_원본!$M$5:$M$100000,"<"&$C$10)=0,"Y","N"))) | W33: =IF(O33="","",R33+ROW()/1000000) | Y33: SA 첫 적요 | Z33: =IFERROR(INDEX(전표_원본!$I$5:$I$100000,MATCH(1,INDEX((전표_원본!$Q$5:$Q$100000="당기")*(전표_원본!$E$5:$E$100000="SA"),0),0)),"")
A34: =IF($K34="","",INDEX($O$32:$O$46,$K34)) | B34: =IF($K34="","",INDEX($P$32:$P$46,$K34)) | C34: =IF($K34="","",INDEX($Q$32:$Q$46,$K34)) | D34: =IF($K34="","",INDEX($R$32:$R$46,$K34)) | E34: =IF(OR($K34="",$C$16<=0),"",D34/$C$16) | F34: =IF($K34="","",INDEX($S$32:$S$46,$K34)) | G34: =IF($K34="","",INDEX($T$32:$T$46,$K34)) | H34: =IF($K34="","",INDEX($U$32:$U$46,$K34)) | I34: =IF($K34="","",INDEX($V$32:$V$46,$K34)) | K34: =IF(COUNT($W$32:$W$46)<3,"",MATCH(LARGE($W$32:$W$46,3),$W$32:$W$46,0)) | N34: =IFERROR(SMALL(전표_원본!$S$5:$S$100000,3),"") | O34: =IF(N34="","",INDEX(전표_원본!$K$1:$K$100000,N34)) | P34: =IF(O34="","",SUMIFS(전표_원본!$P$5:$P$100000,전표_원본!$Q$5:$Q$100000,"당기",전표_원본!$R$5:$R$100000,O34)) | Q34: =IF(O34="","",SUMIFS(전표_원본!$P$5:$P$100000,전표_원본!$Q$5:$Q$100000,"비교",전표_원본!$R$5:$R$100000,O34)) | R34: =IF(O34="","",P34-Q34) | S34: =IF(O34="","",COUNTIFS(전표_원본!$Q$5:$Q$100000,"당기",전표_원본!$R$5:$R$100000,O34,전표_원본!$P$5:$P$100000,">0")) | T34: =IF(O34="","",COUNTIFS(전표_원본!$Q$5:$Q$100000,"비교",전표_원본!$R$5:$R$100000,O34,전표_원본!$P$5:$P$100000,">0")) | U34: =IF(O34="","",SUMPRODUCT(MAX((전표_원본!$Q$5:$Q$100000="당기")*(전표_원본!$R$5:$R$100000=O34)*전표_원본!$P$5:$P$100000))) | V34: =IF(O34="","",IF(LEFT(O34,1)="(","N",IF(COUNTIFS(전표_원본!$O$5:$O$100000,$C$9,전표_원본!$K$5:$K$100000,O34,전표_원본!$M$5:$M$100000,">="&($C$10-12),전표_원본!$M$5:$M$100000,"<"&$C$10)=0,"Y","N"))) | W34: =IF(O34="","",R34+ROW()/1000000) | Y34: 키워드 최대 비중 | Z34: =IF(COUNT(키워드사전!$I$5:$I$19)=0,0,MAX(키워드사전!$I$5:$I$19))
A35: =IF($K35="","",INDEX($O$32:$O$46,$K35)) | B35: =IF($K35="","",INDEX($P$32:$P$46,$K35)) | C35: =IF($K35="","",INDEX($Q$32:$Q$46,$K35)) | D35: =IF($K35="","",INDEX($R$32:$R$46,$K35)) | E35: =IF(OR($K35="",$C$16<=0),"",D35/$C$16) | F35: =IF($K35="","",INDEX($S$32:$S$46,$K35)) | G35: =IF($K35="","",INDEX($T$32:$T$46,$K35)) | H35: =IF($K35="","",INDEX($U$32:$U$46,$K35)) | I35: =IF($K35="","",INDEX($V$32:$V$46,$K35)) | K35: =IF(COUNT($W$32:$W$46)<4,"",MATCH(LARGE($W$32:$W$46,4),$W$32:$W$46,0)) | N35: =IFERROR(SMALL(전표_원본!$S$5:$S$100000,4),"") | O35: =IF(N35="","",INDEX(전표_원본!$K$1:$K$100000,N35)) | P35: =IF(O35="","",SUMIFS(전표_원본!$P$5:$P$100000,전표_원본!$Q$5:$Q$100000,"당기",전표_원본!$R$5:$R$100000,O35)) | Q35: =IF(O35="","",SUMIFS(전표_원본!$P$5:$P$100000,전표_원본!$Q$5:$Q$100000,"비교",전표_원본!$R$5:$R$100000,O35)) | R35: =IF(O35="","",P35-Q35) | S35: =IF(O35="","",COUNTIFS(전표_원본!$Q$5:$Q$100000,"당기",전표_원본!$R$5:$R$100000,O35,전표_원본!$P$5:$P$100000,">0")) | T35: =IF(O35="","",COUNTIFS(전표_원본!$Q$5:$Q$100000,"비교",전표_원본!$R$5:$R$100000,O35,전표_원본!$P$5:$P$100000,">0")) | U35: =IF(O35="","",SUMPRODUCT(MAX((전표_원본!$Q$5:$Q$100000="당기")*(전표_원본!$R$5:$R$100000=O35)*전표_원본!$P$5:$P$100000))) | V35: =IF(O35="","",IF(LEFT(O35,1)="(","N",IF(COUNTIFS(전표_원본!$O$5:$O$100000,$C$9,전표_원본!$K$5:$K$100000,O35,전표_원본!$M$5:$M$100000,">="&($C$10-12),전표_원본!$M$5:$M$100000,"<"&$C$10)=0,"Y","N"))) | W35: =IF(O35="","",R35+ROW()/1000000) | Y35: 키워드 유형 행 | Z35: =IF(Z34<=0,"",MATCH(Z34,키워드사전!$I$5:$I$19,0))
A36: =IF($K36="","",INDEX($O$32:$O$46,$K36)) | B36: =IF($K36="","",INDEX($P$32:$P$46,$K36)) | C36: =IF($K36="","",INDEX($Q$32:$Q$46,$K36)) | D36: =IF($K36="","",INDEX($R$32:$R$46,$K36)) | E36: =IF(OR($K36="",$C$16<=0),"",D36/$C$16) | F36: =IF($K36="","",INDEX($S$32:$S$46,$K36)) | G36: =IF($K36="","",INDEX($T$32:$T$46,$K36)) | H36: =IF($K36="","",INDEX($U$32:$U$46,$K36)) | I36: =IF($K36="","",INDEX($V$32:$V$46,$K36)) | K36: =IF(COUNT($W$32:$W$46)<5,"",MATCH(LARGE($W$32:$W$46,5),$W$32:$W$46,0)) | N36: =IFERROR(SMALL(전표_원본!$S$5:$S$100000,5),"") | O36: =IF(N36="","",INDEX(전표_원본!$K$1:$K$100000,N36)) | P36: =IF(O36="","",SUMIFS(전표_원본!$P$5:$P$100000,전표_원본!$Q$5:$Q$100000,"당기",전표_원본!$R$5:$R$100000,O36)) | Q36: =IF(O36="","",SUMIFS(전표_원본!$P$5:$P$100000,전표_원본!$Q$5:$Q$100000,"비교",전표_원본!$R$5:$R$100000,O36)) | R36: =IF(O36="","",P36-Q36) | S36: =IF(O36="","",COUNTIFS(전표_원본!$Q$5:$Q$100000,"당기",전표_원본!$R$5:$R$100000,O36,전표_원본!$P$5:$P$100000,">0")) | T36: =IF(O36="","",COUNTIFS(전표_원본!$Q$5:$Q$100000,"비교",전표_원본!$R$5:$R$100000,O36,전표_원본!$P$5:$P$100000,">0")) | U36: =IF(O36="","",SUMPRODUCT(MAX((전표_원본!$Q$5:$Q$100000="당기")*(전표_원본!$R$5:$R$100000=O36)*전표_원본!$P$5:$P$100000))) | V36: =IF(O36="","",IF(LEFT(O36,1)="(","N",IF(COUNTIFS(전표_원본!$O$5:$O$100000,$C$9,전표_원본!$K$5:$K$100000,O36,전표_원본!$M$5:$M$100000,">="&($C$10-12),전표_원본!$M$5:$M$100000,"<"&$C$10)=0,"Y","N"))) | W36: =IF(O36="","",R36+ROW()/1000000) | Y36: 당기 건수 (+) | Z36: =COUNTIFS(전표_원본!$Q$5:$Q$100000,"당기",전표_원본!$P$5:$P$100000,">0")
A37: =IF($K37="","",INDEX($O$32:$O$46,$K37)) | B37: =IF($K37="","",INDEX($P$32:$P$46,$K37)) | C37: =IF($K37="","",INDEX($Q$32:$Q$46,$K37)) | D37: =IF($K37="","",INDEX($R$32:$R$46,$K37)) | E37: =IF(OR($K37="",$C$16<=0),"",D37/$C$16) | F37: =IF($K37="","",INDEX($S$32:$S$46,$K37)) | G37: =IF($K37="","",INDEX($T$32:$T$46,$K37)) | H37: =IF($K37="","",INDEX($U$32:$U$46,$K37)) | I37: =IF($K37="","",INDEX($V$32:$V$46,$K37)) | K37: =IF(COUNT($W$32:$W$46)<6,"",MATCH(LARGE($W$32:$W$46,6),$W$32:$W$46,0)) | N37: =IFERROR(SMALL(전표_원본!$S$5:$S$100000,6),"") | O37: =IF(N37="","",INDEX(전표_원본!$K$1:$K$100000,N37)) | P37: =IF(O37="","",SUMIFS(전표_원본!$P$5:$P$100000,전표_원본!$Q$5:$Q$100000,"당기",전표_원본!$R$5:$R$100000,O37)) | Q37: =IF(O37="","",SUMIFS(전표_원본!$P$5:$P$100000,전표_원본!$Q$5:$Q$100000,"비교",전표_원본!$R$5:$R$100000,O37)) | R37: =IF(O37="","",P37-Q37) | S37: =IF(O37="","",COUNTIFS(전표_원본!$Q$5:$Q$100000,"당기",전표_원본!$R$5:$R$100000,O37,전표_원본!$P$5:$P$100000,">0")) | T37: =IF(O37="","",COUNTIFS(전표_원본!$Q$5:$Q$100000,"비교",전표_원본!$R$5:$R$100000,O37,전표_원본!$P$5:$P$100000,">0")) | U37: =IF(O37="","",SUMPRODUCT(MAX((전표_원본!$Q$5:$Q$100000="당기")*(전표_원본!$R$5:$R$100000=O37)*전표_원본!$P$5:$P$100000))) | V37: =IF(O37="","",IF(LEFT(O37,1)="(","N",IF(COUNTIFS(전표_원본!$O$5:$O$100000,$C$9,전표_원본!$K$5:$K$100000,O37,전표_원본!$M$5:$M$100000,">="&($C$10-12),전표_원본!$M$5:$M$100000,"<"&$C$10)=0,"Y","N"))) | W37: =IF(O37="","",R37+ROW()/1000000) | Y37: 비교 건수 (+) | Z37: =COUNTIFS(전표_원본!$Q$5:$Q$100000,"비교",전표_원본!$P$5:$P$100000,">0")
A38: =IF($K38="","",INDEX($O$32:$O$46,$K38)) | B38: =IF($K38="","",INDEX($P$32:$P$46,$K38)) | C38: =IF($K38="","",INDEX($Q$32:$Q$46,$K38)) | D38: =IF($K38="","",INDEX($R$32:$R$46,$K38)) | E38: =IF(OR($K38="",$C$16<=0),"",D38/$C$16) | F38: =IF($K38="","",INDEX($S$32:$S$46,$K38)) | G38: =IF($K38="","",INDEX($T$32:$T$46,$K38)) | H38: =IF($K38="","",INDEX($U$32:$U$46,$K38)) | I38: =IF($K38="","",INDEX($V$32:$V$46,$K38)) | K38: =IF(COUNT($W$32:$W$46)<7,"",MATCH(LARGE($W$32:$W$46,7),$W$32:$W$46,0)) | N38: =IFERROR(SMALL(전표_원본!$S$5:$S$100000,7),"") | O38: =IF(N38="","",INDEX(전표_원본!$K$1:$K$100000,N38)) | P38: =IF(O38="","",SUMIFS(전표_원본!$P$5:$P$100000,전표_원본!$Q$5:$Q$100000,"당기",전표_원본!$R$5:$R$100000,O38)) | Q38: =IF(O38="","",SUMIFS(전표_원본!$P$5:$P$100000,전표_원본!$Q$5:$Q$100000,"비교",전표_원본!$R$5:$R$100000,O38)) | R38: =IF(O38="","",P38-Q38) | S38: =IF(O38="","",COUNTIFS(전표_원본!$Q$5:$Q$100000,"당기",전표_원본!$R$5:$R$100000,O38,전표_원본!$P$5:$P$100000,">0")) | T38: =IF(O38="","",COUNTIFS(전표_원본!$Q$5:$Q$100000,"비교",전표_원본!$R$5:$R$100000,O38,전표_원본!$P$5:$P$100000,">0")) | U38: =IF(O38="","",SUMPRODUCT(MAX((전표_원본!$Q$5:$Q$100000="당기")*(전표_원본!$R$5:$R$100000=O38)*전표_원본!$P$5:$P$100000))) | V38: =IF(O38="","",IF(LEFT(O38,1)="(","N",IF(COUNTIFS(전표_원본!$O$5:$O$100000,$C$9,전표_원본!$K$5:$K$100000,O38,전표_원본!$M$5:$M$100000,">="&($C$10-12),전표_원본!$M$5:$M$100000,"<"&$C$10)=0,"Y","N"))) | W38: =IF(O38="","",R38+ROW()/1000000) | Y38: 당기 금액 (+) | Z38: =SUMIFS(전표_원본!$P$5:$P$100000,전표_원본!$Q$5:$Q$100000,"당기",전표_원본!$P$5:$P$100000,">0")
A39: =IF($K39="","",INDEX($O$32:$O$46,$K39)) | B39: =IF($K39="","",INDEX($P$32:$P$46,$K39)) | C39: =IF($K39="","",INDEX($Q$32:$Q$46,$K39)) | D39: =IF($K39="","",INDEX($R$32:$R$46,$K39)) | E39: =IF(OR($K39="",$C$16<=0),"",D39/$C$16) | F39: =IF($K39="","",INDEX($S$32:$S$46,$K39)) | G39: =IF($K39="","",INDEX($T$32:$T$46,$K39)) | H39: =IF($K39="","",INDEX($U$32:$U$46,$K39)) | I39: =IF($K39="","",INDEX($V$32:$V$46,$K39)) | K39: =IF(COUNT($W$32:$W$46)<8,"",MATCH(LARGE($W$32:$W$46,8),$W$32:$W$46,0)) | N39: =IFERROR(SMALL(전표_원본!$S$5:$S$100000,8),"") | O39: =IF(N39="","",INDEX(전표_원본!$K$1:$K$100000,N39)) | P39: =IF(O39="","",SUMIFS(전표_원본!$P$5:$P$100000,전표_원본!$Q$5:$Q$100000,"당기",전표_원본!$R$5:$R$100000,O39)) | Q39: =IF(O39="","",SUMIFS(전표_원본!$P$5:$P$100000,전표_원본!$Q$5:$Q$100000,"비교",전표_원본!$R$5:$R$100000,O39)) | R39: =IF(O39="","",P39-Q39) | S39: =IF(O39="","",COUNTIFS(전표_원본!$Q$5:$Q$100000,"당기",전표_원본!$R$5:$R$100000,O39,전표_원본!$P$5:$P$100000,">0")) | T39: =IF(O39="","",COUNTIFS(전표_원본!$Q$5:$Q$100000,"비교",전표_원본!$R$5:$R$100000,O39,전표_원본!$P$5:$P$100000,">0")) | U39: =IF(O39="","",SUMPRODUCT(MAX((전표_원본!$Q$5:$Q$100000="당기")*(전표_원본!$R$5:$R$100000=O39)*전표_원본!$P$5:$P$100000))) | V39: =IF(O39="","",IF(LEFT(O39,1)="(","N",IF(COUNTIFS(전표_원본!$O$5:$O$100000,$C$9,전표_원본!$K$5:$K$100000,O39,전표_원본!$M$5:$M$100000,">="&($C$10-12),전표_원본!$M$5:$M$100000,"<"&$C$10)=0,"Y","N"))) | W39: =IF(O39="","",R39+ROW()/1000000) | Y39: 비교 금액 (+) | Z39: =SUMIFS(전표_원본!$P$5:$P$100000,전표_원본!$Q$5:$Q$100000,"비교",전표_원본!$P$5:$P$100000,">0")
A40: =IF($K40="","",INDEX($O$32:$O$46,$K40)) | B40: =IF($K40="","",INDEX($P$32:$P$46,$K40)) | C40: =IF($K40="","",INDEX($Q$32:$Q$46,$K40)) | D40: =IF($K40="","",INDEX($R$32:$R$46,$K40)) | E40: =IF(OR($K40="",$C$16<=0),"",D40/$C$16) | F40: =IF($K40="","",INDEX($S$32:$S$46,$K40)) | G40: =IF($K40="","",INDEX($T$32:$T$46,$K40)) | H40: =IF($K40="","",INDEX($U$32:$U$46,$K40)) | I40: =IF($K40="","",INDEX($V$32:$V$46,$K40)) | K40: =IF(COUNT($W$32:$W$46)<9,"",MATCH(LARGE($W$32:$W$46,9),$W$32:$W$46,0)) | N40: =IFERROR(SMALL(전표_원본!$S$5:$S$100000,9),"") | O40: =IF(N40="","",INDEX(전표_원본!$K$1:$K$100000,N40)) | P40: =IF(O40="","",SUMIFS(전표_원본!$P$5:$P$100000,전표_원본!$Q$5:$Q$100000,"당기",전표_원본!$R$5:$R$100000,O40)) | Q40: =IF(O40="","",SUMIFS(전표_원본!$P$5:$P$100000,전표_원본!$Q$5:$Q$100000,"비교",전표_원본!$R$5:$R$100000,O40)) | R40: =IF(O40="","",P40-Q40) | S40: =IF(O40="","",COUNTIFS(전표_원본!$Q$5:$Q$100000,"당기",전표_원본!$R$5:$R$100000,O40,전표_원본!$P$5:$P$100000,">0")) | T40: =IF(O40="","",COUNTIFS(전표_원본!$Q$5:$Q$100000,"비교",전표_원본!$R$5:$R$100000,O40,전표_원본!$P$5:$P$100000,">0")) | U40: =IF(O40="","",SUMPRODUCT(MAX((전표_원본!$Q$5:$Q$100000="당기")*(전표_원본!$R$5:$R$100000=O40)*전표_원본!$P$5:$P$100000))) | V40: =IF(O40="","",IF(LEFT(O40,1)="(","N",IF(COUNTIFS(전표_원본!$O$5:$O$100000,$C$9,전표_원본!$K$5:$K$100000,O40,전표_원본!$M$5:$M$100000,">="&($C$10-12),전표_원본!$M$5:$M$100000,"<"&$C$10)=0,"Y","N"))) | W40: =IF(O40="","",R40+ROW()/1000000) | Y40: 건당 당기 | Z40: =IF(Z36=0,0,Z38/Z36)
A41: =IF($K41="","",INDEX($O$32:$O$46,$K41)) | B41: =IF($K41="","",INDEX($P$32:$P$46,$K41)) | C41: =IF($K41="","",INDEX($Q$32:$Q$46,$K41)) | D41: =IF($K41="","",INDEX($R$32:$R$46,$K41)) | E41: =IF(OR($K41="",$C$16<=0),"",D41/$C$16) | F41: =IF($K41="","",INDEX($S$32:$S$46,$K41)) | G41: =IF($K41="","",INDEX($T$32:$T$46,$K41)) | H41: =IF($K41="","",INDEX($U$32:$U$46,$K41)) | I41: =IF($K41="","",INDEX($V$32:$V$46,$K41)) | K41: =IF(COUNT($W$32:$W$46)<10,"",MATCH(LARGE($W$32:$W$46,10),$W$32:$W$46,0)) | N41: =IFERROR(SMALL(전표_원본!$S$5:$S$100000,10),"") | O41: =IF(N41="","",INDEX(전표_원본!$K$1:$K$100000,N41)) | P41: =IF(O41="","",SUMIFS(전표_원본!$P$5:$P$100000,전표_원본!$Q$5:$Q$100000,"당기",전표_원본!$R$5:$R$100000,O41)) | Q41: =IF(O41="","",SUMIFS(전표_원본!$P$5:$P$100000,전표_원본!$Q$5:$Q$100000,"비교",전표_원본!$R$5:$R$100000,O41)) | R41: =IF(O41="","",P41-Q41) | S41: =IF(O41="","",COUNTIFS(전표_원본!$Q$5:$Q$100000,"당기",전표_원본!$R$5:$R$100000,O41,전표_원본!$P$5:$P$100000,">0")) | T41: =IF(O41="","",COUNTIFS(전표_원본!$Q$5:$Q$100000,"비교",전표_원본!$R$5:$R$100000,O41,전표_원본!$P$5:$P$100000,">0")) | U41: =IF(O41="","",SUMPRODUCT(MAX((전표_원본!$Q$5:$Q$100000="당기")*(전표_원본!$R$5:$R$100000=O41)*전표_원본!$P$5:$P$100000))) | V41: =IF(O41="","",IF(LEFT(O41,1)="(","N",IF(COUNTIFS(전표_원본!$O$5:$O$100000,$C$9,전표_원본!$K$5:$K$100000,O41,전표_원본!$M$5:$M$100000,">="&($C$10-12),전표_원본!$M$5:$M$100000,"<"&$C$10)=0,"Y","N"))) | W41: =IF(O41="","",R41+ROW()/1000000) | Y41: 건당 비교 | Z41: =IF(Z37=0,0,Z39/Z37)
A42: =IF($K42="","",INDEX($O$32:$O$46,$K42)) | B42: =IF($K42="","",INDEX($P$32:$P$46,$K42)) | C42: =IF($K42="","",INDEX($Q$32:$Q$46,$K42)) | D42: =IF($K42="","",INDEX($R$32:$R$46,$K42)) | E42: =IF(OR($K42="",$C$16<=0),"",D42/$C$16) | F42: =IF($K42="","",INDEX($S$32:$S$46,$K42)) | G42: =IF($K42="","",INDEX($T$32:$T$46,$K42)) | H42: =IF($K42="","",INDEX($U$32:$U$46,$K42)) | I42: =IF($K42="","",INDEX($V$32:$V$46,$K42)) | K42: =IF(COUNT($W$32:$W$46)<11,"",MATCH(LARGE($W$32:$W$46,11),$W$32:$W$46,0)) | N42: =IFERROR(SMALL(전표_원본!$S$5:$S$100000,11),"") | O42: =IF(N42="","",INDEX(전표_원본!$K$1:$K$100000,N42)) | P42: =IF(O42="","",SUMIFS(전표_원본!$P$5:$P$100000,전표_원본!$Q$5:$Q$100000,"당기",전표_원본!$R$5:$R$100000,O42)) | Q42: =IF(O42="","",SUMIFS(전표_원본!$P$5:$P$100000,전표_원본!$Q$5:$Q$100000,"비교",전표_원본!$R$5:$R$100000,O42)) | R42: =IF(O42="","",P42-Q42) | S42: =IF(O42="","",COUNTIFS(전표_원본!$Q$5:$Q$100000,"당기",전표_원본!$R$5:$R$100000,O42,전표_원본!$P$5:$P$100000,">0")) | T42: =IF(O42="","",COUNTIFS(전표_원본!$Q$5:$Q$100000,"비교",전표_원본!$R$5:$R$100000,O42,전표_원본!$P$5:$P$100000,">0")) | U42: =IF(O42="","",SUMPRODUCT(MAX((전표_원본!$Q$5:$Q$100000="당기")*(전표_원본!$R$5:$R$100000=O42)*전표_원본!$P$5:$P$100000))) | V42: =IF(O42="","",IF(LEFT(O42,1)="(","N",IF(COUNTIFS(전표_원본!$O$5:$O$100000,$C$9,전표_원본!$K$5:$K$100000,O42,전표_원본!$M$5:$M$100000,">="&($C$10-12),전표_원본!$M$5:$M$100000,"<"&$C$10)=0,"Y","N"))) | W42: =IF(O42="","",R42+ROW()/1000000) | Y42: 신규 거래처 증감 | Z42: =SUMIFS($R$32:$R$46,$V$32:$V$46,"Y")
A43: =IF($K43="","",INDEX($O$32:$O$46,$K43)) | B43: =IF($K43="","",INDEX($P$32:$P$46,$K43)) | C43: =IF($K43="","",INDEX($Q$32:$Q$46,$K43)) | D43: =IF($K43="","",INDEX($R$32:$R$46,$K43)) | E43: =IF(OR($K43="",$C$16<=0),"",D43/$C$16) | F43: =IF($K43="","",INDEX($S$32:$S$46,$K43)) | G43: =IF($K43="","",INDEX($T$32:$T$46,$K43)) | H43: =IF($K43="","",INDEX($U$32:$U$46,$K43)) | I43: =IF($K43="","",INDEX($V$32:$V$46,$K43)) | K43: =IF(COUNT($W$32:$W$46)<12,"",MATCH(LARGE($W$32:$W$46,12),$W$32:$W$46,0)) | N43: =IFERROR(SMALL(전표_원본!$S$5:$S$100000,12),"") | O43: =IF(N43="","",INDEX(전표_원본!$K$1:$K$100000,N43)) | P43: =IF(O43="","",SUMIFS(전표_원본!$P$5:$P$100000,전표_원본!$Q$5:$Q$100000,"당기",전표_원본!$R$5:$R$100000,O43)) | Q43: =IF(O43="","",SUMIFS(전표_원본!$P$5:$P$100000,전표_원본!$Q$5:$Q$100000,"비교",전표_원본!$R$5:$R$100000,O43)) | R43: =IF(O43="","",P43-Q43) | S43: =IF(O43="","",COUNTIFS(전표_원본!$Q$5:$Q$100000,"당기",전표_원본!$R$5:$R$100000,O43,전표_원본!$P$5:$P$100000,">0")) | T43: =IF(O43="","",COUNTIFS(전표_원본!$Q$5:$Q$100000,"비교",전표_원본!$R$5:$R$100000,O43,전표_원본!$P$5:$P$100000,">0")) | U43: =IF(O43="","",SUMPRODUCT(MAX((전표_원본!$Q$5:$Q$100000="당기")*(전표_원본!$R$5:$R$100000=O43)*전표_원본!$P$5:$P$100000))) | V43: =IF(O43="","",IF(LEFT(O43,1)="(","N",IF(COUNTIFS(전표_원본!$O$5:$O$100000,$C$9,전표_원본!$K$5:$K$100000,O43,전표_원본!$M$5:$M$100000,">="&($C$10-12),전표_원본!$M$5:$M$100000,"<"&$C$10)=0,"Y","N"))) | W43: =IF(O43="","",R43+ROW()/1000000) | Y43: 신규 거래처 수 | Z43: =COUNTIFS($V$32:$V$46,"Y",$R$32:$R$46,">0")
A44: =IF($K44="","",INDEX($O$32:$O$46,$K44)) | B44: =IF($K44="","",INDEX($P$32:$P$46,$K44)) | C44: =IF($K44="","",INDEX($Q$32:$Q$46,$K44)) | D44: =IF($K44="","",INDEX($R$32:$R$46,$K44)) | E44: =IF(OR($K44="",$C$16<=0),"",D44/$C$16) | F44: =IF($K44="","",INDEX($S$32:$S$46,$K44)) | G44: =IF($K44="","",INDEX($T$32:$T$46,$K44)) | H44: =IF($K44="","",INDEX($U$32:$U$46,$K44)) | I44: =IF($K44="","",INDEX($V$32:$V$46,$K44)) | K44: =IF(COUNT($W$32:$W$46)<13,"",MATCH(LARGE($W$32:$W$46,13),$W$32:$W$46,0)) | N44: =IFERROR(SMALL(전표_원본!$S$5:$S$100000,13),"") | O44: =IF(N44="","",INDEX(전표_원본!$K$1:$K$100000,N44)) | P44: =IF(O44="","",SUMIFS(전표_원본!$P$5:$P$100000,전표_원본!$Q$5:$Q$100000,"당기",전표_원본!$R$5:$R$100000,O44)) | Q44: =IF(O44="","",SUMIFS(전표_원본!$P$5:$P$100000,전표_원본!$Q$5:$Q$100000,"비교",전표_원본!$R$5:$R$100000,O44)) | R44: =IF(O44="","",P44-Q44) | S44: =IF(O44="","",COUNTIFS(전표_원본!$Q$5:$Q$100000,"당기",전표_원본!$R$5:$R$100000,O44,전표_원본!$P$5:$P$100000,">0")) | T44: =IF(O44="","",COUNTIFS(전표_원본!$Q$5:$Q$100000,"비교",전표_원본!$R$5:$R$100000,O44,전표_원본!$P$5:$P$100000,">0")) | U44: =IF(O44="","",SUMPRODUCT(MAX((전표_원본!$Q$5:$Q$100000="당기")*(전표_원본!$R$5:$R$100000=O44)*전표_원본!$P$5:$P$100000))) | V44: =IF(O44="","",IF(LEFT(O44,1)="(","N",IF(COUNTIFS(전표_원본!$O$5:$O$100000,$C$9,전표_원본!$K$5:$K$100000,O44,전표_원본!$M$5:$M$100000,">="&($C$10-12),전표_원본!$M$5:$M$100000,"<"&$C$10)=0,"Y","N"))) | W44: =IF(O44="","",R44+ROW()/1000000) | Y44: 첫 신규 거래처 | Z44: =IFERROR(INDEX($A$32:$A$46,MATCH("Y",$I$32:$I$46,0)),"")
A45: =IF($K45="","",INDEX($O$32:$O$46,$K45)) | B45: =IF($K45="","",INDEX($P$32:$P$46,$K45)) | C45: =IF($K45="","",INDEX($Q$32:$Q$46,$K45)) | D45: =IF($K45="","",INDEX($R$32:$R$46,$K45)) | E45: =IF(OR($K45="",$C$16<=0),"",D45/$C$16) | F45: =IF($K45="","",INDEX($S$32:$S$46,$K45)) | G45: =IF($K45="","",INDEX($T$32:$T$46,$K45)) | H45: =IF($K45="","",INDEX($U$32:$U$46,$K45)) | I45: =IF($K45="","",INDEX($V$32:$V$46,$K45)) | K45: =IF(COUNT($W$32:$W$46)<14,"",MATCH(LARGE($W$32:$W$46,14),$W$32:$W$46,0)) | N45: =IFERROR(SMALL(전표_원본!$S$5:$S$100000,14),"") | O45: =IF(N45="","",INDEX(전표_원본!$K$1:$K$100000,N45)) | P45: =IF(O45="","",SUMIFS(전표_원본!$P$5:$P$100000,전표_원본!$Q$5:$Q$100000,"당기",전표_원본!$R$5:$R$100000,O45)) | Q45: =IF(O45="","",SUMIFS(전표_원본!$P$5:$P$100000,전표_원본!$Q$5:$Q$100000,"비교",전표_원본!$R$5:$R$100000,O45)) | R45: =IF(O45="","",P45-Q45) | S45: =IF(O45="","",COUNTIFS(전표_원본!$Q$5:$Q$100000,"당기",전표_원본!$R$5:$R$100000,O45,전표_원본!$P$5:$P$100000,">0")) | T45: =IF(O45="","",COUNTIFS(전표_원본!$Q$5:$Q$100000,"비교",전표_원본!$R$5:$R$100000,O45,전표_원본!$P$5:$P$100000,">0")) | U45: =IF(O45="","",SUMPRODUCT(MAX((전표_원본!$Q$5:$Q$100000="당기")*(전표_원본!$R$5:$R$100000=O45)*전표_원본!$P$5:$P$100000))) | V45: =IF(O45="","",IF(LEFT(O45,1)="(","N",IF(COUNTIFS(전표_원본!$O$5:$O$100000,$C$9,전표_원본!$K$5:$K$100000,O45,전표_원본!$M$5:$M$100000,">="&($C$10-12),전표_원본!$M$5:$M$100000,"<"&$C$10)=0,"Y","N"))) | W45: =IF(O45="","",R45+ROW()/1000000)
A46: =IF($K46="","",INDEX($O$32:$O$46,$K46)) | B46: =IF($K46="","",INDEX($P$32:$P$46,$K46)) | C46: =IF($K46="","",INDEX($Q$32:$Q$46,$K46)) | D46: =IF($K46="","",INDEX($R$32:$R$46,$K46)) | E46: =IF(OR($K46="",$C$16<=0),"",D46/$C$16) | F46: =IF($K46="","",INDEX($S$32:$S$46,$K46)) | G46: =IF($K46="","",INDEX($T$32:$T$46,$K46)) | H46: =IF($K46="","",INDEX($U$32:$U$46,$K46)) | I46: =IF($K46="","",INDEX($V$32:$V$46,$K46)) | K46: =IF(COUNT($W$32:$W$46)<15,"",MATCH(LARGE($W$32:$W$46,15),$W$32:$W$46,0)) | N46: =IFERROR(SMALL(전표_원본!$S$5:$S$100000,15),"") | O46: =IF(N46="","",INDEX(전표_원본!$K$1:$K$100000,N46)) | P46: =IF(O46="","",SUMIFS(전표_원본!$P$5:$P$100000,전표_원본!$Q$5:$Q$100000,"당기",전표_원본!$R$5:$R$100000,O46)) | Q46: =IF(O46="","",SUMIFS(전표_원본!$P$5:$P$100000,전표_원본!$Q$5:$Q$100000,"비교",전표_원본!$R$5:$R$100000,O46)) | R46: =IF(O46="","",P46-Q46) | S46: =IF(O46="","",COUNTIFS(전표_원본!$Q$5:$Q$100000,"당기",전표_원본!$R$5:$R$100000,O46,전표_원본!$P$5:$P$100000,">0")) | T46: =IF(O46="","",COUNTIFS(전표_원본!$Q$5:$Q$100000,"비교",전표_원본!$R$5:$R$100000,O46,전표_원본!$P$5:$P$100000,">0")) | U46: =IF(O46="","",SUMPRODUCT(MAX((전표_원본!$Q$5:$Q$100000="당기")*(전표_원본!$R$5:$R$100000=O46)*전표_원본!$P$5:$P$100000))) | V46: =IF(O46="","",IF(LEFT(O46,1)="(","N",IF(COUNTIFS(전표_원본!$O$5:$O$100000,$C$9,전표_원본!$K$5:$K$100000,O46,전표_원본!$M$5:$M$100000,">="&($C$10-12),전표_원본!$M$5:$M$100000,"<"&$C$10)=0,"Y","N"))) | W46: =IF(O46="","",R46+ROW()/1000000)
A49: 근거 전표 · 당기 (금액 절댓값 큰 순)
A50: 전기일 | B50: 전표번호 | C50: 유형 | D50: 거래처 | E50: 적요 | F50: 금액 | G50: 코스트센터
A51: =IF($K51="","",INDEX(전표_원본!$D$5:$D$100000,$K51)) | B51: =IF($K51="","",INDEX(전표_원본!$C$5:$C$100000,$K51)) | C51: =IF($K51="","",INDEX(전표_원본!$E$5:$E$100000,$K51)) | D51: =IF($K51="","",INDEX(전표_원본!$K$5:$K$100000,$K51)) | E51: =IF($K51="","",INDEX(전표_원본!$I$5:$I$100000,$K51)) | F51: =IF($K51="","",INDEX(전표_원본!$P$5:$P$100000,$K51)) | G51: =IF($K51="","",INDEX(전표_원본!$G$5:$G$100000,$K51)) | K51: =IFERROR(MATCH(LARGE(전표_원본!$T$5:$T$100000,1),전표_원본!$T$5:$T$100000,0),"")
A52: =IF($K52="","",INDEX(전표_원본!$D$5:$D$100000,$K52)) | B52: =IF($K52="","",INDEX(전표_원본!$C$5:$C$100000,$K52)) | C52: =IF($K52="","",INDEX(전표_원본!$E$5:$E$100000,$K52)) | D52: =IF($K52="","",INDEX(전표_원본!$K$5:$K$100000,$K52)) | E52: =IF($K52="","",INDEX(전표_원본!$I$5:$I$100000,$K52)) | F52: =IF($K52="","",INDEX(전표_원본!$P$5:$P$100000,$K52)) | G52: =IF($K52="","",INDEX(전표_원본!$G$5:$G$100000,$K52)) | K52: =IFERROR(MATCH(LARGE(전표_원본!$T$5:$T$100000,2),전표_원본!$T$5:$T$100000,0),"")
A53: =IF($K53="","",INDEX(전표_원본!$D$5:$D$100000,$K53)) | B53: =IF($K53="","",INDEX(전표_원본!$C$5:$C$100000,$K53)) | C53: =IF($K53="","",INDEX(전표_원본!$E$5:$E$100000,$K53)) | D53: =IF($K53="","",INDEX(전표_원본!$K$5:$K$100000,$K53)) | E53: =IF($K53="","",INDEX(전표_원본!$I$5:$I$100000,$K53)) | F53: =IF($K53="","",INDEX(전표_원본!$P$5:$P$100000,$K53)) | G53: =IF($K53="","",INDEX(전표_원본!$G$5:$G$100000,$K53)) | K53: =IFERROR(MATCH(LARGE(전표_원본!$T$5:$T$100000,3),전표_원본!$T$5:$T$100000,0),"")
A54: =IF($K54="","",INDEX(전표_원본!$D$5:$D$100000,$K54)) | B54: =IF($K54="","",INDEX(전표_원본!$C$5:$C$100000,$K54)) | C54: =IF($K54="","",INDEX(전표_원본!$E$5:$E$100000,$K54)) | D54: =IF($K54="","",INDEX(전표_원본!$K$5:$K$100000,$K54)) | E54: =IF($K54="","",INDEX(전표_원본!$I$5:$I$100000,$K54)) | F54: =IF($K54="","",INDEX(전표_원본!$P$5:$P$100000,$K54)) | G54: =IF($K54="","",INDEX(전표_원본!$G$5:$G$100000,$K54)) | K54: =IFERROR(MATCH(LARGE(전표_원본!$T$5:$T$100000,4),전표_원본!$T$5:$T$100000,0),"")
A55: =IF($K55="","",INDEX(전표_원본!$D$5:$D$100000,$K55)) | B55: =IF($K55="","",INDEX(전표_원본!$C$5:$C$100000,$K55)) | C55: =IF($K55="","",INDEX(전표_원본!$E$5:$E$100000,$K55)) | D55: =IF($K55="","",INDEX(전표_원본!$K$5:$K$100000,$K55)) | E55: =IF($K55="","",INDEX(전표_원본!$I$5:$I$100000,$K55)) | F55: =IF($K55="","",INDEX(전표_원본!$P$5:$P$100000,$K55)) | G55: =IF($K55="","",INDEX(전표_원본!$G$5:$G$100000,$K55)) | K55: =IFERROR(MATCH(LARGE(전표_원본!$T$5:$T$100000,5),전표_원본!$T$5:$T$100000,0),"")
A56: =IF($K56="","",INDEX(전표_원본!$D$5:$D$100000,$K56)) | B56: =IF($K56="","",INDEX(전표_원본!$C$5:$C$100000,$K56)) | C56: =IF($K56="","",INDEX(전표_원본!$E$5:$E$100000,$K56)) | D56: =IF($K56="","",INDEX(전표_원본!$K$5:$K$100000,$K56)) | E56: =IF($K56="","",INDEX(전표_원본!$I$5:$I$100000,$K56)) | F56: =IF($K56="","",INDEX(전표_원본!$P$5:$P$100000,$K56)) | G56: =IF($K56="","",INDEX(전표_원본!$G$5:$G$100000,$K56)) | K56: =IFERROR(MATCH(LARGE(전표_원본!$T$5:$T$100000,6),전표_원본!$T$5:$T$100000,0),"")
A57: =IF($K57="","",INDEX(전표_원본!$D$5:$D$100000,$K57)) | B57: =IF($K57="","",INDEX(전표_원본!$C$5:$C$100000,$K57)) | C57: =IF($K57="","",INDEX(전표_원본!$E$5:$E$100000,$K57)) | D57: =IF($K57="","",INDEX(전표_원본!$K$5:$K$100000,$K57)) | E57: =IF($K57="","",INDEX(전표_원본!$I$5:$I$100000,$K57)) | F57: =IF($K57="","",INDEX(전표_원본!$P$5:$P$100000,$K57)) | G57: =IF($K57="","",INDEX(전표_원본!$G$5:$G$100000,$K57)) | K57: =IFERROR(MATCH(LARGE(전표_원본!$T$5:$T$100000,7),전표_원본!$T$5:$T$100000,0),"")
A58: =IF($K58="","",INDEX(전표_원본!$D$5:$D$100000,$K58)) | B58: =IF($K58="","",INDEX(전표_원본!$C$5:$C$100000,$K58)) | C58: =IF($K58="","",INDEX(전표_원본!$E$5:$E$100000,$K58)) | D58: =IF($K58="","",INDEX(전표_원본!$K$5:$K$100000,$K58)) | E58: =IF($K58="","",INDEX(전표_원본!$I$5:$I$100000,$K58)) | F58: =IF($K58="","",INDEX(전표_원본!$P$5:$P$100000,$K58)) | G58: =IF($K58="","",INDEX(전표_원본!$G$5:$G$100000,$K58)) | K58: =IFERROR(MATCH(LARGE(전표_원본!$T$5:$T$100000,8),전표_원본!$T$5:$T$100000,0),"")
A59: =IF($K59="","",INDEX(전표_원본!$D$5:$D$100000,$K59)) | B59: =IF($K59="","",INDEX(전표_원본!$C$5:$C$100000,$K59)) | C59: =IF($K59="","",INDEX(전표_원본!$E$5:$E$100000,$K59)) | D59: =IF($K59="","",INDEX(전표_원본!$K$5:$K$100000,$K59)) | E59: =IF($K59="","",INDEX(전표_원본!$I$5:$I$100000,$K59)) | F59: =IF($K59="","",INDEX(전표_원본!$P$5:$P$100000,$K59)) | G59: =IF($K59="","",INDEX(전표_원본!$G$5:$G$100000,$K59)) | K59: =IFERROR(MATCH(LARGE(전표_원본!$T$5:$T$100000,9),전표_원본!$T$5:$T$100000,0),"")
A60: =IF($K60="","",INDEX(전표_원본!$D$5:$D$100000,$K60)) | B60: =IF($K60="","",INDEX(전표_원본!$C$5:$C$100000,$K60)) | C60: =IF($K60="","",INDEX(전표_원본!$E$5:$E$100000,$K60)) | D60: =IF($K60="","",INDEX(전표_원본!$K$5:$K$100000,$K60)) | E60: =IF($K60="","",INDEX(전표_원본!$I$5:$I$100000,$K60)) | F60: =IF($K60="","",INDEX(전표_원본!$P$5:$P$100000,$K60)) | G60: =IF($K60="","",INDEX(전표_원본!$G$5:$G$100000,$K60)) | K60: =IFERROR(MATCH(LARGE(전표_원본!$T$5:$T$100000,10),전표_원본!$T$5:$T$100000,0),"")
A61: =IF($K61="","",INDEX(전표_원본!$D$5:$D$100000,$K61)) | B61: =IF($K61="","",INDEX(전표_원본!$C$5:$C$100000,$K61)) | C61: =IF($K61="","",INDEX(전표_원본!$E$5:$E$100000,$K61)) | D61: =IF($K61="","",INDEX(전표_원본!$K$5:$K$100000,$K61)) | E61: =IF($K61="","",INDEX(전표_원본!$I$5:$I$100000,$K61)) | F61: =IF($K61="","",INDEX(전표_원본!$P$5:$P$100000,$K61)) | G61: =IF($K61="","",INDEX(전표_원본!$G$5:$G$100000,$K61)) | K61: =IFERROR(MATCH(LARGE(전표_원본!$T$5:$T$100000,11),전표_원본!$T$5:$T$100000,0),"")
A62: =IF($K62="","",INDEX(전표_원본!$D$5:$D$100000,$K62)) | B62: =IF($K62="","",INDEX(전표_원본!$C$5:$C$100000,$K62)) | C62: =IF($K62="","",INDEX(전표_원본!$E$5:$E$100000,$K62)) | D62: =IF($K62="","",INDEX(전표_원본!$K$5:$K$100000,$K62)) | E62: =IF($K62="","",INDEX(전표_원본!$I$5:$I$100000,$K62)) | F62: =IF($K62="","",INDEX(전표_원본!$P$5:$P$100000,$K62)) | G62: =IF($K62="","",INDEX(전표_원본!$G$5:$G$100000,$K62)) | K62: =IFERROR(MATCH(LARGE(전표_원본!$T$5:$T$100000,12),전표_원본!$T$5:$T$100000,0),"")
A63: =IF($K63="","",INDEX(전표_원본!$D$5:$D$100000,$K63)) | B63: =IF($K63="","",INDEX(전표_원본!$C$5:$C$100000,$K63)) | C63: =IF($K63="","",INDEX(전표_원본!$E$5:$E$100000,$K63)) | D63: =IF($K63="","",INDEX(전표_원본!$K$5:$K$100000,$K63)) | E63: =IF($K63="","",INDEX(전표_원본!$I$5:$I$100000,$K63)) | F63: =IF($K63="","",INDEX(전표_원본!$P$5:$P$100000,$K63)) | G63: =IF($K63="","",INDEX(전표_원본!$G$5:$G$100000,$K63)) | K63: =IFERROR(MATCH(LARGE(전표_원본!$T$5:$T$100000,13),전표_원본!$T$5:$T$100000,0),"")
A64: =IF($K64="","",INDEX(전표_원본!$D$5:$D$100000,$K64)) | B64: =IF($K64="","",INDEX(전표_원본!$C$5:$C$100000,$K64)) | C64: =IF($K64="","",INDEX(전표_원본!$E$5:$E$100000,$K64)) | D64: =IF($K64="","",INDEX(전표_원본!$K$5:$K$100000,$K64)) | E64: =IF($K64="","",INDEX(전표_원본!$I$5:$I$100000,$K64)) | F64: =IF($K64="","",INDEX(전표_원본!$P$5:$P$100000,$K64)) | G64: =IF($K64="","",INDEX(전표_원본!$G$5:$G$100000,$K64)) | K64: =IFERROR(MATCH(LARGE(전표_원본!$T$5:$T$100000,14),전표_원본!$T$5:$T$100000,0),"")
A65: =IF($K65="","",INDEX(전표_원본!$D$5:$D$100000,$K65)) | B65: =IF($K65="","",INDEX(전표_원본!$C$5:$C$100000,$K65)) | C65: =IF($K65="","",INDEX(전표_원본!$E$5:$E$100000,$K65)) | D65: =IF($K65="","",INDEX(전표_원본!$K$5:$K$100000,$K65)) | E65: =IF($K65="","",INDEX(전표_원본!$I$5:$I$100000,$K65)) | F65: =IF($K65="","",INDEX(전표_원본!$P$5:$P$100000,$K65)) | G65: =IF($K65="","",INDEX(전표_원본!$G$5:$G$100000,$K65)) | K65: =IFERROR(MATCH(LARGE(전표_원본!$T$5:$T$100000,15),전표_원본!$T$5:$T$100000,0),"")
A67: 근거 전표 · 비교 기간 (상위 5건)
A68: 전기일 | B68: 전표번호 | C68: 유형 | D68: 거래처 | E68: 적요 | F68: 금액 | G68: 코스트센터
A69: =IF($K69="","",INDEX(전표_원본!$D$5:$D$100000,$K69)) | B69: =IF($K69="","",INDEX(전표_원본!$C$5:$C$100000,$K69)) | C69: =IF($K69="","",INDEX(전표_원본!$E$5:$E$100000,$K69)) | D69: =IF($K69="","",INDEX(전표_원본!$K$5:$K$100000,$K69)) | E69: =IF($K69="","",INDEX(전표_원본!$I$5:$I$100000,$K69)) | F69: =IF($K69="","",INDEX(전표_원본!$P$5:$P$100000,$K69)) | G69: =IF($K69="","",INDEX(전표_원본!$G$5:$G$100000,$K69)) | K69: =IFERROR(MATCH(LARGE(전표_원본!$U$5:$U$100000,1),전표_원본!$U$5:$U$100000,0),"")
A70: =IF($K70="","",INDEX(전표_원본!$D$5:$D$100000,$K70)) | B70: =IF($K70="","",INDEX(전표_원본!$C$5:$C$100000,$K70)) | C70: =IF($K70="","",INDEX(전표_원본!$E$5:$E$100000,$K70)) | D70: =IF($K70="","",INDEX(전표_원본!$K$5:$K$100000,$K70)) | E70: =IF($K70="","",INDEX(전표_원본!$I$5:$I$100000,$K70)) | F70: =IF($K70="","",INDEX(전표_원본!$P$5:$P$100000,$K70)) | G70: =IF($K70="","",INDEX(전표_원본!$G$5:$G$100000,$K70)) | K70: =IFERROR(MATCH(LARGE(전표_원본!$U$5:$U$100000,2),전표_원본!$U$5:$U$100000,0),"")
A71: =IF($K71="","",INDEX(전표_원본!$D$5:$D$100000,$K71)) | B71: =IF($K71="","",INDEX(전표_원본!$C$5:$C$100000,$K71)) | C71: =IF($K71="","",INDEX(전표_원본!$E$5:$E$100000,$K71)) | D71: =IF($K71="","",INDEX(전표_원본!$K$5:$K$100000,$K71)) | E71: =IF($K71="","",INDEX(전표_원본!$I$5:$I$100000,$K71)) | F71: =IF($K71="","",INDEX(전표_원본!$P$5:$P$100000,$K71)) | G71: =IF($K71="","",INDEX(전표_원본!$G$5:$G$100000,$K71)) | K71: =IFERROR(MATCH(LARGE(전표_원본!$U$5:$U$100000,3),전표_원본!$U$5:$U$100000,0),"")
A72: =IF($K72="","",INDEX(전표_원본!$D$5:$D$100000,$K72)) | B72: =IF($K72="","",INDEX(전표_원본!$C$5:$C$100000,$K72)) | C72: =IF($K72="","",INDEX(전표_원본!$E$5:$E$100000,$K72)) | D72: =IF($K72="","",INDEX(전표_원본!$K$5:$K$100000,$K72)) | E72: =IF($K72="","",INDEX(전표_원본!$I$5:$I$100000,$K72)) | F72: =IF($K72="","",INDEX(전표_원본!$P$5:$P$100000,$K72)) | G72: =IF($K72="","",INDEX(전표_원본!$G$5:$G$100000,$K72)) | K72: =IFERROR(MATCH(LARGE(전표_원본!$U$5:$U$100000,4),전표_원본!$U$5:$U$100000,0),"")
A73: =IF($K73="","",INDEX(전표_원본!$D$5:$D$100000,$K73)) | B73: =IF($K73="","",INDEX(전표_원본!$C$5:$C$100000,$K73)) | C73: =IF($K73="","",INDEX(전표_원본!$E$5:$E$100000,$K73)) | D73: =IF($K73="","",INDEX(전표_원본!$K$5:$K$100000,$K73)) | E73: =IF($K73="","",INDEX(전표_원본!$I$5:$I$100000,$K73)) | F73: =IF($K73="","",INDEX(전표_원본!$P$5:$P$100000,$K73)) | G73: =IF($K73="","",INDEX(전표_원본!$G$5:$G$100000,$K73)) | K73: =IFERROR(MATCH(LARGE(전표_원본!$U$5:$U$100000,5),전표_원본!$U$5:$U$100000,0),"")

Sheet 변동분석
A1: TRACE · 변동분석 (부서 × 계정)
A2: A·C열만 입력 · 전월/전분기/전년동월 비교 → 예산 점검 → 주의 점수 · 금액: 보고단위
A3: ="기준: "&INT((설정!$C$20-1)/12)&"-"&TEXT(MOD(설정!$C$20-1,12)+1,"00")&" · 단위: "&설정!$C$9
F5: ③ 변동 | P5: ④ 예산 점검 | Z5: ⑤ 주의
A6: 부서코드 | B6: 부서명 | C6: G/L 계정 | D6: 계정명 | E6: 키 | F6: 당월 | G6: 전월 | H6: 전월 대비 | I6: 전년 동월 | J6: 전년동월 대비 | K6: 당분기 | L6: 전분기 | M6: 전분기 대비 | N6: 주요 증가액 | O6: 이상치 (z) | P6: 연간가용 (배정+조정) | Q6: 누계실적 | R6: 잔여 | S6: 남은기간 예상 A (최근추세) | T6: 남은기간 예상 B (전년패턴) | U6: 예상 연간실적 | V6: 예상 소진율 | W6: 예산판정 | X6: 부족 예상액 | Y6: 소진 예상월 | Z6: 빠른 신호 (당월) | AA6: 주의 점수 | AB6: 정렬키 | AC6: 단건비중 | AD6: SA순증 | AE6: 음수건수 | AF6: 증가액 (30) | AG6: 증가율 (20) | AH6: 이상치 (25) | AI6: 예산 (25)
A7: D100 | B7: =IF($A7="","",IFERROR(INDEX(부서매핑!$D$5:$D$504,MATCH($A7,부서매핑!$C$5:$C$504,0)),"부서매핑 없음")) | C7: 62101000 | D7: =IF($A7="","",IFERROR(INDEX(계정매핑!$B$5:$B$504,MATCH($C7&"",계정매핑!$A$5:$A$504,0)),"계정매핑 없음")) | E7: =IF($A7="","",$A7&"|"&$C7) | F7: =IF($A7="","",월별집계!$Z7) | G7: =IF($A7="","",월별집계!$Y7) | H7: =IF($A7="","",IF(G7<=0,IF(F7>0,1,0),F7/G7-1)) | I7: =IF($A7="","",월별집계!$N7) | J7: =IF($A7="","",IF(I7<=0,IF(F7>0,1,0),F7/I7-1)) | K7: =IF($A7="","",SUMIFS(월별집계!$C7:$Z7,월별집계!$C$5:$Z$5,">="&설정!$C$22,월별집계!$C$5:$Z$5,"<="&설정!$C$20)) | L7: =IF($A7="","",SUMIFS(월별집계!$C7:$Z7,월별집계!$C$5:$Z$5,">="&(설정!$C$22-3),월별집계!$C$5:$Z$5,"<="&(설정!$C$20-3))) | M7: =IF($A7="","",IF(L7<=0,IF(K7>0,1,0),K7/L7-1)) | N7: =IF($A7="","",MAX(F7-G7,F7-I7)) | O7: =IF($A7="","",IFERROR((월별집계!$Z7-AVERAGE(월별집계!N7:Y7))/STDEV(월별집계!N7:Y7),0)) | P7: =IF($A7="","",SUMIFS(예산판_원본!$O$5:$O$5000,예산판_원본!$L$5:$L$5000,$E7,예산판_원본!$M$5:$M$5000,설정!$C$6)) | Q7: =IF($A7="","",SUMIFS(월별집계!$C7:$Z7,월별집계!$C$5:$Z$5,">="&(설정!$C$6*12+1),월별집계!$C$5:$Z$5,"<="&설정!$C$20)) | R7: =IF($A7="","",P7-Q7) | S7: =IF($A7="","",AVERAGE(월별집계!X7:Z7)*(12-설정!$C$7)) | T7: =IF($A7="","",IFERROR(Q7/(SUMIFS(월별집계!$C7:$Z7,월별집계!$C$5:$Z$5,">="&((설정!$C$6-1)*12+1),월별집계!$C$5:$Z$5,"<="&(설정!$C$20-12))/SUMIFS(월별집계!$C7:$Z7,월별집계!$C$5:$Z$5,">="&((설정!$C$6-1)*12+1),월별집계!$C$5:$Z$5,"<="&((설정!$C$6-1)*12+12)))-Q7,S7)) | U7: =IF($A7="","",Q7+MAX(S7,T7)) | V7: =IF($A7="","",IF(P7=0,0,U7/P7)) | W7: =IF($A7="","",IF(AND(P7=0,Q7>0),"무예산",IF(P7=0,"-",IF(V7>설정!$C$12,"부족 예상",IF(V7>설정!$C$11,"주의","여유"))))) | X7: =IF($A7="","",IF(P7=0,0,MAX(0,U7-P7))) | Y7: =IF($A7="","",IF(OR(W7<>"부족 예상",설정!$C$7=12),"",IF(R7<=0,"이미 초과",MIN(12,설정!$C$7+ROUNDUP(R7/(MAX(S7,T7)/(12-설정!$C$7)),0))&"월"))) | Z7: =IF($A7="","",TRIM(IF(N(AC7)>=설정!$C$14,"단건"&TEXT(AC7,"0%")&" ","")&IF(AND(N7>0,AD7>0),IF(AD7/N7>=설정!$C$16,"SA대체 ",""),"")&IF(AE7>0,"역분개"&AE7&"건 ","")&IF(O7>=설정!$C$13,"이상치 ","")&IF(AND(I7=0,F7>0),"신규지출 ",""))) | AA7: =IF($A7="","",ROUND((AF7+AG7+AH7+AI7)*IF(AND(F7<설정!$C$10,N7<설정!$C$10),0.3,1),1)) | AB7: =IF($A7="","",AA7+ROW()/1000000) | AC7: =IF(OR($A7="",N7<=0),"",SUMPRODUCT(MAX((전표_원본!$O$5:$O$100000=$E7)*(전표_원본!$M$5:$M$100000=설정!$C$20)*전표_원본!$P$5:$P$100000))/N7) | AD7: =IF($A7="","",SUMIFS(전표_원본!$P$5:$P$100000,전표_원본!$O$5:$O$100000,$E7,전표_원본!$M$5:$M$100000,설정!$C$20,전표_원본!$E$5:$E$100000,"SA")-SUMIFS(전표_원본!$P$5:$P$100000,전표_원본!$O$5:$O$100000,$E7,전표_원본!$M$5:$M$100000,설정!$C$20-1,전표_원본!$E$5:$E$100000,"SA")) | AE7: =IF($A7="","",COUNTIFS(전표_원본!$O$5:$O$100000,$E7,전표_원본!$M$5:$M$100000,설정!$C$20,전표_원본!$P$5:$P$100000,"<0")) | AF7: =IF($A7="","",MIN(MAX(0,N7)/(설정!$C$10*5),1)*30) | AG7: =IF($A7="","",MIN(MAX(0,H7,J7),1)*20) | AH7: =IF($A7="","",MIN(MAX(0,O7)/3,1)*25) | AI7: =IF($A7="","",IF(OR(W7="부족 예상",W7="무예산"),25,IF(W7="주의",15,0)))
A8: D100 | B8: =IF($A8="","",IFERROR(INDEX(부서매핑!$D$5:$D$504,MATCH($A8,부서매핑!$C$5:$C$504,0)),"부서매핑 없음")) | C8: 62102000 | D8: =IF($A8="","",IFERROR(INDEX(계정매핑!$B$5:$B$504,MATCH($C8&"",계정매핑!$A$5:$A$504,0)),"계정매핑 없음")) | E8: =IF($A8="","",$A8&"|"&$C8) | F8: =IF($A8="","",월별집계!$Z8) | G8: =IF($A8="","",월별집계!$Y8) | H8: =IF($A8="","",IF(G8<=0,IF(F8>0,1,0),F8/G8-1)) | I8: =IF($A8="","",월별집계!$N8) | J8: =IF($A8="","",IF(I8<=0,IF(F8>0,1,0),F8/I8-1)) | K8: =IF($A8="","",SUMIFS(월별집계!$C8:$Z8,월별집계!$C$5:$Z$5,">="&설정!$C$22,월별집계!$C$5:$Z$5,"<="&설정!$C$20)) | L8: =IF($A8="","",SUMIFS(월별집계!$C8:$Z8,월별집계!$C$5:$Z$5,">="&(설정!$C$22-3),월별집계!$C$5:$Z$5,"<="&(설정!$C$20-3))) | M8: =IF($A8="","",IF(L8<=0,IF(K8>0,1,0),K8/L8-1)) | N8: =IF($A8="","",MAX(F8-G8,F8-I8)) | O8: =IF($A8="","",IFERROR((월별집계!$Z8-AVERAGE(월별집계!N8:Y8))/STDEV(월별집계!N8:Y8),0)) | P8: =IF($A8="","",SUMIFS(예산판_원본!$O$5:$O$5000,예산판_원본!$L$5:$L$5000,$E8,예산판_원본!$M$5:$M$5000,설정!$C$6)) | Q8: =IF($A8="","",SUMIFS(월별집계!$C8:$Z8,월별집계!$C$5:$Z$5,">="&(설정!$C$6*12+1),월별집계!$C$5:$Z$5,"<="&설정!$C$20)) | R8: =IF($A8="","",P8-Q8) | S8: =IF($A8="","",AVERAGE(월별집계!X8:Z8)*(12-설정!$C$7)) | T8: =IF($A8="","",IFERROR(Q8/(SUMIFS(월별집계!$C8:$Z8,월별집계!$C$5:$Z$5,">="&((설정!$C$6-1)*12+1),월별집계!$C$5:$Z$5,"<="&(설정!$C$20-12))/SUMIFS(월별집계!$C8:$Z8,월별집계!$C$5:$Z$5,">="&((설정!$C$6-1)*12+1),월별집계!$C$5:$Z$5,"<="&((설정!$C$6-1)*12+12)))-Q8,S8)) | U8: =IF($A8="","",Q8+MAX(S8,T8)) | V8: =IF($A8="","",IF(P8=0,0,U8/P8)) | W8: =IF($A8="","",IF(AND(P8=0,Q8>0),"무예산",IF(P8=0,"-",IF(V8>설정!$C$12,"부족 예상",IF(V8>설정!$C$11,"주의","여유"))))) | X8: =IF($A8="","",IF(P8=0,0,MAX(0,U8-P8))) | Y8: =IF($A8="","",IF(OR(W8<>"부족 예상",설정!$C$7=12),"",IF(R8<=0,"이미 초과",MIN(12,설정!$C$7+ROUNDUP(R8/(MAX(S8,T8)/(12-설정!$C$7)),0))&"월"))) | Z8: =IF($A8="","",TRIM(IF(N(AC8)>=설정!$C$14,"단건"&TEXT(AC8,"0%")&" ","")&IF(AND(N8>0,AD8>0),IF(AD8/N8>=설정!$C$16,"SA대체 ",""),"")&IF(AE8>0,"역분개"&AE8&"건 ","")&IF(O8>=설정!$C$13,"이상치 ","")&IF(AND(I8=0,F8>0),"신규지출 ",""))) | AA8: =IF($A8="","",ROUND((AF8+AG8+AH8+AI8)*IF(AND(F8<설정!$C$10,N8<설정!$C$10),0.3,1),1)) | AB8: =IF($A8="","",AA8+ROW()/1000000) | AC8: =IF(OR($A8="",N8<=0),"",SUMPRODUCT(MAX((전표_원본!$O$5:$O$100000=$E8)*(전표_원본!$M$5:$M$100000=설정!$C$20)*전표_원본!$P$5:$P$100000))/N8) | AD8: =IF($A8="","",SUMIFS(전표_원본!$P$5:$P$100000,전표_원본!$O$5:$O$100000,$E8,전표_원본!$M$5:$M$100000,설정!$C$20,전표_원본!$E$5:$E$100000,"SA")-SUMIFS(전표_원본!$P$5:$P$100000,전표_원본!$O$5:$O$100000,$E8,전표_원본!$M$5:$M$100000,설정!$C$20-1,전표_원본!$E$5:$E$100000,"SA")) | AE8: =IF($A8="","",COUNTIFS(전표_원본!$O$5:$O$100000,$E8,전표_원본!$M$5:$M$100000,설정!$C$20,전표_원본!$P$5:$P$100000,"<0")) | AF8: =IF($A8="","",MIN(MAX(0,N8)/(설정!$C$10*5),1)*30) | AG8: =IF($A8="","",MIN(MAX(0,H8,J8),1)*20) | AH8: =IF($A8="","",MIN(MAX(0,O8)/3,1)*25) | AI8: =IF($A8="","",IF(OR(W8="부족 예상",W8="무예산"),25,IF(W8="주의",15,0)))
A9: D100 | B9: =IF($A9="","",IFERROR(INDEX(부서매핑!$D$5:$D$504,MATCH($A9,부서매핑!$C$5:$C$504,0)),"부서매핑 없음")) | C9: 62201000 | D9: =IF($A9="","",IFERROR(INDEX(계정매핑!$B$5:$B$504,MATCH($C9&"",계정매핑!$A$5:$A$504,0)),"계정매핑 없음")) | E9: =IF($A9="","",$A9&"|"&$C9) | F9: =IF($A9="","",월별집계!$Z9) | G9: =IF($A9="","",월별집계!$Y9) | H9: =IF($A9="","",IF(G9<=0,IF(F9>0,1,0),F9/G9-1)) | I9: =IF($A9="","",월별집계!$N9) | J9: =IF($A9="","",IF(I9<=0,IF(F9>0,1,0),F9/I9-1)) | K9: =IF($A9="","",SUMIFS(월별집계!$C9:$Z9,월별집계!$C$5:$Z$5,">="&설정!$C$22,월별집계!$C$5:$Z$5,"<="&설정!$C$20)) | L9: =IF($A9="","",SUMIFS(월별집계!$C9:$Z9,월별집계!$C$5:$Z$5,">="&(설정!$C$22-3),월별집계!$C$5:$Z$5,"<="&(설정!$C$20-3))) | M9: =IF($A9="","",IF(L9<=0,IF(K9>0,1,0),K9/L9-1)) | N9: =IF($A9="","",MAX(F9-G9,F9-I9)) | O9: =IF($A9="","",IFERROR((월별집계!$Z9-AVERAGE(월별집계!N9:Y9))/STDEV(월별집계!N9:Y9),0)) | P9: =IF($A9="","",SUMIFS(예산판_원본!$O$5:$O$5000,예산판_원본!$L$5:$L$5000,$E9,예산판_원본!$M$5:$M$5000,설정!$C$6)) | Q9: =IF($A9="","",SUMIFS(월별집계!$C9:$Z9,월별집계!$C$5:$Z$5,">="&(설정!$C$6*12+1),월별집계!$C$5:$Z$5,"<="&설정!$C$20)) | R9: =IF($A9="","",P9-Q9) | S9: =IF($A9="","",AVERAGE(월별집계!X9:Z9)*(12-설정!$C$7)) | T9: =IF($A9="","",IFERROR(Q9/(SUMIFS(월별집계!$C9:$Z9,월별집계!$C$5:$Z$5,">="&((설정!$C$6-1)*12+1),월별집계!$C$5:$Z$5,"<="&(설정!$C$20-12))/SUMIFS(월별집계!$C9:$Z9,월별집계!$C$5:$Z$5,">="&((설정!$C$6-1)*12+1),월별집계!$C$5:$Z$5,"<="&((설정!$C$6-1)*12+12)))-Q9,S9)) | U9: =IF($A9="","",Q9+MAX(S9,T9)) | V9: =IF($A9="","",IF(P9=0,0,U9/P9)) | W9: =IF($A9="","",IF(AND(P9=0,Q9>0),"무예산",IF(P9=0,"-",IF(V9>설정!$C$12,"부족 예상",IF(V9>설정!$C$11,"주의","여유"))))) | X9: =IF($A9="","",IF(P9=0,0,MAX(0,U9-P9))) | Y9: =IF($A9="","",IF(OR(W9<>"부족 예상",설정!$C$7=12),"",IF(R9<=0,"이미 초과",MIN(12,설정!$C$7+ROUNDUP(R9/(MAX(S9,T9)/(12-설정!$C$7)),0))&"월"))) | Z9: =IF($A9="","",TRIM(IF(N(AC9)>=설정!$C$14,"단건"&TEXT(AC9,"0%")&" ","")&IF(AND(N9>0,AD9>0),IF(AD9/N9>=설정!$C$16,"SA대체 ",""),"")&IF(AE9>0,"역분개"&AE9&"건 ","")&IF(O9>=설정!$C$13,"이상치 ","")&IF(AND(I9=0,F9>0),"신규지출 ",""))) | AA9: =IF($A9="","",ROUND((AF9+AG9+AH9+AI9)*IF(AND(F9<설정!$C$10,N9<설정!$C$10),0.3,1),1)) | AB9: =IF($A9="","",AA9+ROW()/1000000) | AC9: =IF(OR($A9="",N9<=0),"",SUMPRODUCT(MAX((전표_원본!$O$5:$O$100000=$E9)*(전표_원본!$M$5:$M$100000=설정!$C$20)*전표_원본!$P$5:$P$100000))/N9) | AD9: =IF($A9="","",SUMIFS(전표_원본!$P$5:$P$100000,전표_원본!$O$5:$O$100000,$E9,전표_원본!$M$5:$M$100000,설정!$C$20,전표_원본!$E$5:$E$100000,"SA")-SUMIFS(전표_원본!$P$5:$P$100000,전표_원본!$O$5:$O$100000,$E9,전표_원본!$M$5:$M$100000,설정!$C$20-1,전표_원본!$E$5:$E$100000,"SA")) | AE9: =IF($A9="","",COUNTIFS(전표_원본!$O$5:$O$100000,$E9,전표_원본!$M$5:$M$100000,설정!$C$20,전표_원본!$P$5:$P$100000,"<0")) | AF9: =IF($A9="","",MIN(MAX(0,N9)/(설정!$C$10*5),1)*30) | AG9: =IF($A9="","",MIN(MAX(0,H9,J9),1)*20) | AH9: =IF($A9="","",MIN(MAX(0,O9)/3,1)*25) | AI9: =IF($A9="","",IF(OR(W9="부족 예상",W9="무예산"),25,IF(W9="주의",15,0)))
A10: D100 | B10: =IF($A10="","",IFERROR(INDEX(부서매핑!$D$5:$D$504,MATCH($A10,부서매핑!$C$5:$C$504,0)),"부서매핑 없음")) | C10: 62301000 | D10: =IF($A10="","",IFERROR(INDEX(계정매핑!$B$5:$B$504,MATCH($C10&"",계정매핑!$A$5:$A$504,0)),"계정매핑 없음")) | E10: =IF($A10="","",$A10&"|"&$C10) | F10: =IF($A10="","",월별집계!$Z10) | G10: =IF($A10="","",월별집계!$Y10) | H10: =IF($A10="","",IF(G10<=0,IF(F10>0,1,0),F10/G10-1)) | I10: =IF($A10="","",월별집계!$N10) | J10: =IF($A10="","",IF(I10<=0,IF(F10>0,1,0),F10/I10-1)) | K10: =IF($A10="","",SUMIFS(월별집계!$C10:$Z10,월별집계!$C$5:$Z$5,">="&설정!$C$22,월별집계!$C$5:$Z$5,"<="&설정!$C$20)) | L10: =IF($A10="","",SUMIFS(월별집계!$C10:$Z10,월별집계!$C$5:$Z$5,">="&(설정!$C$22-3),월별집계!$C$5:$Z$5,"<="&(설정!$C$20-3))) | M10: =IF($A10="","",IF(L10<=0,IF(K10>0,1,0),K10/L10-1)) | N10: =IF($A10="","",MAX(F10-G10,F10-I10)) | O10: =IF($A10="","",IFERROR((월별집계!$Z10-AVERAGE(월별집계!N10:Y10))/STDEV(월별집계!N10:Y10),0)) | P10: =IF($A10="","",SUMIFS(예산판_원본!$O$5:$O$5000,예산판_원본!$L$5:$L$5000,$E10,예산판_원본!$M$5:$M$5000,설정!$C$6)) | Q10: =IF($A10="","",SUMIFS(월별집계!$C10:$Z10,월별집계!$C$5:$Z$5,">="&(설정!$C$6*12+1),월별집계!$C$5:$Z$5,"<="&설정!$C$20)) | R10: =IF($A10="","",P10-Q10) | S10: =IF($A10="","",AVERAGE(월별집계!X10:Z10)*(12-설정!$C$7)) | T10: =IF($A10="","",IFERROR(Q10/(SUMIFS(월별집계!$C10:$Z10,월별집계!$C$5:$Z$5,">="&((설정!$C$6-1)*12+1),월별집계!$C$5:$Z$5,"<="&(설정!$C$20-12))/SUMIFS(월별집계!$C10:$Z10,월별집계!$C$5:$Z$5,">="&((설정!$C$6-1)*12+1),월별집계!$C$5:$Z$5,"<="&((설정!$C$6-1)*12+12)))-Q10,S10)) | U10: =IF($A10="","",Q10+MAX(S10,T10)) | V10: =IF($A10="","",IF(P10=0,0,U10/P10)) | W10: =IF($A10="","",IF(AND(P10=0,Q10>0),"무예산",IF(P10=0,"-",IF(V10>설정!$C$12,"부족 예상",IF(V10>설정!$C$11,"주의","여유"))))) | X10: =IF($A10="","",IF(P10=0,0,MAX(0,U10-P10))) | Y10: =IF($A10="","",IF(OR(W10<>"부족 예상",설정!$C$7=12),"",IF(R10<=0,"이미 초과",MIN(12,설정!$C$7+ROUNDUP(R10/(MAX(S10,T10)/(12-설정!$C$7)),0))&"월"))) | Z10: =IF($A10="","",TRIM(IF(N(AC10)>=설정!$C$14,"단건"&TEXT(AC10,"0%")&" ","")&IF(AND(N10>0,AD10>0),IF(AD10/N10>=설정!$C$16,"SA대체 ",""),"")&IF(AE10>0,"역분개"&AE10&"건 ","")&IF(O10>=설정!$C$13,"이상치 ","")&IF(AND(I10=0,F10>0),"신규지출 ",""))) | AA10: =IF($A10="","",ROUND((AF10+AG10+AH10+AI10)*IF(AND(F10<설정!$C$10,N10<설정!$C$10),0.3,1),1)) | AB10: =IF($A10="","",AA10+ROW()/1000000) | AC10: =IF(OR($A10="",N10<=0),"",SUMPRODUCT(MAX((전표_원본!$O$5:$O$100000=$E10)*(전표_원본!$M$5:$M$100000=설정!$C$20)*전표_원본!$P$5:$P$100000))/N10) | AD10: =IF($A10="","",SUMIFS(전표_원본!$P$5:$P$100000,전표_원본!$O$5:$O$100000,$E10,전표_원본!$M$5:$M$100000,설정!$C$20,전표_원본!$E$5:$E$100000,"SA")-SUMIFS(전표_원본!$P$5:$P$100000,전표_원본!$O$5:$O$100000,$E10,전표_원본!$M$5:$M$100000,설정!$C$20-1,전표_원본!$E$5:$E$100000,"SA")) | AE10: =IF($A10="","",COUNTIFS(전표_원본!$O$5:$O$100000,$E10,전표_원본!$M$5:$M$100000,설정!$C$20,전표_원본!$P$5:$P$100000,"<0")) | AF10: =IF($A10="","",MIN(MAX(0,N10)/(설정!$C$10*5),1)*30) | AG10: =IF($A10="","",MIN(MAX(0,H10,J10),1)*20) | AH10: =IF($A10="","",MIN(MAX(0,O10)/3,1)*25) | AI10: =IF($A10="","",IF(OR(W10="부족 예상",W10="무예산"),25,IF(W10="주의",15,0)))
A11: D100 | B11: =IF($A11="","",IFERROR(INDEX(부서매핑!$D$5:$D$504,MATCH($A11,부서매핑!$C$5:$C$504,0)),"부서매핑 없음")) | C11: 62501000 | D11: =IF($A11="","",IFERROR(INDEX(계정매핑!$B$5:$B$504,MATCH($C11&"",계정매핑!$A$5:$A$504,0)),"계정매핑 없음")) | E11: =IF($A11="","",$A11&"|"&$C11) | F11: =IF($A11="","",월별집계!$Z11) | G11: =IF($A11="","",월별집계!$Y11) | H11: =IF($A11="","",IF(G11<=0,IF(F11>0,1,0),F11/G11-1)) | I11: =IF($A11="","",월별집계!$N11) | J11: =IF($A11="","",IF(I11<=0,IF(F11>0,1,0),F11/I11-1)) | K11: =IF($A11="","",SUMIFS(월별집계!$C11:$Z11,월별집계!$C$5:$Z$5,">="&설정!$C$22,월별집계!$C$5:$Z$5,"<="&설정!$C$20)) | L11: =IF($A11="","",SUMIFS(월별집계!$C11:$Z11,월별집계!$C$5:$Z$5,">="&(설정!$C$22-3),월별집계!$C$5:$Z$5,"<="&(설정!$C$20-3))) | M11: =IF($A11="","",IF(L11<=0,IF(K11>0,1,0),K11/L11-1)) | N11: =IF($A11="","",MAX(F11-G11,F11-I11)) | O11: =IF($A11="","",IFERROR((월별집계!$Z11-AVERAGE(월별집계!N11:Y11))/STDEV(월별집계!N11:Y11),0)) | P11: =IF($A11="","",SUMIFS(예산판_원본!$O$5:$O$5000,예산판_원본!$L$5:$L$5000,$E11,예산판_원본!$M$5:$M$5000,설정!$C$6)) | Q11: =IF($A11="","",SUMIFS(월별집계!$C11:$Z11,월별집계!$C$5:$Z$5,">="&(설정!$C$6*12+1),월별집계!$C$5:$Z$5,"<="&설정!$C$20)) | R11: =IF($A11="","",P11-Q11) | S11: =IF($A11="","",AVERAGE(월별집계!X11:Z11)*(12-설정!$C$7)) | T11: =IF($A11="","",IFERROR(Q11/(SUMIFS(월별집계!$C11:$Z11,월별집계!$C$5:$Z$5,">="&((설정!$C$6-1)*12+1),월별집계!$C$5:$Z$5,"<="&(설정!$C$20-12))/SUMIFS(월별집계!$C11:$Z11,월별집계!$C$5:$Z$5,">="&((설정!$C$6-1)*12+1),월별집계!$C$5:$Z$5,"<="&((설정!$C$6-1)*12+12)))-Q11,S11)) | U11: =IF($A11="","",Q11+MAX(S11,T11)) | V11: =IF($A11="","",IF(P11=0,0,U11/P11)) | W11: =IF($A11="","",IF(AND(P11=0,Q11>0),"무예산",IF(P11=0,"-",IF(V11>설정!$C$12,"부족 예상",IF(V11>설정!$C$11,"주의","여유"))))) | X11: =IF($A11="","",IF(P11=0,0,MAX(0,U11-P11))) | Y11: =IF($A11="","",IF(OR(W11<>"부족 예상",설정!$C$7=12),"",IF(R11<=0,"이미 초과",MIN(12,설정!$C$7+ROUNDUP(R11/(MAX(S11,T11)/(12-설정!$C$7)),0))&"월"))) | Z11: =IF($A11="","",TRIM(IF(N(AC11)>=설정!$C$14,"단건"&TEXT(AC11,"0%")&" ","")&IF(AND(N11>0,AD11>0),IF(AD11/N11>=설정!$C$16,"SA대체 ",""),"")&IF(AE11>0,"역분개"&AE11&"건 ","")&IF(O11>=설정!$C$13,"이상치 ","")&IF(AND(I11=0,F11>0),"신규지출 ",""))) | AA11: =IF($A11="","",ROUND((AF11+AG11+AH11+AI11)*IF(AND(F11<설정!$C$10,N11<설정!$C$10),0.3,1),1)) | AB11: =IF($A11="","",AA11+ROW()/1000000) | AC11: =IF(OR($A11="",N11<=0),"",SUMPRODUCT(MAX((전표_원본!$O$5:$O$100000=$E11)*(전표_원본!$M$5:$M$100000=설정!$C$20)*전표_원본!$P$5:$P$100000))/N11) | AD11: =IF($A11="","",SUMIFS(전표_원본!$P$5:$P$100000,전표_원본!$O$5:$O$100000,$E11,전표_원본!$M$5:$M$100000,설정!$C$20,전표_원본!$E$5:$E$100000,"SA")-SUMIFS(전표_원본!$P$5:$P$100000,전표_원본!$O$5:$O$100000,$E11,전표_원본!$M$5:$M$100000,설정!$C$20-1,전표_원본!$E$5:$E$100000,"SA")) | AE11: =IF($A11="","",COUNTIFS(전표_원본!$O$5:$O$100000,$E11,전표_원본!$M$5:$M$100000,설정!$C$20,전표_원본!$P$5:$P$100000,"<0")) | AF11: =IF($A11="","",MIN(MAX(0,N11)/(설정!$C$10*5),1)*30) | AG11: =IF($A11="","",MIN(MAX(0,H11,J11),1)*20) | AH11: =IF($A11="","",MIN(MAX(0,O11)/3,1)*25) | AI11: =IF($A11="","",IF(OR(W11="부족 예상",W11="무예산"),25,IF(W11="주의",15,0)))
A12: D100 | B12: =IF($A12="","",IFERROR(INDEX(부서매핑!$D$5:$D$504,MATCH($A12,부서매핑!$C$5:$C$504,0)),"부서매핑 없음")) | C12: 62601000 | D12: =IF($A12="","",IFERROR(INDEX(계정매핑!$B$5:$B$504,MATCH($C12&"",계정매핑!$A$5:$A$504,0)),"계정매핑 없음")) | E12: =IF($A12="","",$A12&"|"&$C12) | F12: =IF($A12="","",월별집계!$Z12) | G12: =IF($A12="","",월별집계!$Y12) | H12: =IF($A12="","",IF(G12<=0,IF(F12>0,1,0),F12/G12-1)) | I12: =IF($A12="","",월별집계!$N12) | J12: =IF($A12="","",IF(I12<=0,IF(F12>0,1,0),F12/I12-1)) | K12: =IF($A12="","",SUMIFS(월별집계!$C12:$Z12,월별집계!$C$5:$Z$5,">="&설정!$C$22,월별집계!$C$5:$Z$5,"<="&설정!$C$20)) | L12: =IF($A12="","",SUMIFS(월별집계!$C12:$Z12,월별집계!$C$5:$Z$5,">="&(설정!$C$22-3),월별집계!$C$5:$Z$5,"<="&(설정!$C$20-3))) | M12: =IF($A12="","",IF(L12<=0,IF(K12>0,1,0),K12/L12-1)) | N12: =IF($A12="","",MAX(F12-G12,F12-I12)) | O12: =IF($A12="","",IFERROR((월별집계!$Z12-AVERAGE(월별집계!N12:Y12))/STDEV(월별집계!N12:Y12),0)) | P12: =IF($A12="","",SUMIFS(예산판_원본!$O$5:$O$5000,예산판_원본!$L$5:$L$5000,$E12,예산판_원본!$M$5:$M$5000,설정!$C$6)) | Q12: =IF($A12="","",SUMIFS(월별집계!$C12:$Z12,월별집계!$C$5:$Z$5,">="&(설정!$C$6*12+1),월별집계!$C$5:$Z$5,"<="&설정!$C$20)) | R12: =IF($A12="","",P12-Q12) | S12: =IF($A12="","",AVERAGE(월별집계!X12:Z12)*(12-설정!$C$7)) | T12: =IF($A12="","",IFERROR(Q12/(SUMIFS(월별집계!$C12:$Z12,월별집계!$C$5:$Z$5,">="&((설정!$C$6-1)*12+1),월별집계!$C$5:$Z$5,"<="&(설정!$C$20-12))/SUMIFS(월별집계!$C12:$Z12,월별집계!$C$5:$Z$5,">="&((설정!$C$6-1)*12+1),월별집계!$C$5:$Z$5,"<="&((설정!$C$6-1)*12+12)))-Q12,S12)) | U12: =IF($A12="","",Q12+MAX(S12,T12)) | V12: =IF($A12="","",IF(P12=0,0,U12/P12)) | W12: =IF($A12="","",IF(AND(P12=0,Q12>0),"무예산",IF(P12=0,"-",IF(V12>설정!$C$12,"부족 예상",IF(V12>설정!$C$11,"주의","여유"))))) | X12: =IF($A12="","",IF(P12=0,0,MAX(0,U12-P12))) | Y12: =IF($A12="","",IF(OR(W12<>"부족 예상",설정!$C$7=12),"",IF(R12<=0,"이미 초과",MIN(12,설정!$C$7+ROUNDUP(R12/(MAX(S12,T12)/(12-설정!$C$7)),0))&"월"))) | Z12: =IF($A12="","",TRIM(IF(N(AC12)>=설정!$C$14,"단건"&TEXT(AC12,"0%")&" ","")&IF(AND(N12>0,AD12>0),IF(AD12/N12>=설정!$C$16,"SA대체 ",""),"")&IF(AE12>0,"역분개"&AE12&"건 ","")&IF(O12>=설정!$C$13,"이상치 ","")&IF(AND(I12=0,F12>0),"신규지출 ",""))) | AA12: =IF($A12="","",ROUND((AF12+AG12+AH12+AI12)*IF(AND(F12<설정!$C$10,N12<설정!$C$10),0.3,1),1)) | AB12: =IF($A12="","",AA12+ROW()/1000000) | AC12: =IF(OR($A12="",N12<=0),"",SUMPRODUCT(MAX((전표_원본!$O$5:$O$100000=$E12)*(전표_원본!$M$5:$M$100000=설정!$C$20)*전표_원본!$P$5:$P$100000))/N12) | AD12: =IF($A12="","",SUMIFS(전표_원본!$P$5:$P$100000,전표_원본!$O$5:$O$100000,$E12,전표_원본!$M$5:$M$100000,설정!$C$20,전표_원본!$E$5:$E$100000,"SA")-SUMIFS(전표_원본!$P$5:$P$100000,전표_원본!$O$5:$O$100000,$E12,전표_원본!$M$5:$M$100000,설정!$C$20-1,전표_원본!$E$5:$E$100000,"SA")) | AE12: =IF($A12="","",COUNTIFS(전표_원본!$O$5:$O$100000,$E12,전표_원본!$M$5:$M$100000,설정!$C$20,전표_원본!$P$5:$P$100000,"<0")) | AF12: =IF($A12="","",MIN(MAX(0,N12)/(설정!$C$10*5),1)*30) | AG12: =IF($A12="","",MIN(MAX(0,H12,J12),1)*20) | AH12: =IF($A12="","",MIN(MAX(0,O12)/3,1)*25) | AI12: =IF($A12="","",IF(OR(W12="부족 예상",W12="무예산"),25,IF(W12="주의",15,0)))
A13: D100 | B13: =IF($A13="","",IFERROR(INDEX(부서매핑!$D$5:$D$504,MATCH($A13,부서매핑!$C$5:$C$504,0)),"부서매핑 없음")) | C13: 62901000 | D13: =IF($A13="","",IFERROR(INDEX(계정매핑!$B$5:$B$504,MATCH($C13&"",계정매핑!$A$5:$A$504,0)),"계정매핑 없음")) | E13: =IF($A13="","",$A13&"|"&$C13) | F13: =IF($A13="","",월별집계!$Z13) | G13: =IF($A13="","",월별집계!$Y13) | H13: =IF($A13="","",IF(G13<=0,IF(F13>0,1,0),F13/G13-1)) | I13: =IF($A13="","",월별집계!$N13) | J13: =IF($A13="","",IF(I13<=0,IF(F13>0,1,0),F13/I13-1)) | K13: =IF($A13="","",SUMIFS(월별집계!$C13:$Z13,월별집계!$C$5:$Z$5,">="&설정!$C$22,월별집계!$C$5:$Z$5,"<="&설정!$C$20)) | L13: =IF($A13="","",SUMIFS(월별집계!$C13:$Z13,월별집계!$C$5:$Z$5,">="&(설정!$C$22-3),월별집계!$C$5:$Z$5,"<="&(설정!$C$20-3))) | M13: =IF($A13="","",IF(L13<=0,IF(K13>0,1,0),K13/L13-1)) | N13: =IF($A13="","",MAX(F13-G13,F13-I13)) | O13: =IF($A13="","",IFERROR((월별집계!$Z13-AVERAGE(월별집계!N13:Y13))/STDEV(월별집계!N13:Y13),0)) | P13: =IF($A13="","",SUMIFS(예산판_원본!$O$5:$O$5000,예산판_원본!$L$5:$L$5000,$E13,예산판_원본!$M$5:$M$5000,설정!$C$6)) | Q13: =IF($A13="","",SUMIFS(월별집계!$C13:$Z13,월별집계!$C$5:$Z$5,">="&(설정!$C$6*12+1),월별집계!$C$5:$Z$5,"<="&설정!$C$20)) | R13: =IF($A13="","",P13-Q13) | S13: =IF($A13="","",AVERAGE(월별집계!X13:Z13)*(12-설정!$C$7)) | T13: =IF($A13="","",IFERROR(Q13/(SUMIFS(월별집계!$C13:$Z13,월별집계!$C$5:$Z$5,">="&((설정!$C$6-1)*12+1),월별집계!$C$5:$Z$5,"<="&(설정!$C$20-12))/SUMIFS(월별집계!$C13:$Z13,월별집계!$C$5:$Z$5,">="&((설정!$C$6-1)*12+1),월별집계!$C$5:$Z$5,"<="&((설정!$C$6-1)*12+12)))-Q13,S13)) | U13: =IF($A13="","",Q13+MAX(S13,T13)) | V13: =IF($A13="","",IF(P13=0,0,U13/P13)) | W13: =IF($A13="","",IF(AND(P13=0,Q13>0),"무예산",IF(P13=0,"-",IF(V13>설정!$C$12,"부족 예상",IF(V13>설정!$C$11,"주의","여유"))))) | X13: =IF($A13="","",IF(P13=0,0,MAX(0,U13-P13))) | Y13: =IF($A13="","",IF(OR(W13<>"부족 예상",설정!$C$7=12),"",IF(R13<=0,"이미 초과",MIN(12,설정!$C$7+ROUNDUP(R13/(MAX(S13,T13)/(12-설정!$C$7)),0))&"월"))) | Z13: =IF($A13="","",TRIM(IF(N(AC13)>=설정!$C$14,"단건"&TEXT(AC13,"0%")&" ","")&IF(AND(N13>0,AD13>0),IF(AD13/N13>=설정!$C$16,"SA대체 ",""),"")&IF(AE13>0,"역분개"&AE13&"건 ","")&IF(O13>=설정!$C$13,"이상치 ","")&IF(AND(I13=0,F13>0),"신규지출 ",""))) | AA13: =IF($A13="","",ROUND((AF13+AG13+AH13+AI13)*IF(AND(F13<설정!$C$10,N13<설정!$C$10),0.3,1),1)) | AB13: =IF($A13="","",AA13+ROW()/1000000) | AC13: =IF(OR($A13="",N13<=0),"",SUMPRODUCT(MAX((전표_원본!$O$5:$O$100000=$E13)*(전표_원본!$M$5:$M$100000=설정!$C$20)*전표_원본!$P$5:$P$100000))/N13) | AD13: =IF($A13="","",SUMIFS(전표_원본!$P$5:$P$100000,전표_원본!$O$5:$O$100000,$E13,전표_원본!$M$5:$M$100000,설정!$C$20,전표_원본!$E$5:$E$100000,"SA")-SUMIFS(전표_원본!$P$5:$P$100000,전표_원본!$O$5:$O$100000,$E13,전표_원본!$M$5:$M$100000,설정!$C$20-1,전표_원본!$E$5:$E$100000,"SA")) | AE13: =IF($A13="","",COUNTIFS(전표_원본!$O$5:$O$100000,$E13,전표_원본!$M$5:$M$100000,설정!$C$20,전표_원본!$P$5:$P$100000,"<0")) | AF13: =IF($A13="","",MIN(MAX(0,N13)/(설정!$C$10*5),1)*30) | AG13: =IF($A13="","",MIN(MAX(0,H13,J13),1)*20) | AH13: =IF($A13="","",MIN(MAX(0,O13)/3,1)*25) | AI13: =IF($A13="","",IF(OR(W13="부족 예상",W13="무예산"),25,IF(W13="주의",15,0)))
A14: D100 | B14: =IF($A14="","",IFERROR(INDEX(부서매핑!$D$5:$D$504,MATCH($A14,부서매핑!$C$5:$C$504,0)),"부서매핑 없음")) | C14: 62902000 | D14: =IF($A14="","",IFERROR(INDEX(계정매핑!$B$5:$B$504,MATCH($C14&"",계정매핑!$A$5:$A$504,0)),"계정매핑 없음")) | E14: =IF($A14="","",$A14&"|"&$C14) | F14: =IF($A14="","",월별집계!$Z14) | G14: =IF($A14="","",월별집계!$Y14) | H14: =IF($A14="","",IF(G14<=0,IF(F14>0,1,0),F14/G14-1)) | I14: =IF($A14="","",월별집계!$N14) | J14: =IF($A14="","",IF(I14<=0,IF(F14>0,1,0),F14/I14-1)) | K14: =IF($A14="","",SUMIFS(월별집계!$C14:$Z14,월별집계!$C$5:$Z$5,">="&설정!$C$22,월별집계!$C$5:$Z$5,"<="&설정!$C$20)) | L14: =IF($A14="","",SUMIFS(월별집계!$C14:$Z14,월별집계!$C$5:$Z$5,">="&(설정!$C$22-3),월별집계!$C$5:$Z$5,"<="&(설정!$C$20-3))) | M14: =IF($A14="","",IF(L14<=0,IF(K14>0,1,0),K14/L14-1)) | N14: =IF($A14="","",MAX(F14-G14,F14-I14)) | O14: =IF($A14="","",IFERROR((월별집계!$Z14-AVERAGE(월별집계!N14:Y14))/STDEV(월별집계!N14:Y14),0)) | P14: =IF($A14="","",SUMIFS(예산판_원본!$O$5:$O$5000,예산판_원본!$L$5:$L$5000,$E14,예산판_원본!$M$5:$M$5000,설정!$C$6)) | Q14: =IF($A14="","",SUMIFS(월별집계!$C14:$Z14,월별집계!$C$5:$Z$5,">="&(설정!$C$6*12+1),월별집계!$C$5:$Z$5,"<="&설정!$C$20)) | R14: =IF($A14="","",P14-Q14) | S14: =IF($A14="","",AVERAGE(월별집계!X14:Z14)*(12-설정!$C$7)) | T14: =IF($A14="","",IFERROR(Q14/(SUMIFS(월별집계!$C14:$Z14,월별집계!$C$5:$Z$5,">="&((설정!$C$6-1)*12+1),월별집계!$C$5:$Z$5,"<="&(설정!$C$20-12))/SUMIFS(월별집계!$C14:$Z14,월별집계!$C$5:$Z$5,">="&((설정!$C$6-1)*12+1),월별집계!$C$5:$Z$5,"<="&((설정!$C$6-1)*12+12)))-Q14,S14)) | U14: =IF($A14="","",Q14+MAX(S14,T14)) | V14: =IF($A14="","",IF(P14=0,0,U14/P14)) | W14: =IF($A14="","",IF(AND(P14=0,Q14>0),"무예산",IF(P14=0,"-",IF(V14>설정!$C$12,"부족 예상",IF(V14>설정!$C$11,"주의","여유"))))) | X14: =IF($A14="","",IF(P14=0,0,MAX(0,U14-P14))) | Y14: =IF($A14="","",IF(OR(W14<>"부족 예상",설정!$C$7=12),"",IF(R14<=0,"이미 초과",MIN(12,설정!$C$7+ROUNDUP(R14/(MAX(S14,T14)/(12-설정!$C$7)),0))&"월"))) | Z14: =IF($A14="","",TRIM(IF(N(AC14)>=설정!$C$14,"단건"&TEXT(AC14,"0%")&" ","")&IF(AND(N14>0,AD14>0),IF(AD14/N14>=설정!$C$16,"SA대체 ",""),"")&IF(AE14>0,"역분개"&AE14&"건 ","")&IF(O14>=설정!$C$13,"이상치 ","")&IF(AND(I14=0,F14>0),"신규지출 ",""))) | AA14: =IF($A14="","",ROUND((AF14+AG14+AH14+AI14)*IF(AND(F14<설정!$C$10,N14<설정!$C$10),0.3,1),1)) | AB14: =IF($A14="","",AA14+ROW()/1000000) | AC14: =IF(OR($A14="",N14<=0),"",SUMPRODUCT(MAX((전표_원본!$O$5:$O$100000=$E14)*(전표_원본!$M$5:$M$100000=설정!$C$20)*전표_원본!$P$5:$P$100000))/N14) | AD14: =IF($A14="","",SUMIFS(전표_원본!$P$5:$P$100000,전표_원본!$O$5:$O$100000,$E14,전표_원본!$M$5:$M$100000,설정!$C$20,전표_원본!$E$5:$E$100000,"SA")-SUMIFS(전표_원본!$P$5:$P$100000,전표_원본!$O$5:$O$100000,$E14,전표_원본!$M$5:$M$100000,설정!$C$20-1,전표_원본!$E$5:$E$100000,"SA")) | AE14: =IF($A14="","",COUNTIFS(전표_원본!$O$5:$O$100000,$E14,전표_원본!$M$5:$M$100000,설정!$C$20,전표_원본!$P$5:$P$100000,"<0")) | AF14: =IF($A14="","",MIN(MAX(0,N14)/(설정!$C$10*5),1)*30) | AG14: =IF($A14="","",MIN(MAX(0,H14,J14),1)*20) | AH14: =IF($A14="","",MIN(MAX(0,O14)/3,1)*25) | AI14: =IF($A14="","",IF(OR(W14="부족 예상",W14="무예산"),25,IF(W14="주의",15,0)))
A15: D200 | B15: =IF($A15="","",IFERROR(INDEX(부서매핑!$D$5:$D$504,MATCH($A15,부서매핑!$C$5:$C$504,0)),"부서매핑 없음")) | C15: 62101000 | D15: =IF($A15="","",IFERROR(INDEX(계정매핑!$B$5:$B$504,MATCH($C15&"",계정매핑!$A$5:$A$504,0)),"계정매핑 없음")) | E15: =IF($A15="","",$A15&"|"&$C15) | F15: =IF($A15="","",월별집계!$Z15) | G15: =IF($A15="","",월별집계!$Y15) | H15: =IF($A15="","",IF(G15<=0,IF(F15>0,1,0),F15/G15-1)) | I15: =IF($A15="","",월별집계!$N15) | J15: =IF($A15="","",IF(I15<=0,IF(F15>0,1,0),F15/I15-1)) | K15: =IF($A15="","",SUMIFS(월별집계!$C15:$Z15,월별집계!$C$5:$Z$5,">="&설정!$C$22,월별집계!$C$5:$Z$5,"<="&설정!$C$20)) | L15: =IF($A15="","",SUMIFS(월별집계!$C15:$Z15,월별집계!$C$5:$Z$5,">="&(설정!$C$22-3),월별집계!$C$5:$Z$5,"<="&(설정!$C$20-3))) | M15: =IF($A15="","",IF(L15<=0,IF(K15>0,1,0),K15/L15-1)) | N15: =IF($A15="","",MAX(F15-G15,F15-I15)) | O15: =IF($A15="","",IFERROR((월별집계!$Z15-AVERAGE(월별집계!N15:Y15))/STDEV(월별집계!N15:Y15),0)) | P15: =IF($A15="","",SUMIFS(예산판_원본!$O$5:$O$5000,예산판_원본!$L$5:$L$5000,$E15,예산판_원본!$M$5:$M$5000,설정!$C$6)) | Q15: =IF($A15="","",SUMIFS(월별집계!$C15:$Z15,월별집계!$C$5:$Z$5,">="&(설정!$C$6*12+1),월별집계!$C$5:$Z$5,"<="&설정!$C$20)) | R15: =IF($A15="","",P15-Q15) | S15: =IF($A15="","",AVERAGE(월별집계!X15:Z15)*(12-설정!$C$7)) | T15: =IF($A15="","",IFERROR(Q15/(SUMIFS(월별집계!$C15:$Z15,월별집계!$C$5:$Z$5,">="&((설정!$C$6-1)*12+1),월별집계!$C$5:$Z$5,"<="&(설정!$C$20-12))/SUMIFS(월별집계!$C15:$Z15,월별집계!$C$5:$Z$5,">="&((설정!$C$6-1)*12+1),월별집계!$C$5:$Z$5,"<="&((설정!$C$6-1)*12+12)))-Q15,S15)) | U15: =IF($A15="","",Q15+MAX(S15,T15)) | V15: =IF($A15="","",IF(P15=0,0,U15/P15)) | W15: =IF($A15="","",IF(AND(P15=0,Q15>0),"무예산",IF(P15=0,"-",IF(V15>설정!$C$12,"부족 예상",IF(V15>설정!$C$11,"주의","여유"))))) | X15: =IF($A15="","",IF(P15=0,0,MAX(0,U15-P15))) | Y15: =IF($A15="","",IF(OR(W15<>"부족 예상",설정!$C$7=12),"",IF(R15<=0,"이미 초과",MIN(12,설정!$C$7+ROUNDUP(R15/(MAX(S15,T15)/(12-설정!$C$7)),0))&"월"))) | Z15: =IF($A15="","",TRIM(IF(N(AC15)>=설정!$C$14,"단건"&TEXT(AC15,"0%")&" ","")&IF(AND(N15>0,AD15>0),IF(AD15/N15>=설정!$C$16,"SA대체 ",""),"")&IF(AE15>0,"역분개"&AE15&"건 ","")&IF(O15>=설정!$C$13,"이상치 ","")&IF(AND(I15=0,F15>0),"신규지출 ",""))) | AA15: =IF($A15="","",ROUND((AF15+AG15+AH15+AI15)*IF(AND(F15<설정!$C$10,N15<설정!$C$10),0.3,1),1)) | AB15: =IF($A15="","",AA15+ROW()/1000000) | AC15: =IF(OR($A15="",N15<=0),"",SUMPRODUCT(MAX((전표_원본!$O$5:$O$100000=$E15)*(전표_원본!$M$5:$M$100000=설정!$C$20)*전표_원본!$P$5:$P$100000))/N15) | AD15: =IF($A15="","",SUMIFS(전표_원본!$P$5:$P$100000,전표_원본!$O$5:$O$100000,$E15,전표_원본!$M$5:$M$100000,설정!$C$20,전표_원본!$E$5:$E$100000,"SA")-SUMIFS(전표_원본!$P$5:$P$100000,전표_원본!$O$5:$O$100000,$E15,전표_원본!$M$5:$M$100000,설정!$C$20-1,전표_원본!$E$5:$E$100000,"SA")) | AE15: =IF($A15="","",COUNTIFS(전표_원본!$O$5:$O$100000,$E15,전표_원본!$M$5:$M$100000,설정!$C$20,전표_원본!$P$5:$P$100000,"<0")) | AF15: =IF($A15="","",MIN(MAX(0,N15)/(설정!$C$10*5),1)*30) | AG15: =IF($A15="","",MIN(MAX(0,H15,J15),1)*20) | AH15: =IF($A15="","",MIN(MAX(0,O15)/3,1)*25) | AI15: =IF($A15="","",IF(OR(W15="부족 예상",W15="무예산"),25,IF(W15="주의",15,0)))
A16: D200 | B16: =IF($A16="","",IFERROR(INDEX(부서매핑!$D$5:$D$504,MATCH($A16,부서매핑!$C$5:$C$504,0)),"부서매핑 없음")) | C16: 62102000 | D16: =IF($A16="","",IFERROR(INDEX(계정매핑!$B$5:$B$504,MATCH($C16&"",계정매핑!$A$5:$A$504,0)),"계정매핑 없음")) | E16: =IF($A16="","",$A16&"|"&$C16) | F16: =IF($A16="","",월별집계!$Z16) | G16: =IF($A16="","",월별집계!$Y16) | H16: =IF($A16="","",IF(G16<=0,IF(F16>0,1,0),F16/G16-1)) | I16: =IF($A16="","",월별집계!$N16) | J16: =IF($A16="","",IF(I16<=0,IF(F16>0,1,0),F16/I16-1)) | K16: =IF($A16="","",SUMIFS(월별집계!$C16:$Z16,월별집계!$C$5:$Z$5,">="&설정!$C$22,월별집계!$C$5:$Z$5,"<="&설정!$C$20)) | L16: =IF($A16="","",SUMIFS(월별집계!$C16:$Z16,월별집계!$C$5:$Z$5,">="&(설정!$C$22-3),월별집계!$C$5:$Z$5,"<="&(설정!$C$20-3))) | M16: =IF($A16="","",IF(L16<=0,IF(K16>0,1,0),K16/L16-1)) | N16: =IF($A16="","",MAX(F16-G16,F16-I16)) | O16: =IF($A16="","",IFERROR((월별집계!$Z16-AVERAGE(월별집계!N16:Y16))/STDEV(월별집계!N16:Y16),0)) | P16: =IF($A16="","",SUMIFS(예산판_원본!$O$5:$O$5000,예산판_원본!$L$5:$L$5000,$E16,예산판_원본!$M$5:$M$5000,설정!$C$6)) | Q16: =IF($A16="","",SUMIFS(월별집계!$C16:$Z16,월별집계!$C$5:$Z$5,">="&(설정!$C$6*12+1),월별집계!$C$5:$Z$5,"<="&설정!$C$20)) | R16: =IF($A16="","",P16-Q16) | S16: =IF($A16="","",AVERAGE(월별집계!X16:Z16)*(12-설정!$C$7)) | T16: =IF($A16="","",IFERROR(Q16/(SUMIFS(월별집계!$C16:$Z16,월별집계!$C$5:$Z$5,">="&((설정!$C$6-1)*12+1),월별집계!$C$5:$Z$5,"<="&(설정!$C$20-12))/SUMIFS(월별집계!$C16:$Z16,월별집계!$C$5:$Z$5,">="&((설정!$C$6-1)*12+1),월별집계!$C$5:$Z$5,"<="&((설정!$C$6-1)*12+12)))-Q16,S16)) | U16: =IF($A16="","",Q16+MAX(S16,T16)) | V16: =IF($A16="","",IF(P16=0,0,U16/P16)) | W16: =IF($A16="","",IF(AND(P16=0,Q16>0),"무예산",IF(P16=0,"-",IF(V16>설정!$C$12,"부족 예상",IF(V16>설정!$C$11,"주의","여유"))))) | X16: =IF($A16="","",IF(P16=0,0,MAX(0,U16-P16))) | Y16: =IF($A16="","",IF(OR(W16<>"부족 예상",설정!$C$7=12),"",IF(R16<=0,"이미 초과",MIN(12,설정!$C$7+ROUNDUP(R16/(MAX(S16,T16)/(12-설정!$C$7)),0))&"월"))) | Z16: =IF($A16="","",TRIM(IF(N(AC16)>=설정!$C$14,"단건"&TEXT(AC16,"0%")&" ","")&IF(AND(N16>0,AD16>0),IF(AD16/N16>=설정!$C$16,"SA대체 ",""),"")&IF(AE16>0,"역분개"&AE16&"건 ","")&IF(O16>=설정!$C$13,"이상치 ","")&IF(AND(I16=0,F16>0),"신규지출 ",""))) | AA16: =IF($A16="","",ROUND((AF16+AG16+AH16+AI16)*IF(AND(F16<설정!$C$10,N16<설정!$C$10),0.3,1),1)) | AB16: =IF($A16="","",AA16+ROW()/1000000) | AC16: =IF(OR($A16="",N16<=0),"",SUMPRODUCT(MAX((전표_원본!$O$5:$O$100000=$E16)*(전표_원본!$M$5:$M$100000=설정!$C$20)*전표_원본!$P$5:$P$100000))/N16) | AD16: =IF($A16="","",SUMIFS(전표_원본!$P$5:$P$100000,전표_원본!$O$5:$O$100000,$E16,전표_원본!$M$5:$M$100000,설정!$C$20,전표_원본!$E$5:$E$100000,"SA")-SUMIFS(전표_원본!$P$5:$P$100000,전표_원본!$O$5:$O$100000,$E16,전표_원본!$M$5:$M$100000,설정!$C$20-1,전표_원본!$E$5:$E$100000,"SA")) | AE16: =IF($A16="","",COUNTIFS(전표_원본!$O$5:$O$100000,$E16,전표_원본!$M$5:$M$100000,설정!$C$20,전표_원본!$P$5:$P$100000,"<0")) | AF16: =IF($A16="","",MIN(MAX(0,N16)/(설정!$C$10*5),1)*30) | AG16: =IF($A16="","",MIN(MAX(0,H16,J16),1)*20) | AH16: =IF($A16="","",MIN(MAX(0,O16)/3,1)*25) | AI16: =IF($A16="","",IF(OR(W16="부족 예상",W16="무예산"),25,IF(W16="주의",15,0)))
A17: D200 | B17: =IF($A17="","",IFERROR(INDEX(부서매핑!$D$5:$D$504,MATCH($A17,부서매핑!$C$5:$C$504,0)),"부서매핑 없음")) | C17: 62201000 | D17: =IF($A17="","",IFERROR(INDEX(계정매핑!$B$5:$B$504,MATCH($C17&"",계정매핑!$A$5:$A$504,0)),"계정매핑 없음")) | E17: =IF($A17="","",$A17&"|"&$C17) | F17: =IF($A17="","",월별집계!$Z17) | G17: =IF($A17="","",월별집계!$Y17) | H17: =IF($A17="","",IF(G17<=0,IF(F17>0,1,0),F17/G17-1)) | I17: =IF($A17="","",월별집계!$N17) | J17: =IF($A17="","",IF(I17<=0,IF(F17>0,1,0),F17/I17-1)) | K17: =IF($A17="","",SUMIFS(월별집계!$C17:$Z17,월별집계!$C$5:$Z$5,">="&설정!$C$22,월별집계!$C$5:$Z$5,"<="&설정!$C$20)) | L17: =IF($A17="","",SUMIFS(월별집계!$C17:$Z17,월별집계!$C$5:$Z$5,">="&(설정!$C$22-3),월별집계!$C$5:$Z$5,"<="&(설정!$C$20-3))) | M17: =IF($A17="","",IF(L17<=0,IF(K17>0,1,0),K17/L17-1)) | N17: =IF($A17="","",MAX(F17-G17,F17-I17)) | O17: =IF($A17="","",IFERROR((월별집계!$Z17-AVERAGE(월별집계!N17:Y17))/STDEV(월별집계!N17:Y17),0)) | P17: =IF($A17="","",SUMIFS(예산판_원본!$O$5:$O$5000,예산판_원본!$L$5:$L$5000,$E17,예산판_원본!$M$5:$M$5000,설정!$C$6)) | Q17: =IF($A17="","",SUMIFS(월별집계!$C17:$Z17,월별집계!$C$5:$Z$5,">="&(설정!$C$6*12+1),월별집계!$C$5:$Z$5,"<="&설정!$C$20)) | R17: =IF($A17="","",P17-Q17) | S17: =IF($A17="","",AVERAGE(월별집계!X17:Z17)*(12-설정!$C$7)) | T17: =IF($A17="","",IFERROR(Q17/(SUMIFS(월별집계!$C17:$Z17,월별집계!$C$5:$Z$5,">="&((설정!$C$6-1)*12+1),월별집계!$C$5:$Z$5,"<="&(설정!$C$20-12))/SUMIFS(월별집계!$C17:$Z17,월별집계!$C$5:$Z$5,">="&((설정!$C$6-1)*12+1),월별집계!$C$5:$Z$5,"<="&((설정!$C$6-1)*12+12)))-Q17,S17)) | U17: =IF($A17="","",Q17+MAX(S17,T17)) | V17: =IF($A17="","",IF(P17=0,0,U17/P17)) | W17: =IF($A17="","",IF(AND(P17=0,Q17>0),"무예산",IF(P17=0,"-",IF(V17>설정!$C$12,"부족 예상",IF(V17>설정!$C$11,"주의","여유"))))) | X17: =IF($A17="","",IF(P17=0,0,MAX(0,U17-P17))) | Y17: =IF($A17="","",IF(OR(W17<>"부족 예상",설정!$C$7=12),"",IF(R17<=0,"이미 초과",MIN(12,설정!$C$7+ROUNDUP(R17/(MAX(S17,T17)/(12-설정!$C$7)),0))&"월"))) | Z17: =IF($A17="","",TRIM(IF(N(AC17)>=설정!$C$14,"단건"&TEXT(AC17,"0%")&" ","")&IF(AND(N17>0,AD17>0),IF(AD17/N17>=설정!$C$16,"SA대체 ",""),"")&IF(AE17>0,"역분개"&AE17&"건 ","")&IF(O17>=설정!$C$13,"이상치 ","")&IF(AND(I17=0,F17>0),"신규지출 ",""))) | AA17: =IF($A17="","",ROUND((AF17+AG17+AH17+AI17)*IF(AND(F17<설정!$C$10,N17<설정!$C$10),0.3,1),1)) | AB17: =IF($A17="","",AA17+ROW()/1000000) | AC17: =IF(OR($A17="",N17<=0),"",SUMPRODUCT(MAX((전표_원본!$O$5:$O$100000=$E17)*(전표_원본!$M$5:$M$100000=설정!$C$20)*전표_원본!$P$5:$P$100000))/N17) | AD17: =IF($A17="","",SUMIFS(전표_원본!$P$5:$P$100000,전표_원본!$O$5:$O$100000,$E17,전표_원본!$M$5:$M$100000,설정!$C$20,전표_원본!$E$5:$E$100000,"SA")-SUMIFS(전표_원본!$P$5:$P$100000,전표_원본!$O$5:$O$100000,$E17,전표_원본!$M$5:$M$100000,설정!$C$20-1,전표_원본!$E$5:$E$100000,"SA")) | AE17: =IF($A17="","",COUNTIFS(전표_원본!$O$5:$O$100000,$E17,전표_원본!$M$5:$M$100000,설정!$C$20,전표_원본!$P$5:$P$100000,"<0")) | AF17: =IF($A17="","",MIN(MAX(0,N17)/(설정!$C$10*5),1)*30) | AG17: =IF($A17="","",MIN(MAX(0,H17,J17),1)*20) | AH17: =IF($A17="","",MIN(MAX(0,O17)/3,1)*25) | AI17: =IF($A17="","",IF(OR(W17="부족 예상",W17="무예산"),25,IF(W17="주의",15,0)))
A18: D200 | B18: =IF($A18="","",IFERROR(INDEX(부서매핑!$D$5:$D$504,MATCH($A18,부서매핑!$C$5:$C$504,0)),"부서매핑 없음")) | C18: 62301000 | D18: =IF($A18="","",IFERROR(INDEX(계정매핑!$B$5:$B$504,MATCH($C18&"",계정매핑!$A$5:$A$504,0)),"계정매핑 없음")) | E18: =IF($A18="","",$A18&"|"&$C18) | F18: =IF($A18="","",월별집계!$Z18) | G18: =IF($A18="","",월별집계!$Y18) | H18: =IF($A18="","",IF(G18<=0,IF(F18>0,1,0),F18/G18-1)) | I18: =IF($A18="","",월별집계!$N18) | J18: =IF($A18="","",IF(I18<=0,IF(F18>0,1,0),F18/I18-1)) | K18: =IF($A18="","",SUMIFS(월별집계!$C18:$Z18,월별집계!$C$5:$Z$5,">="&설정!$C$22,월별집계!$C$5:$Z$5,"<="&설정!$C$20)) | L18: =IF($A18="","",SUMIFS(월별집계!$C18:$Z18,월별집계!$C$5:$Z$5,">="&(설정!$C$22-3),월별집계!$C$5:$Z$5,"<="&(설정!$C$20-3))) | M18: =IF($A18="","",IF(L18<=0,IF(K18>0,1,0),K18/L18-1)) | N18: =IF($A18="","",MAX(F18-G18,F18-I18)) | O18: =IF($A18="","",IFERROR((월별집계!$Z18-AVERAGE(월별집계!N18:Y18))/STDEV(월별집계!N18:Y18),0)) | P18: =IF($A18="","",SUMIFS(예산판_원본!$O$5:$O$5000,예산판_원본!$L$5:$L$5000,$E18,예산판_원본!$M$5:$M$5000,설정!$C$6)) | Q18: =IF($A18="","",SUMIFS(월별집계!$C18:$Z18,월별집계!$C$5:$Z$5,">="&(설정!$C$6*12+1),월별집계!$C$5:$Z$5,"<="&설정!$C$20)) | R18: =IF($A18="","",P18-Q18) | S18: =IF($A18="","",AVERAGE(월별집계!X18:Z18)*(12-설정!$C$7)) | T18: =IF($A18="","",IFERROR(Q18/(SUMIFS(월별집계!$C18:$Z18,월별집계!$C$5:$Z$5,">="&((설정!$C$6-1)*12+1),월별집계!$C$5:$Z$5,"<="&(설정!$C$20-12))/SUMIFS(월별집계!$C18:$Z18,월별집계!$C$5:$Z$5,">="&((설정!$C$6-1)*12+1),월별집계!$C$5:$Z$5,"<="&((설정!$C$6-1)*12+12)))-Q18,S18)) | U18: =IF($A18="","",Q18+MAX(S18,T18)) | V18: =IF($A18="","",IF(P18=0,0,U18/P18)) | W18: =IF($A18="","",IF(AND(P18=0,Q18>0),"무예산",IF(P18=0,"-",IF(V18>설정!$C$12,"부족 예상",IF(V18>설정!$C$11,"주의","여유"))))) | X18: =IF($A18="","",IF(P18=0,0,MAX(0,U18-P18))) | Y18: =IF($A18="","",IF(OR(W18<>"부족 예상",설정!$C$7=12),"",IF(R18<=0,"이미 초과",MIN(12,설정!$C$7+ROUNDUP(R18/(MAX(S18,T18)/(12-설정!$C$7)),0))&"월"))) | Z18: =IF($A18="","",TRIM(IF(N(AC18)>=설정!$C$14,"단건"&TEXT(AC18,"0%")&" ","")&IF(AND(N18>0,AD18>0),IF(AD18/N18>=설정!$C$16,"SA대체 ",""),"")&IF(AE18>0,"역분개"&AE18&"건 ","")&IF(O18>=설정!$C$13,"이상치 ","")&IF(AND(I18=0,F18>0),"신규지출 ",""))) | AA18: =IF($A18="","",ROUND((AF18+AG18+AH18+AI18)*IF(AND(F18<설정!$C$10,N18<설정!$C$10),0.3,1),1)) | AB18: =IF($A18="","",AA18+ROW()/1000000) | AC18: =IF(OR($A18="",N18<=0),"",SUMPRODUCT(MAX((전표_원본!$O$5:$O$100000=$E18)*(전표_원본!$M$5:$M$100000=설정!$C$20)*전표_원본!$P$5:$P$100000))/N18) | AD18: =IF($A18="","",SUMIFS(전표_원본!$P$5:$P$100000,전표_원본!$O$5:$O$100000,$E18,전표_원본!$M$5:$M$100000,설정!$C$20,전표_원본!$E$5:$E$100000,"SA")-SUMIFS(전표_원본!$P$5:$P$100000,전표_원본!$O$5:$O$100000,$E18,전표_원본!$M$5:$M$100000,설정!$C$20-1,전표_원본!$E$5:$E$100000,"SA")) | AE18: =IF($A18="","",COUNTIFS(전표_원본!$O$5:$O$100000,$E18,전표_원본!$M$5:$M$100000,설정!$C$20,전표_원본!$P$5:$P$100000,"<0")) | AF18: =IF($A18="","",MIN(MAX(0,N18)/(설정!$C$10*5),1)*30) | AG18: =IF($A18="","",MIN(MAX(0,H18,J18),1)*20) | AH18: =IF($A18="","",MIN(MAX(0,O18)/3,1)*25) | AI18: =IF($A18="","",IF(OR(W18="부족 예상",W18="무예산"),25,IF(W18="주의",15,0)))
... A69: D800 | B69: =IF($A69="","",IFERROR(INDEX(부서매핑!$D$5:$D$504,MATCH($A69,부서매핑!$C$5:$C$504,0)),"부서매핑 없음")) | C69: 62902000 | D69: =IF($A69="","",IFERROR(INDEX(계정매핑!$B$5:$B$504,MATCH($C69&"",계정매핑!$A$5:$A$504,0)),"계정매핑 없음")) | E69: =IF($A69="","",$A69&"|"&$C69) | F69: =IF($A69="","",월별집계!$Z69) | G69: =IF($A69="","",월별집계!$Y69) | H69: =IF($A69="","",IF(G69<=0,IF(F69>0,1,0),F69/G69-1)) | I69: =IF($A69="","",월별집계!$N69) | J69: =IF($A69="","",IF(I69<=0,IF(F69>0,1,0),F69/I69-1)) | K69: =IF($A69="","",SUMIFS(월별집계!$C69:$Z69,월별집계!$C$5:$Z$5,">="&설정!$C$22,월별집계!$C$5:$Z$5,"<="&설정!$C$20)) | L69: =IF($A69="","",SUMIFS(월별집계!$C69:$Z69,월별집계!$C$5:$Z$5,">="&(설정!$C$22-3),월별집계!$C$5:$Z$5,"<="&(설정!$C$20-3))) | M69: =IF($A69="","",IF(L69<=0,IF(K69>0,1,0),K69/L69-1)) | N69: =IF($A69="","",MAX(F69-G69,F69-I69)) | O69: =IF($A69="","",IFERROR((월별집계!$Z69-AVERAGE(월별집계!N69:Y69))/STDEV(월별집계!N69:Y69),0)) | P69: =IF($A69="","",SUMIFS(예산판_원본!$O$5:$O$5000,예산판_원본!$L$5:$L$5000,$E69,예산판_원본!$M$5:$M$5000,설정!$C$6)) | Q69: =IF($A69="","",SUMIFS(월별집계!$C69:$Z69,월별집계!$C$5:$Z$5,">="&(설정!$C$6*12+1),월별집계!$C$5:$Z$5,"<="&설정!$C$20)) | R69: =IF($A69="","",P69-Q69) | S69: =IF($A69="","",AVERAGE(월별집계!X69:Z69)*(12-설정!$C$7)) | T69: =IF($A69="","",IFERROR(Q69/(SUMIFS(월별집계!$C69:$Z69,월별집계!$C$5:$Z$5,">="&((설정!$C$6-1)*12+1),월별집계!$C$5:$Z$5,"<="&(설정!$C$20-12))/SUMIFS(월별집계!$C69:$Z69,월별집계!$C$5:$Z$5,">="&((설정!$C$6-1)*12+1),월별집계!$C$5:$Z$5,"<="&((설정!$C$6-1)*12+12)))-Q69,S69)) | U69: =IF($A69="","",Q69+MAX(S69,T69)) | V69: =IF($A69="","",IF(P69=0,0,U69/P69)) | W69: =IF($A69="","",IF(AND(P69=0,Q69>0),"무예산",IF(P69=0,"-",IF(V69>설정!$C$12,"부족 예상",IF(V69>설정!$C$11,"주의","여유"))))) | X69: =IF($A69="","",IF(P69=0,0,MAX(0,U69-P69))) | Y69: =IF($A69="","",IF(OR(W69<>"부족 예상",설정!$C$7=12),"",IF(R69<=0,"이미 초과",MIN(12,설정!$C$7+ROUNDUP(R69/(MAX(S69,T69)/(12-설정!$C$7)),0))&"월"))) | Z69: =IF($A69="","",TRIM(IF(N(AC69)>=설정!$C$14,"단건"&TEXT(AC69,"0%")&" ","")&IF(AND(N69>0,AD69>0),IF(AD69/N69>=설정!$C$16,"SA대체 ",""),"")&IF(AE69>0,"역분개"&AE69&"건 ","")&IF(O69>=설정!$C$13,"이상치 ","")&IF(AND(I69=0,F69>0),"신규지출 ",""))) | AA69: =IF($A69="","",ROUND((AF69+AG69+AH69+AI69)*IF(AND(F69<설정!$C$10,N69<설정!$C$10),0.3,1),1)) | AB69: =IF($A69="","",AA69+ROW()/1000000) | AC69: =IF(OR($A69="",N69<=0),"",SUMPRODUCT(MAX((전표_원본!$O$5:$O$100000=$E69)*(전표_원본!$M$5:$M$100000=설정!$C$20)*전표_원본!$P$5:$P$100000))/N69) | AD69: =IF($A69="","",SUMIFS(전표_원본!$P$5:$P$100000,전표_원본!$O$5:$O$100000,$E69,전표_원본!$M$5:$M$100000,설정!$C$20,전표_원본!$E$5:$E$100000,"SA")-SUMIFS(전표_원본!$P$5:$P$100000,전표_원본!$O$5:$O$100000,$E69,전표_원본!$M$5:$M$100000,설정!$C$20-1,전표_원본!$E$5:$E$100000,"SA")) | AE69: =IF($A69="","",COUNTIFS(전표_원본!$O$5:$O$100000,$E69,전표_원본!$M$5:$M$100000,설정!$C$20,전표_원본!$P$5:$P$100000,"<0")) | AF69: =IF($A69="","",MIN(MAX(0,N69)/(설정!$C$10*5),1)*30) | AG69: =IF($A69="","",MIN(MAX(0,H69,J69),1)*20) | AH69: =IF($A69="","",MIN(MAX(0,O69)/3,1)*25) | AI69: =IF($A69="","",IF(OR(W69="부족 예상",W69="무예산"),25,IF(W69="주의",15,0)))
B70: =IF($A70="","",IFERROR(INDEX(부서매핑!$D$5:$D$504,MATCH($A70,부서매핑!$C$5:$C$504,0)),"부서매핑 없음")) | D70: =IF($A70="","",IFERROR(INDEX(계정매핑!$B$5:$B$504,MATCH($C70&"",계정매핑!$A$5:$A$504,0)),"계정매핑 없음")) | E70: =IF($A70="","",$A70&"|"&$C70) | F70: =IF($A70="","",월별집계!$Z70) | G70: =IF($A70="","",월별집계!$Y70) | H70: =IF($A70="","",IF(G70<=0,IF(F70>0,1,0),F70/G70-1)) | I70: =IF($A70="","",월별집계!$N70) | J70: =IF($A70="","",IF(I70<=0,IF(F70>0,1,0),F70/I70-1)) | K70: =IF($A70="","",SUMIFS(월별집계!$C70:$Z70,월별집계!$C$5:$Z$5,">="&설정!$C$22,월별집계!$C$5:$Z$5,"<="&설정!$C$20)) | L70: =IF($A70="","",SUMIFS(월별집계!$C70:$Z70,월별집계!$C$5:$Z$5,">="&(설정!$C$22-3),월별집계!$C$5:$Z$5,"<="&(설정!$C$20-3))) | M70: =IF($A70="","",IF(L70<=0,IF(K70>0,1,0),K70/L70-1)) | N70: =IF($A70="","",MAX(F70-G70,F70-I70)) | O70: =IF($A70="","",IFERROR((월별집계!$Z70-AVERAGE(월별집계!N70:Y70))/STDEV(월별집계!N70:Y70),0)) | P70: =IF($A70="","",SUMIFS(예산판_원본!$O$5:$O$5000,예산판_원본!$L$5:$L$5000,$E70,예산판_원본!$M$5:$M$5000,설정!$C$6)) | Q70: =IF($A70="","",SUMIFS(월별집계!$C70:$Z70,월별집계!$C$5:$Z$5,">="&(설정!$C$6*12+1),월별집계!$C$5:$Z$5,"<="&설정!$C$20)) | R70: =IF($A70="","",P70-Q70) | S70: =IF($A70="","",AVERAGE(월별집계!X70:Z70)*(12-설정!$C$7)) | T70: =IF($A70="","",IFERROR(Q70/(SUMIFS(월별집계!$C70:$Z70,월별집계!$C$5:$Z$5,">="&((설정!$C$6-1)*12+1),월별집계!$C$5:$Z$5,"<="&(설정!$C$20-12))/SUMIFS(월별집계!$C70:$Z70,월별집계!$C$5:$Z$5,">="&((설정!$C$6-1)*12+1),월별집계!$C$5:$Z$5,"<="&((설정!$C$6-1)*12+12)))-Q70,S70)) | U70: =IF($A70="","",Q70+MAX(S70,T70)) | V70: =IF($A70="","",IF(P70=0,0,U70/P70)) | W70: =IF($A70="","",IF(AND(P70=0,Q70>0),"무예산",IF(P70=0,"-",IF(V70>설정!$C$12,"부족 예상",IF(V70>설정!$C$11,"주의","여유"))))) | X70: =IF($A70="","",IF(P70=0,0,MAX(0,U70-P70))) | Y70: =IF($A70="","",IF(OR(W70<>"부족 예상",설정!$C$7=12),"",IF(R70<=0,"이미 초과",MIN(12,설정!$C$7+ROUNDUP(R70/(MAX(S70,T70)/(12-설정!$C$7)),0))&"월"))) | Z70: =IF($A70="","",TRIM(IF(N(AC70)>=설정!$C$14,"단건"&TEXT(AC70,"0%")&" ","")&IF(AND(N70>0,AD70>0),IF(AD70/N70>=설정!$C$16,"SA대체 ",""),"")&IF(AE70>0,"역분개"&AE70&"건 ","")&IF(O70>=설정!$C$13,"이상치 ","")&IF(AND(I70=0,F70>0),"신규지출 ",""))) | AA70: =IF($A70="","",ROUND((AF70+AG70+AH70+AI70)*IF(AND(F70<설정!$C$10,N70<설정!$C$10),0.3,1),1)) | AB70: =IF($A70="","",AA70+ROW()/1000000) | AC70: =IF(OR($A70="",N70<=0),"",SUMPRODUCT(MAX((전표_원본!$O$5:$O$100000=$E70)*(전표_원본!$M$5:$M$100000=설정!$C$20)*전표_원본!$P$5:$P$100000))/N70) | AD70: =IF($A70="","",SUMIFS(전표_원본!$P$5:$P$100000,전표_원본!$O$5:$O$100000,$E70,전표_원본!$M$5:$M$100000,설정!$C$20,전표_원본!$E$5:$E$100000,"SA")-SUMIFS(전표_원본!$P$5:$P$100000,전표_원본!$O$5:$O$100000,$E70,전표_원본!$M$5:$M$100000,설정!$C$20-1,전표_원본!$E$5:$E$100000,"SA")) | AE70: =IF($A70="","",COUNTIFS(전표_원본!$O$5:$O$100000,$E70,전표_원본!$M$5:$M$100000,설정!$C$20,전표_원본!$P$5:$P$100000,"<0")) | AF70: =IF($A70="","",MIN(MAX(0,N70)/(설정!$C$10*5),1)*30) | AG70: =IF($A70="","",MIN(MAX(0,H70,J70),1)*20) | AH70: =IF($A70="","",MIN(MAX(0,O70)/3,1)*25) | AI70: =IF($A70="","",IF(OR(W70="부족 예상",W70="무예산"),25,IF(W70="주의",15,0)))
B71: =IF($A71="","",IFERROR(INDEX(부서매핑!$D$5:$D$504,MATCH($A71,부서매핑!$C$5:$C$504,0)),"부서매핑 없음")) | D71: =IF($A71="","",IFERROR(INDEX(계정매핑!$B$5:$B$504,MATCH($C71&"",계정매핑!$A$5:$A$504,0)),"계정매핑 없음")) | E71: =IF($A71="","",$A71&"|"&$C71) | F71: =IF($A71="","",월별집계!$Z71) | G71: =IF($A71="","",월별집계!$Y71) | H71: =IF($A71="","",IF(G71<=0,IF(F71>0,1,0),F71/G71-1)) | I71: =IF($A71="","",월별집계!$N71) | J71: =IF($A71="","",IF(I71<=0,IF(F71>0,1,0),F71/I71-1)) | K71: =IF($A71="","",SUMIFS(월별집계!$C71:$Z71,월별집계!$C$5:$Z$5,">="&설정!$C$22,월별집계!$C$5:$Z$5,"<="&설정!$C$20)) | L71: =IF($A71="","",SUMIFS(월별집계!$C71:$Z71,월별집계!$C$5:$Z$5,">="&(설정!$C$22-3),월별집계!$C$5:$Z$5,"<="&(설정!$C$20-3))) | M71: =IF($A71="","",IF(L71<=0,IF(K71>0,1,0),K71/L71-1)) | N71: =IF($A71="","",MAX(F71-G71,F71-I71)) | O71: =IF($A71="","",IFERROR((월별집계!$Z71-AVERAGE(월별집계!N71:Y71))/STDEV(월별집계!N71:Y71),0)) | P71: =IF($A71="","",SUMIFS(예산판_원본!$O$5:$O$5000,예산판_원본!$L$5:$L$5000,$E71,예산판_원본!$M$5:$M$5000,설정!$C$6)) | Q71: =IF($A71="","",SUMIFS(월별집계!$C71:$Z71,월별집계!$C$5:$Z$5,">="&(설정!$C$6*12+1),월별집계!$C$5:$Z$5,"<="&설정!$C$20)) | R71: =IF($A71="","",P71-Q71) | S71: =IF($A71="","",AVERAGE(월별집계!X71:Z71)*(12-설정!$C$7)) | T71: =IF($A71="","",IFERROR(Q71/(SUMIFS(월별집계!$C71:$Z71,월별집계!$C$5:$Z$5,">="&((설정!$C$6-1)*12+1),월별집계!$C$5:$Z$5,"<="&(설정!$C$20-12))/SUMIFS(월별집계!$C71:$Z71,월별집계!$C$5:$Z$5,">="&((설정!$C$6-1)*12+1),월별집계!$C$5:$Z$5,"<="&((설정!$C$6-1)*12+12)))-Q71,S71)) | U71: =IF($A71="","",Q71+MAX(S71,T71)) | V71: =IF($A71="","",IF(P71=0,0,U71/P71)) | W71: =IF($A71="","",IF(AND(P71=0,Q71>0),"무예산",IF(P71=0,"-",IF(V71>설정!$C$12,"부족 예상",IF(V71>설정!$C$11,"주의","여유"))))) | X71: =IF($A71="","",IF(P71=0,0,MAX(0,U71-P71))) | Y71: =IF($A71="","",IF(OR(W71<>"부족 예상",설정!$C$7=12),"",IF(R71<=0,"이미 초과",MIN(12,설정!$C$7+ROUNDUP(R71/(MAX(S71,T71)/(12-설정!$C$7)),0))&"월"))) | Z71: =IF($A71="","",TRIM(IF(N(AC71)>=설정!$C$14,"단건"&TEXT(AC71,"0%")&" ","")&IF(AND(N71>0,AD71>0),IF(AD71/N71>=설정!$C$16,"SA대체 ",""),"")&IF(AE71>0,"역분개"&AE71&"건 ","")&IF(O71>=설정!$C$13,"이상치 ","")&IF(AND(I71=0,F71>0),"신규지출 ",""))) | AA71: =IF($A71="","",ROUND((AF71+AG71+AH71+AI71)*IF(AND(F71<설정!$C$10,N71<설정!$C$10),0.3,1),1)) | AB71: =IF($A71="","",AA71+ROW()/1000000) | AC71: =IF(OR($A71="",N71<=0),"",SUMPRODUCT(MAX((전표_원본!$O$5:$O$100000=$E71)*(전표_원본!$M$5:$M$100000=설정!$C$20)*전표_원본!$P$5:$P$100000))/N71) | AD71: =IF($A71="","",SUMIFS(전표_원본!$P$5:$P$100000,전표_원본!$O$5:$O$100000,$E71,전표_원본!$M$5:$M$100000,설정!$C$20,전표_원본!$E$5:$E$100000,"SA")-SUMIFS(전표_원본!$P$5:$P$100000,전표_원본!$O$5:$O$100000,$E71,전표_원본!$M$5:$M$100000,설정!$C$20-1,전표_원본!$E$5:$E$100000,"SA")) | AE71: =IF($A71="","",COUNTIFS(전표_원본!$O$5:$O$100000,$E71,전표_원본!$M$5:$M$100000,설정!$C$20,전표_원본!$P$5:$P$100000,"<0")) | AF71: =IF($A71="","",MIN(MAX(0,N71)/(설정!$C$10*5),1)*30) | AG71: =IF($A71="","",MIN(MAX(0,H71,J71),1)*20) | AH71: =IF($A71="","",MIN(MAX(0,O71)/3,1)*25) | AI71: =IF($A71="","",IF(OR(W71="부족 예상",W71="무예산"),25,IF(W71="주의",15,0)))
B72: =IF($A72="","",IFERROR(INDEX(부서매핑!$D$5:$D$504,MATCH($A72,부서매핑!$C$5:$C$504,0)),"부서매핑 없음")) | D72: =IF($A72="","",IFERROR(INDEX(계정매핑!$B$5:$B$504,MATCH($C72&"",계정매핑!$A$5:$A$504,0)),"계정매핑 없음")) | E72: =IF($A72="","",$A72&"|"&$C72) | F72: =IF($A72="","",월별집계!$Z72) | G72: =IF($A72="","",월별집계!$Y72) | H72: =IF($A72="","",IF(G72<=0,IF(F72>0,1,0),F72/G72-1)) | I72: =IF($A72="","",월별집계!$N72) | J72: =IF($A72="","",IF(I72<=0,IF(F72>0,1,0),F72/I72-1)) | K72: =IF($A72="","",SUMIFS(월별집계!$C72:$Z72,월별집계!$C$5:$Z$5,">="&설정!$C$22,월별집계!$C$5:$Z$5,"<="&설정!$C$20)) | L72: =IF($A72="","",SUMIFS(월별집계!$C72:$Z72,월별집계!$C$5:$Z$5,">="&(설정!$C$22-3),월별집계!$C$5:$Z$5,"<="&(설정!$C$20-3))) | M72: =IF($A72="","",IF(L72<=0,IF(K72>0,1,0),K72/L72-1)) | N72: =IF($A72="","",MAX(F72-G72,F72-I72)) | O72: =IF($A72="","",IFERROR((월별집계!$Z72-AVERAGE(월별집계!N72:Y72))/STDEV(월별집계!N72:Y72),0)) | P72: =IF($A72="","",SUMIFS(예산판_원본!$O$5:$O$5000,예산판_원본!$L$5:$L$5000,$E72,예산판_원본!$M$5:$M$5000,설정!$C$6)) | Q72: =IF($A72="","",SUMIFS(월별집계!$C72:$Z72,월별집계!$C$5:$Z$5,">="&(설정!$C$6*12+1),월별집계!$C$5:$Z$5,"<="&설정!$C$20)) | R72: =IF($A72="","",P72-Q72) | S72: =IF($A72="","",AVERAGE(월별집계!X72:Z72)*(12-설정!$C$7)) | T72: =IF($A72="","",IFERROR(Q72/(SUMIFS(월별집계!$C72:$Z72,월별집계!$C$5:$Z$5,">="&((설정!$C$6-1)*12+1),월별집계!$C$5:$Z$5,"<="&(설정!$C$20-12))/SUMIFS(월별집계!$C72:$Z72,월별집계!$C$5:$Z$5,">="&((설정!$C$6-1)*12+1),월별집계!$C$5:$Z$5,"<="&((설정!$C$6-1)*12+12)))-Q72,S72)) | U72: =IF($A72="","",Q72+MAX(S72,T72)) | V72: =IF($A72="","",IF(P72=0,0,U72/P72)) | W72: =IF($A72="","",IF(AND(P72=0,Q72>0),"무예산",IF(P72=0,"-",IF(V72>설정!$C$12,"부족 예상",IF(V72>설정!$C$11,"주의","여유"))))) | X72: =IF($A72="","",IF(P72=0,0,MAX(0,U72-P72))) | Y72: =IF($A72="","",IF(OR(W72<>"부족 예상",설정!$C$7=12),"",IF(R72<=0,"이미 초과",MIN(12,설정!$C$7+ROUNDUP(R72/(MAX(S72,T72)/(12-설정!$C$7)),0))&"월"))) | Z72: =IF($A72="","",TRIM(IF(N(AC72)>=설정!$C$14,"단건"&TEXT(AC72,"0%")&" ","")&IF(AND(N72>0,AD72>0),IF(AD72/N72>=설정!$C$16,"SA대체 ",""),"")&IF(AE72>0,"역분개"&AE72&"건 ","")&IF(O72>=설정!$C$13,"이상치 ","")&IF(AND(I72=0,F72>0),"신규지출 ",""))) | AA72: =IF($A72="","",ROUND((AF72+AG72+AH72+AI72)*IF(AND(F72<설정!$C$10,N72<설정!$C$10),0.3,1),1)) | AB72: =IF($A72="","",AA72+ROW()/1000000) | AC72: =IF(OR($A72="",N72<=0),"",SUMPRODUCT(MAX((전표_원본!$O$5:$O$100000=$E72)*(전표_원본!$M$5:$M$100000=설정!$C$20)*전표_원본!$P$5:$P$100000))/N72) | AD72: =IF($A72="","",SUMIFS(전표_원본!$P$5:$P$100000,전표_원본!$O$5:$O$100000,$E72,전표_원본!$M$5:$M$100000,설정!$C$20,전표_원본!$E$5:$E$100000,"SA")-SUMIFS(전표_원본!$P$5:$P$100000,전표_원본!$O$5:$O$100000,$E72,전표_원본!$M$5:$M$100000,설정!$C$20-1,전표_원본!$E$5:$E$100000,"SA")) | AE72: =IF($A72="","",COUNTIFS(전표_원본!$O$5:$O$100000,$E72,전표_원본!$M$5:$M$100000,설정!$C$20,전표_원본!$P$5:$P$100000,"<0")) | AF72: =IF($A72="","",MIN(MAX(0,N72)/(설정!$C$10*5),1)*30) | AG72: =IF($A72="","",MIN(MAX(0,H72,J72),1)*20) | AH72: =IF($A72="","",MIN(MAX(0,O72)/3,1)*25) | AI72: =IF($A72="","",IF(OR(W72="부족 예상",W72="무예산"),25,IF(W72="주의",15,0)))
B73: =IF($A73="","",IFERROR(INDEX(부서매핑!$D$5:$D$504,MATCH($A73,부서매핑!$C$5:$C$504,0)),"부서매핑 없음")) | D73: =IF($A73="","",IFERROR(INDEX(계정매핑!$B$5:$B$504,MATCH($C73&"",계정매핑!$A$5:$A$504,0)),"계정매핑 없음")) | E73: =IF($A73="","",$A73&"|"&$C73) | F73: =IF($A73="","",월별집계!$Z73) | G73: =IF($A73="","",월별집계!$Y73) | H73: =IF($A73="","",IF(G73<=0,IF(F73>0,1,0),F73/G73-1)) | I73: =IF($A73="","",월별집계!$N73) | J73: =IF($A73="","",IF(I73<=0,IF(F73>0,1,0),F73/I73-1)) | K73: =IF($A73="","",SUMIFS(월별집계!$C73:$Z73,월별집계!$C$5:$Z$5,">="&설정!$C$22,월별집계!$C$5:$Z$5,"<="&설정!$C$20)) | L73: =IF($A73="","",SUMIFS(월별집계!$C73:$Z73,월별집계!$C$5:$Z$5,">="&(설정!$C$22-3),월별집계!$C$5:$Z$5,"<="&(설정!$C$20-3))) | M73: =IF($A73="","",IF(L73<=0,IF(K73>0,1,0),K73/L73-1)) | N73: =IF($A73="","",MAX(F73-G73,F73-I73)) | O73: =IF($A73="","",IFERROR((월별집계!$Z73-AVERAGE(월별집계!N73:Y73))/STDEV(월별집계!N73:Y73),0)) | P73: =IF($A73="","",SUMIFS(예산판_원본!$O$5:$O$5000,예산판_원본!$L$5:$L$5000,$E73,예산판_원본!$M$5:$M$5000,설정!$C$6)) | Q73: =IF($A73="","",SUMIFS(월별집계!$C73:$Z73,월별집계!$C$5:$Z$5,">="&(설정!$C$6*12+1),월별집계!$C$5:$Z$5,"<="&설정!$C$20)) | R73: =IF($A73="","",P73-Q73) | S73: =IF($A73="","",AVERAGE(월별집계!X73:Z73)*(12-설정!$C$7)) | T73: =IF($A73="","",IFERROR(Q73/(SUMIFS(월별집계!$C73:$Z73,월별집계!$C$5:$Z$5,">="&((설정!$C$6-1)*12+1),월별집계!$C$5:$Z$5,"<="&(설정!$C$20-12))/SUMIFS(월별집계!$C73:$Z73,월별집계!$C$5:$Z$5,">="&((설정!$C$6-1)*12+1),월별집계!$C$5:$Z$5,"<="&((설정!$C$6-1)*12+12)))-Q73,S73)) | U73: =IF($A73="","",Q73+MAX(S73,T73)) | V73: =IF($A73="","",IF(P73=0,0,U73/P73)) | W73: =IF($A73="","",IF(AND(P73=0,Q73>0),"무예산",IF(P73=0,"-",IF(V73>설정!$C$12,"부족 예상",IF(V73>설정!$C$11,"주의","여유"))))) | X73: =IF($A73="","",IF(P73=0,0,MAX(0,U73-P73))) | Y73: =IF($A73="","",IF(OR(W73<>"부족 예상",설정!$C$7=12),"",IF(R73<=0,"이미 초과",MIN(12,설정!$C$7+ROUNDUP(R73/(MAX(S73,T73)/(12-설정!$C$7)),0))&"월"))) | Z73: =IF($A73="","",TRIM(IF(N(AC73)>=설정!$C$14,"단건"&TEXT(AC73,"0%")&" ","")&IF(AND(N73>0,AD73>0),IF(AD73/N73>=설정!$C$16,"SA대체 ",""),"")&IF(AE73>0,"역분개"&AE73&"건 ","")&IF(O73>=설정!$C$13,"이상치 ","")&IF(AND(I73=0,F73>0),"신규지출 ",""))) | AA73: =IF($A73="","",ROUND((AF73+AG73+AH73+AI73)*IF(AND(F73<설정!$C$10,N73<설정!$C$10),0.3,1),1)) | AB73: =IF($A73="","",AA73+ROW()/1000000) | AC73: =IF(OR($A73="",N73<=0),"",SUMPRODUCT(MAX((전표_원본!$O$5:$O$100000=$E73)*(전표_원본!$M$5:$M$100000=설정!$C$20)*전표_원본!$P$5:$P$100000))/N73) | AD73: =IF($A73="","",SUMIFS(전표_원본!$P$5:$P$100000,전표_원본!$O$5:$O$100000,$E73,전표_원본!$M$5:$M$100000,설정!$C$20,전표_원본!$E$5:$E$100000,"SA")-SUMIFS(전표_원본!$P$5:$P$100000,전표_원본!$O$5:$O$100000,$E73,전표_원본!$M$5:$M$100000,설정!$C$20-1,전표_원본!$E$5:$E$100000,"SA")) | AE73: =IF($A73="","",COUNTIFS(전표_원본!$O$5:$O$100000,$E73,전표_원본!$M$5:$M$100000,설정!$C$20,전표_원본!$P$5:$P$100000,"<0")) | AF73: =IF($A73="","",MIN(MAX(0,N73)/(설정!$C$10*5),1)*30) | AG73: =IF($A73="","",MIN(MAX(0,H73,J73),1)*20) | AH73: =IF($A73="","",MIN(MAX(0,O73)/3,1)*25) | AI73: =IF($A73="","",IF(OR(W73="부족 예상",W73="무예산"),25,IF(W73="주의",15,0)))
B74: =IF($A74="","",IFERROR(INDEX(부서매핑!$D$5:$D$504,MATCH($A74,부서매핑!$C$5:$C$504,0)),"부서매핑 없음")) | D74: =IF($A74="","",IFERROR(INDEX(계정매핑!$B$5:$B$504,MATCH($C74&"",계정매핑!$A$5:$A$504,0)),"계정매핑 없음")) | E74: =IF($A74="","",$A74&"|"&$C74) | F74: =IF($A74="","",월별집계!$Z74) | G74: =IF($A74="","",월별집계!$Y74) | H74: =IF($A74="","",IF(G74<=0,IF(F74>0,1,0),F74/G74-1)) | I74: =IF($A74="","",월별집계!$N74) | J74: =IF($A74="","",IF(I74<=0,IF(F74>0,1,0),F74/I74-1)) | K74: =IF($A74="","",SUMIFS(월별집계!$C74:$Z74,월별집계!$C$5:$Z$5,">="&설정!$C$22,월별집계!$C$5:$Z$5,"<="&설정!$C$20)) | L74: =IF($A74="","",SUMIFS(월별집계!$C74:$Z74,월별집계!$C$5:$Z$5,">="&(설정!$C$22-3),월별집계!$C$5:$Z$5,"<="&(설정!$C$20-3))) | M74: =IF($A74="","",IF(L74<=0,IF(K74>0,1,0),K74/L74-1)) | N74: =IF($A74="","",MAX(F74-G74,F74-I74)) | O74: =IF($A74="","",IFERROR((월별집계!$Z74-AVERAGE(월별집계!N74:Y74))/STDEV(월별집계!N74:Y74),0)) | P74: =IF($A74="","",SUMIFS(예산판_원본!$O$5:$O$5000,예산판_원본!$L$5:$L$5000,$E74,예산판_원본!$M$5:$M$5000,설정!$C$6)) | Q74: =IF($A74="","",SUMIFS(월별집계!$C74:$Z74,월별집계!$C$5:$Z$5,">="&(설정!$C$6*12+1),월별집계!$C$5:$Z$5,"<="&설정!$C$20)) | R74: =IF($A74="","",P74-Q74) | S74: =IF($A74="","",AVERAGE(월별집계!X74:Z74)*(12-설정!$C$7)) | T74: =IF($A74="","",IFERROR(Q74/(SUMIFS(월별집계!$C74:$Z74,월별집계!$C$5:$Z$5,">="&((설정!$C$6-1)*12+1),월별집계!$C$5:$Z$5,"<="&(설정!$C$20-12))/SUMIFS(월별집계!$C74:$Z74,월별집계!$C$5:$Z$5,">="&((설정!$C$6-1)*12+1),월별집계!$C$5:$Z$5,"<="&((설정!$C$6-1)*12+12)))-Q74,S74)) | U74: =IF($A74="","",Q74+MAX(S74,T74)) | V74: =IF($A74="","",IF(P74=0,0,U74/P74)) | W74: =IF($A74="","",IF(AND(P74=0,Q74>0),"무예산",IF(P74=0,"-",IF(V74>설정!$C$12,"부족 예상",IF(V74>설정!$C$11,"주의","여유"))))) | X74: =IF($A74="","",IF(P74=0,0,MAX(0,U74-P74))) | Y74: =IF($A74="","",IF(OR(W74<>"부족 예상",설정!$C$7=12),"",IF(R74<=0,"이미 초과",MIN(12,설정!$C$7+ROUNDUP(R74/(MAX(S74,T74)/(12-설정!$C$7)),0))&"월"))) | Z74: =IF($A74="","",TRIM(IF(N(AC74)>=설정!$C$14,"단건"&TEXT(AC74,"0%")&" ","")&IF(AND(N74>0,AD74>0),IF(AD74/N74>=설정!$C$16,"SA대체 ",""),"")&IF(AE74>0,"역분개"&AE74&"건 ","")&IF(O74>=설정!$C$13,"이상치 ","")&IF(AND(I74=0,F74>0),"신규지출 ",""))) | AA74: =IF($A74="","",ROUND((AF74+AG74+AH74+AI74)*IF(AND(F74<설정!$C$10,N74<설정!$C$10),0.3,1),1)) | AB74: =IF($A74="","",AA74+ROW()/1000000) | AC74: =IF(OR($A74="",N74<=0),"",SUMPRODUCT(MAX((전표_원본!$O$5:$O$100000=$E74)*(전표_원본!$M$5:$M$100000=설정!$C$20)*전표_원본!$P$5:$P$100000))/N74) | AD74: =IF($A74="","",SUMIFS(전표_원본!$P$5:$P$100000,전표_원본!$O$5:$O$100000,$E74,전표_원본!$M$5:$M$100000,설정!$C$20,전표_원본!$E$5:$E$100000,"SA")-SUMIFS(전표_원본!$P$5:$P$100000,전표_원본!$O$5:$O$100000,$E74,전표_원본!$M$5:$M$100000,설정!$C$20-1,전표_원본!$E$5:$E$100000,"SA")) | AE74: =IF($A74="","",COUNTIFS(전표_원본!$O$5:$O$100000,$E74,전표_원본!$M$5:$M$100000,설정!$C$20,전표_원본!$P$5:$P$100000,"<0")) | AF74: =IF($A74="","",MIN(MAX(0,N74)/(설정!$C$10*5),1)*30) | AG74: =IF($A74="","",MIN(MAX(0,H74,J74),1)*20) | AH74: =IF($A74="","",MIN(MAX(0,O74)/3,1)*25) | AI74: =IF($A74="","",IF(OR(W74="부족 예상",W74="무예산"),25,IF(W74="주의",15,0)))
B75: =IF($A75="","",IFERROR(INDEX(부서매핑!$D$5:$D$504,MATCH($A75,부서매핑!$C$5:$C$504,0)),"부서매핑 없음")) | D75: =IF($A75="","",IFERROR(INDEX(계정매핑!$B$5:$B$504,MATCH($C75&"",계정매핑!$A$5:$A$504,0)),"계정매핑 없음")) | E75: =IF($A75="","",$A75&"|"&$C75) | F75: =IF($A75="","",월별집계!$Z75) | G75: =IF($A75="","",월별집계!$Y75) | H75: =IF($A75="","",IF(G75<=0,IF(F75>0,1,0),F75/G75-1)) | I75: =IF($A75="","",월별집계!$N75) | J75: =IF($A75="","",IF(I75<=0,IF(F75>0,1,0),F75/I75-1)) | K75: =IF($A75="","",SUMIFS(월별집계!$C75:$Z75,월별집계!$C$5:$Z$5,">="&설정!$C$22,월별집계!$C$5:$Z$5,"<="&설정!$C$20)) | L75: =IF($A75="","",SUMIFS(월별집계!$C75:$Z75,월별집계!$C$5:$Z$5,">="&(설정!$C$22-3),월별집계!$C$5:$Z$5,"<="&(설정!$C$20-3))) | M75: =IF($A75="","",IF(L75<=0,IF(K75>0,1,0),K75/L75-1)) | N75: =IF($A75="","",MAX(F75-G75,F75-I75)) | O75: =IF($A75="","",IFERROR((월별집계!$Z75-AVERAGE(월별집계!N75:Y75))/STDEV(월별집계!N75:Y75),0)) | P75: =IF($A75="","",SUMIFS(예산판_원본!$O$5:$O$5000,예산판_원본!$L$5:$L$5000,$E75,예산판_원본!$M$5:$M$5000,설정!$C$6)) | Q75: =IF($A75="","",SUMIFS(월별집계!$C75:$Z75,월별집계!$C$5:$Z$5,">="&(설정!$C$6*12+1),월별집계!$C$5:$Z$5,"<="&설정!$C$20)) | R75: =IF($A75="","",P75-Q75) | S75: =IF($A75="","",AVERAGE(월별집계!X75:Z75)*(12-설정!$C$7)) | T75: =IF($A75="","",IFERROR(Q75/(SUMIFS(월별집계!$C75:$Z75,월별집계!$C$5:$Z$5,">="&((설정!$C$6-1)*12+1),월별집계!$C$5:$Z$5,"<="&(설정!$C$20-12))/SUMIFS(월별집계!$C75:$Z75,월별집계!$C$5:$Z$5,">="&((설정!$C$6-1)*12+1),월별집계!$C$5:$Z$5,"<="&((설정!$C$6-1)*12+12)))-Q75,S75)) | U75: =IF($A75="","",Q75+MAX(S75,T75)) | V75: =IF($A75="","",IF(P75=0,0,U75/P75)) | W75: =IF($A75="","",IF(AND(P75=0,Q75>0),"무예산",IF(P75=0,"-",IF(V75>설정!$C$12,"부족 예상",IF(V75>설정!$C$11,"주의","여유"))))) | X75: =IF($A75="","",IF(P75=0,0,MAX(0,U75-P75))) | Y75: =IF($A75="","",IF(OR(W75<>"부족 예상",설정!$C$7=12),"",IF(R75<=0,"이미 초과",MIN(12,설정!$C$7+ROUNDUP(R75/(MAX(S75,T75)/(12-설정!$C$7)),0))&"월"))) | Z75: =IF($A75="","",TRIM(IF(N(AC75)>=설정!$C$14,"단건"&TEXT(AC75,"0%")&" ","")&IF(AND(N75>0,AD75>0),IF(AD75/N75>=설정!$C$16,"SA대체 ",""),"")&IF(AE75>0,"역분개"&AE75&"건 ","")&IF(O75>=설정!$C$13,"이상치 ","")&IF(AND(I75=0,F75>0),"신규지출 ",""))) | AA75: =IF($A75="","",ROUND((AF75+AG75+AH75+AI75)*IF(AND(F75<설정!$C$10,N75<설정!$C$10),0.3,1),1)) | AB75: =IF($A75="","",AA75+ROW()/1000000) | AC75: =IF(OR($A75="",N75<=0),"",SUMPRODUCT(MAX((전표_원본!$O$5:$O$100000=$E75)*(전표_원본!$M$5:$M$100000=설정!$C$20)*전표_원본!$P$5:$P$100000))/N75) | AD75: =IF($A75="","",SUMIFS(전표_원본!$P$5:$P$100000,전표_원본!$O$5:$O$100000,$E75,전표_원본!$M$5:$M$100000,설정!$C$20,전표_원본!$E$5:$E$100000,"SA")-SUMIFS(전표_원본!$P$5:$P$100000,전표_원본!$O$5:$O$100000,$E75,전표_원본!$M$5:$M$100000,설정!$C$20-1,전표_원본!$E$5:$E$100000,"SA")) | AE75: =IF($A75="","",COUNTIFS(전표_원본!$O$5:$O$100000,$E75,전표_원본!$M$5:$M$100000,설정!$C$20,전표_원본!$P$5:$P$100000,"<0")) | AF75: =IF($A75="","",MIN(MAX(0,N75)/(설정!$C$10*5),1)*30) | AG75: =IF($A75="","",MIN(MAX(0,H75,J75),1)*20) | AH75: =IF($A75="","",MIN(MAX(0,O75)/3,1)*25) | AI75: =IF($A75="","",IF(OR(W75="부족 예상",W75="무예산"),25,IF(W75="주의",15,0)))
B76: =IF($A76="","",IFERROR(INDEX(부서매핑!$D$5:$D$504,MATCH($A76,부서매핑!$C$5:$C$504,0)),"부서매핑 없음")) | D76: =IF($A76="","",IFERROR(INDEX(계정매핑!$B$5:$B$504,MATCH($C76&"",계정매핑!$A$5:$A$504,0)),"계정매핑 없음")) | E76: =IF($A76="","",$A76&"|"&$C76) | F76: =IF($A76="","",월별집계!$Z76) | G76: =IF($A76="","",월별집계!$Y76) | H76: =IF($A76="","",IF(G76<=0,IF(F76>0,1,0),F76/G76-1)) | I76: =IF($A76="","",월별집계!$N76) | J76: =IF($A76="","",IF(I76<=0,IF(F76>0,1,0),F76/I76-1)) | K76: =IF($A76="","",SUMIFS(월별집계!$C76:$Z76,월별집계!$C$5:$Z$5,">="&설정!$C$22,월별집계!$C$5:$Z$5,"<="&설정!$C$20)) | L76: =IF($A76="","",SUMIFS(월별집계!$C76:$Z76,월별집계!$C$5:$Z$5,">="&(설정!$C$22-3),월별집계!$C$5:$Z$5,"<="&(설정!$C$20-3))) | M76: =IF($A76="","",IF(L76<=0,IF(K76>0,1,0),K76/L76-1)) | N76: =IF($A76="","",MAX(F76-G76,F76-I76)) | O76: =IF($A76="","",IFERROR((월별집계!$Z76-AVERAGE(월별집계!N76:Y76))/STDEV(월별집계!N76:Y76),0)) | P76: =IF($A76="","",SUMIFS(예산판_원본!$O$5:$O$5000,예산판_원본!$L$5:$L$5000,$E76,예산판_원본!$M$5:$M$5000,설정!$C$6)) | Q76: =IF($A76="","",SUMIFS(월별집계!$C76:$Z76,월별집계!$C$5:$Z$5,">="&(설정!$C$6*12+1),월별집계!$C$5:$Z$5,"<="&설정!$C$20)) | R76: =IF($A76="","",P76-Q76) | S76: =IF($A76="","",AVERAGE(월별집계!X76:Z76)*(12-설정!$C$7)) | T76: =IF($A76="","",IFERROR(Q76/(SUMIFS(월별집계!$C76:$Z76,월별집계!$C$5:$Z$5,">="&((설정!$C$6-1)*12+1),월별집계!$C$5:$Z$5,"<="&(설정!$C$20-12))/SUMIFS(월별집계!$C76:$Z76,월별집계!$C$5:$Z$5,">="&((설정!$C$6-1)*12+1),월별집계!$C$5:$Z$5,"<="&((설정!$C$6-1)*12+12)))-Q76,S76)) | U76: =IF($A76="","",Q76+MAX(S76,T76)) | V76: =IF($A76="","",IF(P76=0,0,U76/P76)) | W76: =IF($A76="","",IF(AND(P76=0,Q76>0),"무예산",IF(P76=0,"-",IF(V76>설정!$C$12,"부족 예상",IF(V76>설정!$C$11,"주의","여유"))))) | X76: =IF($A76="","",IF(P76=0,0,MAX(0,U76-P76))) | Y76: =IF($A76="","",IF(OR(W76<>"부족 예상",설정!$C$7=12),"",IF(R76<=0,"이미 초과",MIN(12,설정!$C$7+ROUNDUP(R76/(MAX(S76,T76)/(12-설정!$C$7)),0))&"월"))) | Z76: =IF($A76="","",TRIM(IF(N(AC76)>=설정!$C$14,"단건"&TEXT(AC76,"0%")&" ","")&IF(AND(N76>0,AD76>0),IF(AD76/N76>=설정!$C$16,"SA대체 ",""),"")&IF(AE76>0,"역분개"&AE76&"건 ","")&IF(O76>=설정!$C$13,"이상치 ","")&IF(AND(I76=0,F76>0),"신규지출 ",""))) | AA76: =IF($A76="","",ROUND((AF76+AG76+AH76+AI76)*IF(AND(F76<설정!$C$10,N76<설정!$C$10),0.3,1),1)) | AB76: =IF($A76="","",AA76+ROW()/1000000) | AC76: =IF(OR($A76="",N76<=0),"",SUMPRODUCT(MAX((전표_원본!$O$5:$O$100000=$E76)*(전표_원본!$M$5:$M$100000=설정!$C$20)*전표_원본!$P$5:$P$100000))/N76) | AD76: =IF($A76="","",SUMIFS(전표_원본!$P$5:$P$100000,전표_원본!$O$5:$O$100000,$E76,전표_원본!$M$5:$M$100000,설정!$C$20,전표_원본!$E$5:$E$100000,"SA")-SUMIFS(전표_원본!$P$5:$P$100000,전표_원본!$O$5:$O$100000,$E76,전표_원본!$M$5:$M$100000,설정!$C$20-1,전표_원본!$E$5:$E$100000,"SA")) | AE76: =IF($A76="","",COUNTIFS(전표_원본!$O$5:$O$100000,$E76,전표_원본!$M$5:$M$100000,설정!$C$20,전표_원본!$P$5:$P$100000,"<0")) | AF76: =IF($A76="","",MIN(MAX(0,N76)/(설정!$C$10*5),1)*30) | AG76: =IF($A76="","",MIN(MAX(0,H76,J76),1)*20) | AH76: =IF($A76="","",MIN(MAX(0,O76)/3,1)*25) | AI76: =IF($A76="","",IF(OR(W76="부족 예상",W76="무예산"),25,IF(W76="주의",15,0)))
B77: =IF($A77="","",IFERROR(INDEX(부서매핑!$D$5:$D$504,MATCH($A77,부서매핑!$C$5:$C$504,0)),"부서매핑 없음")) | D77: =IF($A77="","",IFERROR(INDEX(계정매핑!$B$5:$B$504,MATCH($C77&"",계정매핑!$A$5:$A$504,0)),"계정매핑 없음")) | E77: =IF($A77="","",$A77&"|"&$C77) | F77: =IF($A77="","",월별집계!$Z77) | G77: =IF($A77="","",월별집계!$Y77) | H77: =IF($A77="","",IF(G77<=0,IF(F77>0,1,0),F77/G77-1)) | I77: =IF($A77="","",월별집계!$N77) | J77: =IF($A77="","",IF(I77<=0,IF(F77>0,1,0),F77/I77-1)) | K77: =IF($A77="","",SUMIFS(월별집계!$C77:$Z77,월별집계!$C$5:$Z$5,">="&설정!$C$22,월별집계!$C$5:$Z$5,"<="&설정!$C$20)) | L77: =IF($A77="","",SUMIFS(월별집계!$C77:$Z77,월별집계!$C$5:$Z$5,">="&(설정!$C$22-3),월별집계!$C$5:$Z$5,"<="&(설정!$C$20-3))) | M77: =IF($A77="","",IF(L77<=0,IF(K77>0,1,0),K77/L77-1)) | N77: =IF($A77="","",MAX(F77-G77,F77-I77)) | O77: =IF($A77="","",IFERROR((월별집계!$Z77-AVERAGE(월별집계!N77:Y77))/STDEV(월별집계!N77:Y77),0)) | P77: =IF($A77="","",SUMIFS(예산판_원본!$O$5:$O$5000,예산판_원본!$L$5:$L$5000,$E77,예산판_원본!$M$5:$M$5000,설정!$C$6)) | Q77: =IF($A77="","",SUMIFS(월별집계!$C77:$Z77,월별집계!$C$5:$Z$5,">="&(설정!$C$6*12+1),월별집계!$C$5:$Z$5,"<="&설정!$C$20)) | R77: =IF($A77="","",P77-Q77) | S77: =IF($A77="","",AVERAGE(월별집계!X77:Z77)*(12-설정!$C$7)) | T77: =IF($A77="","",IFERROR(Q77/(SUMIFS(월별집계!$C77:$Z77,월별집계!$C$5:$Z$5,">="&((설정!$C$6-1)*12+1),월별집계!$C$5:$Z$5,"<="&(설정!$C$20-12))/SUMIFS(월별집계!$C77:$Z77,월별집계!$C$5:$Z$5,">="&((설정!$C$6-1)*12+1),월별집계!$C$5:$Z$5,"<="&((설정!$C$6-1)*12+12)))-Q77,S77)) | U77: =IF($A77="","",Q77+MAX(S77,T77)) | V77: =IF($A77="","",IF(P77=0,0,U77/P77)) | W77: =IF($A77="","",IF(AND(P77=0,Q77>0),"무예산",IF(P77=0,"-",IF(V77>설정!$C$12,"부족 예상",IF(V77>설정!$C$11,"주의","여유"))))) | X77: =IF($A77="","",IF(P77=0,0,MAX(0,U77-P77))) | Y77: =IF($A77="","",IF(OR(W77<>"부족 예상",설정!$C$7=12),"",IF(R77<=0,"이미 초과",MIN(12,설정!$C$7+ROUNDUP(R77/(MAX(S77,T77)/(12-설정!$C$7)),0))&"월"))) | Z77: =IF($A77="","",TRIM(IF(N(AC77)>=설정!$C$14,"단건"&TEXT(AC77,"0%")&" ","")&IF(AND(N77>0,AD77>0),IF(AD77/N77>=설정!$C$16,"SA대체 ",""),"")&IF(AE77>0,"역분개"&AE77&"건 ","")&IF(O77>=설정!$C$13,"이상치 ","")&IF(AND(I77=0,F77>0),"신규지출 ",""))) | AA77: =IF($A77="","",ROUND((AF77+AG77+AH77+AI77)*IF(AND(F77<설정!$C$10,N77<설정!$C$10),0.3,1),1)) | AB77: =IF($A77="","",AA77+ROW()/1000000) | AC77: =IF(OR($A77="",N77<=0),"",SUMPRODUCT(MAX((전표_원본!$O$5:$O$100000=$E77)*(전표_원본!$M$5:$M$100000=설정!$C$20)*전표_원본!$P$5:$P$100000))/N77) | AD77: =IF($A77="","",SUMIFS(전표_원본!$P$5:$P$100000,전표_원본!$O$5:$O$100000,$E77,전표_원본!$M$5:$M$100000,설정!$C$20,전표_원본!$E$5:$E$100000,"SA")-SUMIFS(전표_원본!$P$5:$P$100000,전표_원본!$O$5:$O$100000,$E77,전표_원본!$M$5:$M$100000,설정!$C$20-1,전표_원본!$E$5:$E$100000,"SA")) | AE77: =IF($A77="","",COUNTIFS(전표_원본!$O$5:$O$100000,$E77,전표_원본!$M$5:$M$100000,설정!$C$20,전표_원본!$P$5:$P$100000,"<0")) | AF77: =IF($A77="","",MIN(MAX(0,N77)/(설정!$C$10*5),1)*30) | AG77: =IF($A77="","",MIN(MAX(0,H77,J77),1)*20) | AH77: =IF($A77="","",MIN(MAX(0,O77)/3,1)*25) | AI77: =IF($A77="","",IF(OR(W77="부족 예상",W77="무예산"),25,IF(W77="주의",15,0)))
B78: =IF($A78="","",IFERROR(INDEX(부서매핑!$D$5:$D$504,MATCH($A78,부서매핑!$C$5:$C$504,0)),"부서매핑 없음")) | D78: =IF($A78="","",IFERROR(INDEX(계정매핑!$B$5:$B$504,MATCH($C78&"",계정매핑!$A$5:$A$504,0)),"계정매핑 없음")) | E78: =IF($A78="","",$A78&"|"&$C78) | F78: =IF($A78="","",월별집계!$Z78) | G78: =IF($A78="","",월별집계!$Y78) | H78: =IF($A78="","",IF(G78<=0,IF(F78>0,1,0),F78/G78-1)) | I78: =IF($A78="","",월별집계!$N78) | J78: =IF($A78="","",IF(I78<=0,IF(F78>0,1,0),F78/I78-1)) | K78: =IF($A78="","",SUMIFS(월별집계!$C78:$Z78,월별집계!$C$5:$Z$5,">="&설정!$C$22,월별집계!$C$5:$Z$5,"<="&설정!$C$20)) | L78: =IF($A78="","",SUMIFS(월별집계!$C78:$Z78,월별집계!$C$5:$Z$5,">="&(설정!$C$22-3),월별집계!$C$5:$Z$5,"<="&(설정!$C$20-3))) | M78: =IF($A78="","",IF(L78<=0,IF(K78>0,1,0),K78/L78-1)) | N78: =IF($A78="","",MAX(F78-G78,F78-I78)) | O78: =IF($A78="","",IFERROR((월별집계!$Z78-AVERAGE(월별집계!N78:Y78))/STDEV(월별집계!N78:Y78),0)) | P78: =IF($A78="","",SUMIFS(예산판_원본!$O$5:$O$5000,예산판_원본!$L$5:$L$5000,$E78,예산판_원본!$M$5:$M$5000,설정!$C$6)) | Q78: =IF($A78="","",SUMIFS(월별집계!$C78:$Z78,월별집계!$C$5:$Z$5,">="&(설정!$C$6*12+1),월별집계!$C$5:$Z$5,"<="&설정!$C$20)) | R78: =IF($A78="","",P78-Q78) | S78: =IF($A78="","",AVERAGE(월별집계!X78:Z78)*(12-설정!$C$7)) | T78: =IF($A78="","",IFERROR(Q78/(SUMIFS(월별집계!$C78:$Z78,월별집계!$C$5:$Z$5,">="&((설정!$C$6-1)*12+1),월별집계!$C$5:$Z$5,"<="&(설정!$C$20-12))/SUMIFS(월별집계!$C78:$Z78,월별집계!$C$5:$Z$5,">="&((설정!$C$6-1)*12+1),월별집계!$C$5:$Z$5,"<="&((설정!$C$6-1)*12+12)))-Q78,S78)) | U78: =IF($A78="","",Q78+MAX(S78,T78)) | V78: =IF($A78="","",IF(P78=0,0,U78/P78)) | W78: =IF($A78="","",IF(AND(P78=0,Q78>0),"무예산",IF(P78=0,"-",IF(V78>설정!$C$12,"부족 예상",IF(V78>설정!$C$11,"주의","여유"))))) | X78: =IF($A78="","",IF(P78=0,0,MAX(0,U78-P78))) | Y78: =IF($A78="","",IF(OR(W78<>"부족 예상",설정!$C$7=12),"",IF(R78<=0,"이미 초과",MIN(12,설정!$C$7+ROUNDUP(R78/(MAX(S78,T78)/(12-설정!$C$7)),0))&"월"))) | Z78: =IF($A78="","",TRIM(IF(N(AC78)>=설정!$C$14,"단건"&TEXT(AC78,"0%")&" ","")&IF(AND(N78>0,AD78>0),IF(AD78/N78>=설정!$C$16,"SA대체 ",""),"")&IF(AE78>0,"역분개"&AE78&"건 ","")&IF(O78>=설정!$C$13,"이상치 ","")&IF(AND(I78=0,F78>0),"신규지출 ",""))) | AA78: =IF($A78="","",ROUND((AF78+AG78+AH78+AI78)*IF(AND(F78<설정!$C$10,N78<설정!$C$10),0.3,1),1)) | AB78: =IF($A78="","",AA78+ROW()/1000000) | AC78: =IF(OR($A78="",N78<=0),"",SUMPRODUCT(MAX((전표_원본!$O$5:$O$100000=$E78)*(전표_원본!$M$5:$M$100000=설정!$C$20)*전표_원본!$P$5:$P$100000))/N78) | AD78: =IF($A78="","",SUMIFS(전표_원본!$P$5:$P$100000,전표_원본!$O$5:$O$100000,$E78,전표_원본!$M$5:$M$100000,설정!$C$20,전표_원본!$E$5:$E$100000,"SA")-SUMIFS(전표_원본!$P$5:$P$100000,전표_원본!$O$5:$O$100000,$E78,전표_원본!$M$5:$M$100000,설정!$C$20-1,전표_원본!$E$5:$E$100000,"SA")) | AE78: =IF($A78="","",COUNTIFS(전표_원본!$O$5:$O$100000,$E78,전표_원본!$M$5:$M$100000,설정!$C$20,전표_원본!$P$5:$P$100000,"<0")) | AF78: =IF($A78="","",MIN(MAX(0,N78)/(설정!$C$10*5),1)*30) | AG78: =IF($A78="","",MIN(MAX(0,H78,J78),1)*20) | AH78: =IF($A78="","",MIN(MAX(0,O78)/3,1)*25) | AI78: =IF($A78="","",IF(OR(W78="부족 예상",W78="무예산"),25,IF(W78="주의",15,0)))
B79: =IF($A79="","",IFERROR(INDEX(부서매핑!$D$5:$D$504,MATCH($A79,부서매핑!$C$5:$C$504,0)),"부서매핑 없음")) | D79: =IF($A79="","",IFERROR(INDEX(계정매핑!$B$5:$B$504,MATCH($C79&"",계정매핑!$A$5:$A$504,0)),"계정매핑 없음")) | E79: =IF($A79="","",$A79&"|"&$C79) | F79: =IF($A79="","",월별집계!$Z79) | G79: =IF($A79="","",월별집계!$Y79) | H79: =IF($A79="","",IF(G79<=0,IF(F79>0,1,0),F79/G79-1)) | I79: =IF($A79="","",월별집계!$N79) | J79: =IF($A79="","",IF(I79<=0,IF(F79>0,1,0),F79/I79-1)) | K79: =IF($A79="","",SUMIFS(월별집계!$C79:$Z79,월별집계!$C$5:$Z$5,">="&설정!$C$22,월별집계!$C$5:$Z$5,"<="&설정!$C$20)) | L79: =IF($A79="","",SUMIFS(월별집계!$C79:$Z79,월별집계!$C$5:$Z$5,">="&(설정!$C$22-3),월별집계!$C$5:$Z$5,"<="&(설정!$C$20-3))) | M79: =IF($A79="","",IF(L79<=0,IF(K79>0,1,0),K79/L79-1)) | N79: =IF($A79="","",MAX(F79-G79,F79-I79)) | O79: =IF($A79="","",IFERROR((월별집계!$Z79-AVERAGE(월별집계!N79:Y79))/STDEV(월별집계!N79:Y79),0)) | P79: =IF($A79="","",SUMIFS(예산판_원본!$O$5:$O$5000,예산판_원본!$L$5:$L$5000,$E79,예산판_원본!$M$5:$M$5000,설정!$C$6)) | Q79: =IF($A79="","",SUMIFS(월별집계!$C79:$Z79,월별집계!$C$5:$Z$5,">="&(설정!$C$6*12+1),월별집계!$C$5:$Z$5,"<="&설정!$C$20)) | R79: =IF($A79="","",P79-Q79) | S79: =IF($A79="","",AVERAGE(월별집계!X79:Z79)*(12-설정!$C$7)) | T79: =IF($A79="","",IFERROR(Q79/(SUMIFS(월별집계!$C79:$Z79,월별집계!$C$5:$Z$5,">="&((설정!$C$6-1)*12+1),월별집계!$C$5:$Z$5,"<="&(설정!$C$20-12))/SUMIFS(월별집계!$C79:$Z79,월별집계!$C$5:$Z$5,">="&((설정!$C$6-1)*12+1),월별집계!$C$5:$Z$5,"<="&((설정!$C$6-1)*12+12)))-Q79,S79)) | U79: =IF($A79="","",Q79+MAX(S79,T79)) | V79: =IF($A79="","",IF(P79=0,0,U79/P79)) | W79: =IF($A79="","",IF(AND(P79=0,Q79>0),"무예산",IF(P79=0,"-",IF(V79>설정!$C$12,"부족 예상",IF(V79>설정!$C$11,"주의","여유"))))) | X79: =IF($A79="","",IF(P79=0,0,MAX(0,U79-P79))) | Y79: =IF($A79="","",IF(OR(W79<>"부족 예상",설정!$C$7=12),"",IF(R79<=0,"이미 초과",MIN(12,설정!$C$7+ROUNDUP(R79/(MAX(S79,T79)/(12-설정!$C$7)),0))&"월"))) | Z79: =IF($A79="","",TRIM(IF(N(AC79)>=설정!$C$14,"단건"&TEXT(AC79,"0%")&" ","")&IF(AND(N79>0,AD79>0),IF(AD79/N79>=설정!$C$16,"SA대체 ",""),"")&IF(AE79>0,"역분개"&AE79&"건 ","")&IF(O79>=설정!$C$13,"이상치 ","")&IF(AND(I79=0,F79>0),"신규지출 ",""))) | AA79: =IF($A79="","",ROUND((AF79+AG79+AH79+AI79)*IF(AND(F79<설정!$C$10,N79<설정!$C$10),0.3,1),1)) | AB79: =IF($A79="","",AA79+ROW()/1000000) | AC79: =IF(OR($A79="",N79<=0),"",SUMPRODUCT(MAX((전표_원본!$O$5:$O$100000=$E79)*(전표_원본!$M$5:$M$100000=설정!$C$20)*전표_원본!$P$5:$P$100000))/N79) | AD79: =IF($A79="","",SUMIFS(전표_원본!$P$5:$P$100000,전표_원본!$O$5:$O$100000,$E79,전표_원본!$M$5:$M$100000,설정!$C$20,전표_원본!$E$5:$E$100000,"SA")-SUMIFS(전표_원본!$P$5:$P$100000,전표_원본!$O$5:$O$100000,$E79,전표_원본!$M$5:$M$100000,설정!$C$20-1,전표_원본!$E$5:$E$100000,"SA")) | AE79: =IF($A79="","",COUNTIFS(전표_원본!$O$5:$O$100000,$E79,전표_원본!$M$5:$M$100000,설정!$C$20,전표_원본!$P$5:$P$100000,"<0")) | AF79: =IF($A79="","",MIN(MAX(0,N79)/(설정!$C$10*5),1)*30) | AG79: =IF($A79="","",MIN(MAX(0,H79,J79),1)*20) | AH79: =IF($A79="","",MIN(MAX(0,O79)/3,1)*25) | AI79: =IF($A79="","",IF(OR(W79="부족 예상",W79="무예산"),25,IF(W79="주의",15,0)))
B80: =IF($A80="","",IFERROR(INDEX(부서매핑!$D$5:$D$504,MATCH($A80,부서매핑!$C$5:$C$504,0)),"부서매핑 없음")) | D80: =IF($A80="","",IFERROR(INDEX(계정매핑!$B$5:$B$504,MATCH($C80&"",계정매핑!$A$5:$A$504,0)),"계정매핑 없음")) | E80: =IF($A80="","",$A80&"|"&$C80) | F80: =IF($A80="","",월별집계!$Z80) | G80: =IF($A80="","",월별집계!$Y80) | H80: =IF($A80="","",IF(G80<=0,IF(F80>0,1,0),F80/G80-1)) | I80: =IF($A80="","",월별집계!$N80) | J80: =IF($A80="","",IF(I80<=0,IF(F80>0,1,0),F80/I80-1)) | K80: =IF($A80="","",SUMIFS(월별집계!$C80:$Z80,월별집계!$C$5:$Z$5,">="&설정!$C$22,월별집계!$C$5:$Z$5,"<="&설정!$C$20)) | L80: =IF($A80="","",SUMIFS(월별집계!$C80:$Z80,월별집계!$C$5:$Z$5,">="&(설정!$C$22-3),월별집계!$C$5:$Z$5,"<="&(설정!$C$20-3))) | M80: =IF($A80="","",IF(L80<=0,IF(K80>0,1,0),K80/L80-1)) | N80: =IF($A80="","",MAX(F80-G80,F80-I80)) | O80: =IF($A80="","",IFERROR((월별집계!$Z80-AVERAGE(월별집계!N80:Y80))/STDEV(월별집계!N80:Y80),0)) | P80: =IF($A80="","",SUMIFS(예산판_원본!$O$5:$O$5000,예산판_원본!$L$5:$L$5000,$E80,예산판_원본!$M$5:$M$5000,설정!$C$6)) | Q80: =IF($A80="","",SUMIFS(월별집계!$C80:$Z80,월별집계!$C$5:$Z$5,">="&(설정!$C$6*12+1),월별집계!$C$5:$Z$5,"<="&설정!$C$20)) | R80: =IF($A80="","",P80-Q80) | S80: =IF($A80="","",AVERAGE(월별집계!X80:Z80)*(12-설정!$C$7)) | T80: =IF($A80="","",IFERROR(Q80/(SUMIFS(월별집계!$C80:$Z80,월별집계!$C$5:$Z$5,">="&((설정!$C$6-1)*12+1),월별집계!$C$5:$Z$5,"<="&(설정!$C$20-12))/SUMIFS(월별집계!$C80:$Z80,월별집계!$C$5:$Z$5,">="&((설정!$C$6-1)*12+1),월별집계!$C$5:$Z$5,"<="&((설정!$C$6-1)*12+12)))-Q80,S80)) | U80: =IF($A80="","",Q80+MAX(S80,T80)) | V80: =IF($A80="","",IF(P80=0,0,U80/P80)) | W80: =IF($A80="","",IF(AND(P80=0,Q80>0),"무예산",IF(P80=0,"-",IF(V80>설정!$C$12,"부족 예상",IF(V80>설정!$C$11,"주의","여유"))))) | X80: =IF($A80="","",IF(P80=0,0,MAX(0,U80-P80))) | Y80: =IF($A80="","",IF(OR(W80<>"부족 예상",설정!$C$7=12),"",IF(R80<=0,"이미 초과",MIN(12,설정!$C$7+ROUNDUP(R80/(MAX(S80,T80)/(12-설정!$C$7)),0))&"월"))) | Z80: =IF($A80="","",TRIM(IF(N(AC80)>=설정!$C$14,"단건"&TEXT(AC80,"0%")&" ","")&IF(AND(N80>0,AD80>0),IF(AD80/N80>=설정!$C$16,"SA대체 ",""),"")&IF(AE80>0,"역분개"&AE80&"건 ","")&IF(O80>=설정!$C$13,"이상치 ","")&IF(AND(I80=0,F80>0),"신규지출 ",""))) | AA80: =IF($A80="","",ROUND((AF80+AG80+AH80+AI80)*IF(AND(F80<설정!$C$10,N80<설정!$C$10),0.3,1),1)) | AB80: =IF($A80="","",AA80+ROW()/1000000) | AC80: =IF(OR($A80="",N80<=0),"",SUMPRODUCT(MAX((전표_원본!$O$5:$O$100000=$E80)*(전표_원본!$M$5:$M$100000=설정!$C$20)*전표_원본!$P$5:$P$100000))/N80) | AD80: =IF($A80="","",SUMIFS(전표_원본!$P$5:$P$100000,전표_원본!$O$5:$O$100000,$E80,전표_원본!$M$5:$M$100000,설정!$C$20,전표_원본!$E$5:$E$100000,"SA")-SUMIFS(전표_원본!$P$5:$P$100000,전표_원본!$O$5:$O$100000,$E80,전표_원본!$M$5:$M$100000,설정!$C$20-1,전표_원본!$E$5:$E$100000,"SA")) | AE80: =IF($A80="","",COUNTIFS(전표_원본!$O$5:$O$100000,$E80,전표_원본!$M$5:$M$100000,설정!$C$20,전표_원본!$P$5:$P$100000,"<0")) | AF80: =IF($A80="","",MIN(MAX(0,N80)/(설정!$C$10*5),1)*30) | AG80: =IF($A80="","",MIN(MAX(0,H80,J80),1)*20) | AH80: =IF($A80="","",MIN(MAX(0,O80)/3,1)*25) | AI80: =IF($A80="","",IF(OR(W80="부족 예상",W80="무예산"),25,IF(W80="주의",15,0)))
B81: =IF($A81="","",IFERROR(INDEX(부서매핑!$D$5:$D$504,MATCH($A81,부서매핑!$C$5:$C$504,0)),"부서매핑 없음")) | D81: =IF($A81="","",IFERROR(INDEX(계정매핑!$B$5:$B$504,MATCH($C81&"",계정매핑!$A$5:$A$504,0)),"계정매핑 없음")) | E81: =IF($A81="","",$A81&"|"&$C81) | F81: =IF($A81="","",월별집계!$Z81) | G81: =IF($A81="","",월별집계!$Y81) | H81: =IF($A81="","",IF(G81<=0,IF(F81>0,1,0),F81/G81-1)) | I81: =IF($A81="","",월별집계!$N81) | J81: =IF($A81="","",IF(I81<=0,IF(F81>0,1,0),F81/I81-1)) | K81: =IF($A81="","",SUMIFS(월별집계!$C81:$Z81,월별집계!$C$5:$Z$5,">="&설정!$C$22,월별집계!$C$5:$Z$5,"<="&설정!$C$20)) | L81: =IF($A81="","",SUMIFS(월별집계!$C81:$Z81,월별집계!$C$5:$Z$5,">="&(설정!$C$22-3),월별집계!$C$5:$Z$5,"<="&(설정!$C$20-3))) | M81: =IF($A81="","",IF(L81<=0,IF(K81>0,1,0),K81/L81-1)) | N81: =IF($A81="","",MAX(F81-G81,F81-I81)) | O81: =IF($A81="","",IFERROR((월별집계!$Z81-AVERAGE(월별집계!N81:Y81))/STDEV(월별집계!N81:Y81),0)) | P81: =IF($A81="","",SUMIFS(예산판_원본!$O$5:$O$5000,예산판_원본!$L$5:$L$5000,$E81,예산판_원본!$M$5:$M$5000,설정!$C$6)) | Q81: =IF($A81="","",SUMIFS(월별집계!$C81:$Z81,월별집계!$C$5:$Z$5,">="&(설정!$C$6*12+1),월별집계!$C$5:$Z$5,"<="&설정!$C$20)) | R81: =IF($A81="","",P81-Q81) | S81: =IF($A81="","",AVERAGE(월별집계!X81:Z81)*(12-설정!$C$7)) | T81: =IF($A81="","",IFERROR(Q81/(SUMIFS(월별집계!$C81:$Z81,월별집계!$C$5:$Z$5,">="&((설정!$C$6-1)*12+1),월별집계!$C$5:$Z$5,"<="&(설정!$C$20-12))/SUMIFS(월별집계!$C81:$Z81,월별집계!$C$5:$Z$5,">="&((설정!$C$6-1)*12+1),월별집계!$C$5:$Z$5,"<="&((설정!$C$6-1)*12+12)))-Q81,S81)) | U81: =IF($A81="","",Q81+MAX(S81,T81)) | V81: =IF($A81="","",IF(P81=0,0,U81/P81)) | W81: =IF($A81="","",IF(AND(P81=0,Q81>0),"무예산",IF(P81=0,"-",IF(V81>설정!$C$12,"부족 예상",IF(V81>설정!$C$11,"주의","여유"))))) | X81: =IF($A81="","",IF(P81=0,0,MAX(0,U81-P81))) | Y81: =IF($A81="","",IF(OR(W81<>"부족 예상",설정!$C$7=12),"",IF(R81<=0,"이미 초과",MIN(12,설정!$C$7+ROUNDUP(R81/(MAX(S81,T81)/(12-설정!$C$7)),0))&"월"))) | Z81: =IF($A81="","",TRIM(IF(N(AC81)>=설정!$C$14,"단건"&TEXT(AC81,"0%")&" ","")&IF(AND(N81>0,AD81>0),IF(AD81/N81>=설정!$C$16,"SA대체 ",""),"")&IF(AE81>0,"역분개"&AE81&"건 ","")&IF(O81>=설정!$C$13,"이상치 ","")&IF(AND(I81=0,F81>0),"신규지출 ",""))) | AA81: =IF($A81="","",ROUND((AF81+AG81+AH81+AI81)*IF(AND(F81<설정!$C$10,N81<설정!$C$10),0.3,1),1)) | AB81: =IF($A81="","",AA81+ROW()/1000000) | AC81: =IF(OR($A81="",N81<=0),"",SUMPRODUCT(MAX((전표_원본!$O$5:$O$100000=$E81)*(전표_원본!$M$5:$M$100000=설정!$C$20)*전표_원본!$P$5:$P$100000))/N81) | AD81: =IF($A81="","",SUMIFS(전표_원본!$P$5:$P$100000,전표_원본!$O$5:$O$100000,$E81,전표_원본!$M$5:$M$100000,설정!$C$20,전표_원본!$E$5:$E$100000,"SA")-SUMIFS(전표_원본!$P$5:$P$100000,전표_원본!$O$5:$O$100000,$E81,전표_원본!$M$5:$M$100000,설정!$C$20-1,전표_원본!$E$5:$E$100000,"SA")) | AE81: =IF($A81="","",COUNTIFS(전표_원본!$O$5:$O$100000,$E81,전표_원본!$M$5:$M$100000,설정!$C$20,전표_원본!$P$5:$P$100000,"<0")) | AF81: =IF($A81="","",MIN(MAX(0,N81)/(설정!$C$10*5),1)*30) | AG81: =IF($A81="","",MIN(MAX(0,H81,J81),1)*20) | AH81: =IF($A81="","",MIN(MAX(0,O81)/3,1)*25) | AI81: =IF($A81="","",IF(OR(W81="부족 예상",W81="무예산"),25,IF(W81="주의",15,0)))
... B109: =IF($A109="","",IFERROR(INDEX(부서매핑!$D$5:$D$504,MATCH($A109,부서매핑!$C$5:$C$504,0)),"부서매핑 없음")) | D109: =IF($A109="","",IFERROR(INDEX(계정매핑!$B$5:$B$504,MATCH($C109&"",계정매핑!$A$5:$A$504,0)),"계정매핑 없음")) | E109: =IF($A109="","",$A109&"|"&$C109) | F109: =IF($A109="","",월별집계!$Z109) | G109: =IF($A109="","",월별집계!$Y109) | H109: =IF($A109="","",IF(G109<=0,IF(F109>0,1,0),F109/G109-1)) | I109: =IF($A109="","",월별집계!$N109) | J109: =IF($A109="","",IF(I109<=0,IF(F109>0,1,0),F109/I109-1)) | K109: =IF($A109="","",SUMIFS(월별집계!$C109:$Z109,월별집계!$C$5:$Z$5,">="&설정!$C$22,월별집계!$C$5:$Z$5,"<="&설정!$C$20)) | L109: =IF($A109="","",SUMIFS(월별집계!$C109:$Z109,월별집계!$C$5:$Z$5,">="&(설정!$C$22-3),월별집계!$C$5:$Z$5,"<="&(설정!$C$20-3))) | M109: =IF($A109="","",IF(L109<=0,IF(K109>0,1,0),K109/L109-1)) | N109: =IF($A109="","",MAX(F109-G109,F109-I109)) | O109: =IF($A109="","",IFERROR((월별집계!$Z109-AVERAGE(월별집계!N109:Y109))/STDEV(월별집계!N109:Y109),0)) | P109: =IF($A109="","",SUMIFS(예산판_원본!$O$5:$O$5000,예산판_원본!$L$5:$L$5000,$E109,예산판_원본!$M$5:$M$5000,설정!$C$6)) | Q109: =IF($A109="","",SUMIFS(월별집계!$C109:$Z109,월별집계!$C$5:$Z$5,">="&(설정!$C$6*12+1),월별집계!$C$5:$Z$5,"<="&설정!$C$20)) | R109: =IF($A109="","",P109-Q109) | S109: =IF($A109="","",AVERAGE(월별집계!X109:Z109)*(12-설정!$C$7)) | T109: =IF($A109="","",IFERROR(Q109/(SUMIFS(월별집계!$C109:$Z109,월별집계!$C$5:$Z$5,">="&((설정!$C$6-1)*12+1),월별집계!$C$5:$Z$5,"<="&(설정!$C$20-12))/SUMIFS(월별집계!$C109:$Z109,월별집계!$C$5:$Z$5,">="&((설정!$C$6-1)*12+1),월별집계!$C$5:$Z$5,"<="&((설정!$C$6-1)*12+12)))-Q109,S109)) | U109: =IF($A109="","",Q109+MAX(S109,T109)) | V109: =IF($A109="","",IF(P109=0,0,U109/P109)) | W109: =IF($A109="","",IF(AND(P109=0,Q109>0),"무예산",IF(P109=0,"-",IF(V109>설정!$C$12,"부족 예상",IF(V109>설정!$C$11,"주의","여유"))))) | X109: =IF($A109="","",IF(P109=0,0,MAX(0,U109-P109))) | Y109: =IF($A109="","",IF(OR(W109<>"부족 예상",설정!$C$7=12),"",IF(R109<=0,"이미 초과",MIN(12,설정!$C$7+ROUNDUP(R109/(MAX(S109,T109)/(12-설정!$C$7)),0))&"월"))) | Z109: =IF($A109="","",TRIM(IF(N(AC109)>=설정!$C$14,"단건"&TEXT(AC109,"0%")&" ","")&IF(AND(N109>0,AD109>0),IF(AD109/N109>=설정!$C$16,"SA대체 ",""),"")&IF(AE109>0,"역분개"&AE109&"건 ","")&IF(O109>=설정!$C$13,"이상치 ","")&IF(AND(I109=0,F109>0),"신규지출 ",""))) | AA109: =IF($A109="","",ROUND((AF109+AG109+AH109+AI109)*IF(AND(F109<설정!$C$10,N109<설정!$C$10),0.3,1),1)) | AB109: =IF($A109="","",AA109+ROW()/1000000) | AC109: =IF(OR($A109="",N109<=0),"",SUMPRODUCT(MAX((전표_원본!$O$5:$O$100000=$E109)*(전표_원본!$M$5:$M$100000=설정!$C$20)*전표_원본!$P$5:$P$100000))/N109) | AD109: =IF($A109="","",SUMIFS(전표_원본!$P$5:$P$100000,전표_원본!$O$5:$O$100000,$E109,전표_원본!$M$5:$M$100000,설정!$C$20,전표_원본!$E$5:$E$100000,"SA")-SUMIFS(전표_원본!$P$5:$P$100000,전표_원본!$O$5:$O$100000,$E109,전표_원본!$M$5:$M$100000,설정!$C$20-1,전표_원본!$E$5:$E$100000,"SA")) | AE109: =IF($A109="","",COUNTIFS(전표_원본!$O$5:$O$100000,$E109,전표_원본!$M$5:$M$100000,설정!$C$20,전표_원본!$P$5:$P$100000,"<0")) | AF109: =IF($A109="","",MIN(MAX(0,N109)/(설정!$C$10*5),1)*30) | AG109: =IF($A109="","",MIN(MAX(0,H109,J109),1)*20) | AH109: =IF($A109="","",MIN(MAX(0,O109)/3,1)*25) | AI109: =IF($A109="","",IF(OR(W109="부족 예상",W109="무예산"),25,IF(W109="주의",15,0)))

Sheet 계정변동
A1: TRACE · 계정변동 (TB 기준, 전사) 및 3자 대사
A2: TB로 본 계정별 변동 + 전표·예산판과 합계 대사 · 금액: 보고단위
A3: ="기준: "&INT((설정!$C$20-1)/12)&"-"&TEXT(MOD(설정!$C$20-1,12)+1,"00")&" · 당분기: "&설정!$C$6&"년 "&설정!$C$21&"분기"
A5: G/L 계정 | B5: 계정명 | C5: TB 당월 | D5: TB 전월 | E5: 전월 대비 | F5: TB 전년동월 | G5: 전년동월 대비 | H5: TB 당분기 | I5: TB 전분기 | J5: 전분기 대비 | K5: 전표 당월 | L5: 대사 차이 (TB−전표) | M5: 예산판 당분기 실적 | N5: 전표 당분기 | O5: 대사 차이 (예산판−전표) | P5: 판정
A6: 62101000 | B6: =IFERROR(INDEX(계정매핑!$B$5:$B$504,MATCH($A6,계정매핑!$A$5:$A$504,0)),"") | C6: =SUMIFS(TB_원본!$K$5:$K$20000,TB_원본!$J$5:$J$20000,$A6,TB_원본!$I$5:$I$20000,설정!$C$20) | D6: =SUMIFS(TB_원본!$K$5:$K$20000,TB_원본!$J$5:$J$20000,$A6,TB_원본!$I$5:$I$20000,설정!$C$20-1) | E6: =IF(D6<=0,IF(C6>0,1,0),C6/D6-1) | F6: =SUMIFS(TB_원본!$K$5:$K$20000,TB_원본!$J$5:$J$20000,$A6,TB_원본!$I$5:$I$20000,설정!$C$20-12) | G6: =IF(F6<=0,IF(C6>0,1,0),C6/F6-1) | H6: =SUMIFS(TB_원본!$K$5:$K$20000,TB_원본!$J$5:$J$20000,$A6,TB_원본!$I$5:$I$20000,">="&설정!$C$22,TB_원본!$I$5:$I$20000,"<="&설정!$C$20) | I6: =SUMIFS(TB_원본!$K$5:$K$20000,TB_원본!$J$5:$J$20000,$A6,TB_원본!$I$5:$I$20000,">="&(설정!$C$22-3),TB_원본!$I$5:$I$20000,"<="&(설정!$C$20-3)) | J6: =IF(I6<=0,IF(H6>0,1,0),H6/I6-1) | K6: =SUMIFS(전표_원본!$P$5:$P$100000,전표_원본!$X$5:$X$100000,$A6,전표_원본!$M$5:$M$100000,설정!$C$20) | L6: =C6-K6 | M6: =SUMIFS(예산판_원본!$P$5:$P$5000,예산판_원본!$R$5:$R$5000,$A6,예산판_원본!$M$5:$M$5000,설정!$C$6,예산판_원본!$N$5:$N$5000,설정!$C$21) | N6: =SUMIFS(전표_원본!$P$5:$P$100000,전표_원본!$X$5:$X$100000,$A6,전표_원본!$M$5:$M$100000,">="&설정!$C$22,전표_원본!$M$5:$M$100000,"<="&설정!$C$20) | O6: =M6-N6 | P6: =IF(AND(ABS(L6)<0.05,ABS(O6)<0.05),"OK","차이 확인")
A7: 62102000 | B7: =IFERROR(INDEX(계정매핑!$B$5:$B$504,MATCH($A7,계정매핑!$A$5:$A$504,0)),"") | C7: =SUMIFS(TB_원본!$K$5:$K$20000,TB_원본!$J$5:$J$20000,$A7,TB_원본!$I$5:$I$20000,설정!$C$20) | D7: =SUMIFS(TB_원본!$K$5:$K$20000,TB_원본!$J$5:$J$20000,$A7,TB_원본!$I$5:$I$20000,설정!$C$20-1) | E7: =IF(D7<=0,IF(C7>0,1,0),C7/D7-1) | F7: =SUMIFS(TB_원본!$K$5:$K$20000,TB_원본!$J$5:$J$20000,$A7,TB_원본!$I$5:$I$20000,설정!$C$20-12) | G7: =IF(F7<=0,IF(C7>0,1,0),C7/F7-1) | H7: =SUMIFS(TB_원본!$K$5:$K$20000,TB_원본!$J$5:$J$20000,$A7,TB_원본!$I$5:$I$20000,">="&설정!$C$22,TB_원본!$I$5:$I$20000,"<="&설정!$C$20) | I7: =SUMIFS(TB_원본!$K$5:$K$20000,TB_원본!$J$5:$J$20000,$A7,TB_원본!$I$5:$I$20000,">="&(설정!$C$22-3),TB_원본!$I$5:$I$20000,"<="&(설정!$C$20-3)) | J7: =IF(I7<=0,IF(H7>0,1,0),H7/I7-1) | K7: =SUMIFS(전표_원본!$P$5:$P$100000,전표_원본!$X$5:$X$100000,$A7,전표_원본!$M$5:$M$100000,설정!$C$20) | L7: =C7-K7 | M7: =SUMIFS(예산판_원본!$P$5:$P$5000,예산판_원본!$R$5:$R$5000,$A7,예산판_원본!$M$5:$M$5000,설정!$C$6,예산판_원본!$N$5:$N$5000,설정!$C$21) | N7: =SUMIFS(전표_원본!$P$5:$P$100000,전표_원본!$X$5:$X$100000,$A7,전표_원본!$M$5:$M$100000,">="&설정!$C$22,전표_원본!$M$5:$M$100000,"<="&설정!$C$20) | O7: =M7-N7 | P7: =IF(AND(ABS(L7)<0.05,ABS(O7)<0.05),"OK","차이 확인")
A8: 62201000 | B8: =IFERROR(INDEX(계정매핑!$B$5:$B$504,MATCH($A8,계정매핑!$A$5:$A$504,0)),"") | C8: =SUMIFS(TB_원본!$K$5:$K$20000,TB_원본!$J$5:$J$20000,$A8,TB_원본!$I$5:$I$20000,설정!$C$20) | D8: =SUMIFS(TB_원본!$K$5:$K$20000,TB_원본!$J$5:$J$20000,$A8,TB_원본!$I$5:$I$20000,설정!$C$20-1) | E8: =IF(D8<=0,IF(C8>0,1,0),C8/D8-1) | F8: =SUMIFS(TB_원본!$K$5:$K$20000,TB_원본!$J$5:$J$20000,$A8,TB_원본!$I$5:$I$20000,설정!$C$20-12) | G8: =IF(F8<=0,IF(C8>0,1,0),C8/F8-1) | H8: =SUMIFS(TB_원본!$K$5:$K$20000,TB_원본!$J$5:$J$20000,$A8,TB_원본!$I$5:$I$20000,">="&설정!$C$22,TB_원본!$I$5:$I$20000,"<="&설정!$C$20) | I8: =SUMIFS(TB_원본!$K$5:$K$20000,TB_원본!$J$5:$J$20000,$A8,TB_원본!$I$5:$I$20000,">="&(설정!$C$22-3),TB_원본!$I$5:$I$20000,"<="&(설정!$C$20-3)) | J8: =IF(I8<=0,IF(H8>0,1,0),H8/I8-1) | K8: =SUMIFS(전표_원본!$P$5:$P$100000,전표_원본!$X$5:$X$100000,$A8,전표_원본!$M$5:$M$100000,설정!$C$20) | L8: =C8-K8 | M8: =SUMIFS(예산판_원본!$P$5:$P$5000,예산판_원본!$R$5:$R$5000,$A8,예산판_원본!$M$5:$M$5000,설정!$C$6,예산판_원본!$N$5:$N$5000,설정!$C$21) | N8: =SUMIFS(전표_원본!$P$5:$P$100000,전표_원본!$X$5:$X$100000,$A8,전표_원본!$M$5:$M$100000,">="&설정!$C$22,전표_원본!$M$5:$M$100000,"<="&설정!$C$20) | O8: =M8-N8 | P8: =IF(AND(ABS(L8)<0.05,ABS(O8)<0.05),"OK","차이 확인")
A9: 62301000 | B9: =IFERROR(INDEX(계정매핑!$B$5:$B$504,MATCH($A9,계정매핑!$A$5:$A$504,0)),"") | C9: =SUMIFS(TB_원본!$K$5:$K$20000,TB_원본!$J$5:$J$20000,$A9,TB_원본!$I$5:$I$20000,설정!$C$20) | D9: =SUMIFS(TB_원본!$K$5:$K$20000,TB_원본!$J$5:$J$20000,$A9,TB_원본!$I$5:$I$20000,설정!$C$20-1) | E9: =IF(D9<=0,IF(C9>0,1,0),C9/D9-1) | F9: =SUMIFS(TB_원본!$K$5:$K$20000,TB_원본!$J$5:$J$20000,$A9,TB_원본!$I$5:$I$20000,설정!$C$20-12) | G9: =IF(F9<=0,IF(C9>0,1,0),C9/F9-1) | H9: =SUMIFS(TB_원본!$K$5:$K$20000,TB_원본!$J$5:$J$20000,$A9,TB_원본!$I$5:$I$20000,">="&설정!$C$22,TB_원본!$I$5:$I$20000,"<="&설정!$C$20) | I9: =SUMIFS(TB_원본!$K$5:$K$20000,TB_원본!$J$5:$J$20000,$A9,TB_원본!$I$5:$I$20000,">="&(설정!$C$22-3),TB_원본!$I$5:$I$20000,"<="&(설정!$C$20-3)) | J9: =IF(I9<=0,IF(H9>0,1,0),H9/I9-1) | K9: =SUMIFS(전표_원본!$P$5:$P$100000,전표_원본!$X$5:$X$100000,$A9,전표_원본!$M$5:$M$100000,설정!$C$20) | L9: =C9-K9 | M9: =SUMIFS(예산판_원본!$P$5:$P$5000,예산판_원본!$R$5:$R$5000,$A9,예산판_원본!$M$5:$M$5000,설정!$C$6,예산판_원본!$N$5:$N$5000,설정!$C$21) | N9: =SUMIFS(전표_원본!$P$5:$P$100000,전표_원본!$X$5:$X$100000,$A9,전표_원본!$M$5:$M$100000,">="&설정!$C$22,전표_원본!$M$5:$M$100000,"<="&설정!$C$20) | O9: =M9-N9 | P9: =IF(AND(ABS(L9)<0.05,ABS(O9)<0.05),"OK","차이 확인")
A10: 62401000 | B10: =IFERROR(INDEX(계정매핑!$B$5:$B$504,MATCH($A10,계정매핑!$A$5:$A$504,0)),"") | C10: =SUMIFS(TB_원본!$K$5:$K$20000,TB_원본!$J$5:$J$20000,$A10,TB_원본!$I$5:$I$20000,설정!$C$20) | D10: =SUMIFS(TB_원본!$K$5:$K$20000,TB_원본!$J$5:$J$20000,$A10,TB_원본!$I$5:$I$20000,설정!$C$20-1) | E10: =IF(D10<=0,IF(C10>0,1,0),C10/D10-1) | F10: =SUMIFS(TB_원본!$K$5:$K$20000,TB_원본!$J$5:$J$20000,$A10,TB_원본!$I$5:$I$20000,설정!$C$20-12) | G10: =IF(F10<=0,IF(C10>0,1,0),C10/F10-1) | H10: =SUMIFS(TB_원본!$K$5:$K$20000,TB_원본!$J$5:$J$20000,$A10,TB_원본!$I$5:$I$20000,">="&설정!$C$22,TB_원본!$I$5:$I$20000,"<="&설정!$C$20) | I10: =SUMIFS(TB_원본!$K$5:$K$20000,TB_원본!$J$5:$J$20000,$A10,TB_원본!$I$5:$I$20000,">="&(설정!$C$22-3),TB_원본!$I$5:$I$20000,"<="&(설정!$C$20-3)) | J10: =IF(I10<=0,IF(H10>0,1,0),H10/I10-1) | K10: =SUMIFS(전표_원본!$P$5:$P$100000,전표_원본!$X$5:$X$100000,$A10,전표_원본!$M$5:$M$100000,설정!$C$20) | L10: =C10-K10 | M10: =SUMIFS(예산판_원본!$P$5:$P$5000,예산판_원본!$R$5:$R$5000,$A10,예산판_원본!$M$5:$M$5000,설정!$C$6,예산판_원본!$N$5:$N$5000,설정!$C$21) | N10: =SUMIFS(전표_원본!$P$5:$P$100000,전표_원본!$X$5:$X$100000,$A10,전표_원본!$M$5:$M$100000,">="&설정!$C$22,전표_원본!$M$5:$M$100000,"<="&설정!$C$20) | O10: =M10-N10 | P10: =IF(AND(ABS(L10)<0.05,ABS(O10)<0.05),"OK","차이 확인")
A11: 62501000 | B11: =IFERROR(INDEX(계정매핑!$B$5:$B$504,MATCH($A11,계정매핑!$A$5:$A$504,0)),"") | C11: =SUMIFS(TB_원본!$K$5:$K$20000,TB_원본!$J$5:$J$20000,$A11,TB_원본!$I$5:$I$20000,설정!$C$20) | D11: =SUMIFS(TB_원본!$K$5:$K$20000,TB_원본!$J$5:$J$20000,$A11,TB_원본!$I$5:$I$20000,설정!$C$20-1) | E11: =IF(D11<=0,IF(C11>0,1,0),C11/D11-1) | F11: =SUMIFS(TB_원본!$K$5:$K$20000,TB_원본!$J$5:$J$20000,$A11,TB_원본!$I$5:$I$20000,설정!$C$20-12) | G11: =IF(F11<=0,IF(C11>0,1,0),C11/F11-1) | H11: =SUMIFS(TB_원본!$K$5:$K$20000,TB_원본!$J$5:$J$20000,$A11,TB_원본!$I$5:$I$20000,">="&설정!$C$22,TB_원본!$I$5:$I$20000,"<="&설정!$C$20) | I11: =SUMIFS(TB_원본!$K$5:$K$20000,TB_원본!$J$5:$J$20000,$A11,TB_원본!$I$5:$I$20000,">="&(설정!$C$22-3),TB_원본!$I$5:$I$20000,"<="&(설정!$C$20-3)) | J11: =IF(I11<=0,IF(H11>0,1,0),H11/I11-1) | K11: =SUMIFS(전표_원본!$P$5:$P$100000,전표_원본!$X$5:$X$100000,$A11,전표_원본!$M$5:$M$100000,설정!$C$20) | L11: =C11-K11 | M11: =SUMIFS(예산판_원본!$P$5:$P$5000,예산판_원본!$R$5:$R$5000,$A11,예산판_원본!$M$5:$M$5000,설정!$C$6,예산판_원본!$N$5:$N$5000,설정!$C$21) | N11: =SUMIFS(전표_원본!$P$5:$P$100000,전표_원본!$X$5:$X$100000,$A11,전표_원본!$M$5:$M$100000,">="&설정!$C$22,전표_원본!$M$5:$M$100000,"<="&설정!$C$20) | O11: =M11-N11 | P11: =IF(AND(ABS(L11)<0.05,ABS(O11)<0.05),"OK","차이 확인")
A12: 62601000 | B12: =IFERROR(INDEX(계정매핑!$B$5:$B$504,MATCH($A12,계정매핑!$A$5:$A$504,0)),"") | C12: =SUMIFS(TB_원본!$K$5:$K$20000,TB_원본!$J$5:$J$20000,$A12,TB_원본!$I$5:$I$20000,설정!$C$20) | D12: =SUMIFS(TB_원본!$K$5:$K$20000,TB_원본!$J$5:$J$20000,$A12,TB_원본!$I$5:$I$20000,설정!$C$20-1) | E12: =IF(D12<=0,IF(C12>0,1,0),C12/D12-1) | F12: =SUMIFS(TB_원본!$K$5:$K$20000,TB_원본!$J$5:$J$20000,$A12,TB_원본!$I$5:$I$20000,설정!$C$20-12) | G12: =IF(F12<=0,IF(C12>0,1,0),C12/F12-1) | H12: =SUMIFS(TB_원본!$K$5:$K$20000,TB_원본!$J$5:$J$20000,$A12,TB_원본!$I$5:$I$20000,">="&설정!$C$22,TB_원본!$I$5:$I$20000,"<="&설정!$C$20) | I12: =SUMIFS(TB_원본!$K$5:$K$20000,TB_원본!$J$5:$J$20000,$A12,TB_원본!$I$5:$I$20000,">="&(설정!$C$22-3),TB_원본!$I$5:$I$20000,"<="&(설정!$C$20-3)) | J12: =IF(I12<=0,IF(H12>0,1,0),H12/I12-1) | K12: =SUMIFS(전표_원본!$P$5:$P$100000,전표_원본!$X$5:$X$100000,$A12,전표_원본!$M$5:$M$100000,설정!$C$20) | L12: =C12-K12 | M12: =SUMIFS(예산판_원본!$P$5:$P$5000,예산판_원본!$R$5:$R$5000,$A12,예산판_원본!$M$5:$M$5000,설정!$C$6,예산판_원본!$N$5:$N$5000,설정!$C$21) | N12: =SUMIFS(전표_원본!$P$5:$P$100000,전표_원본!$X$5:$X$100000,$A12,전표_원본!$M$5:$M$100000,">="&설정!$C$22,전표_원본!$M$5:$M$100000,"<="&설정!$C$20) | O12: =M12-N12 | P12: =IF(AND(ABS(L12)<0.05,ABS(O12)<0.05),"OK","차이 확인")
A13: 62701000 | B13: =IFERROR(INDEX(계정매핑!$B$5:$B$504,MATCH($A13,계정매핑!$A$5:$A$504,0)),"") | C13: =SUMIFS(TB_원본!$K$5:$K$20000,TB_원본!$J$5:$J$20000,$A13,TB_원본!$I$5:$I$20000,설정!$C$20) | D13: =SUMIFS(TB_원본!$K$5:$K$20000,TB_원본!$J$5:$J$20000,$A13,TB_원본!$I$5:$I$20000,설정!$C$20-1) | E13: =IF(D13<=0,IF(C13>0,1,0),C13/D13-1) | F13: =SUMIFS(TB_원본!$K$5:$K$20000,TB_원본!$J$5:$J$20000,$A13,TB_원본!$I$5:$I$20000,설정!$C$20-12) | G13: =IF(F13<=0,IF(C13>0,1,0),C13/F13-1) | H13: =SUMIFS(TB_원본!$K$5:$K$20000,TB_원본!$J$5:$J$20000,$A13,TB_원본!$I$5:$I$20000,">="&설정!$C$22,TB_원본!$I$5:$I$20000,"<="&설정!$C$20) | I13: =SUMIFS(TB_원본!$K$5:$K$20000,TB_원본!$J$5:$J$20000,$A13,TB_원본!$I$5:$I$20000,">="&(설정!$C$22-3),TB_원본!$I$5:$I$20000,"<="&(설정!$C$20-3)) | J13: =IF(I13<=0,IF(H13>0,1,0),H13/I13-1) | K13: =SUMIFS(전표_원본!$P$5:$P$100000,전표_원본!$X$5:$X$100000,$A13,전표_원본!$M$5:$M$100000,설정!$C$20) | L13: =C13-K13 | M13: =SUMIFS(예산판_원본!$P$5:$P$5000,예산판_원본!$R$5:$R$5000,$A13,예산판_원본!$M$5:$M$5000,설정!$C$6,예산판_원본!$N$5:$N$5000,설정!$C$21) | N13: =SUMIFS(전표_원본!$P$5:$P$100000,전표_원본!$X$5:$X$100000,$A13,전표_원본!$M$5:$M$100000,">="&설정!$C$22,전표_원본!$M$5:$M$100000,"<="&설정!$C$20) | O13: =M13-N13 | P13: =IF(AND(ABS(L13)<0.05,ABS(O13)<0.05),"OK","차이 확인")
A14: 62801000 | B14: =IFERROR(INDEX(계정매핑!$B$5:$B$504,MATCH($A14,계정매핑!$A$5:$A$504,0)),"") | C14: =SUMIFS(TB_원본!$K$5:$K$20000,TB_원본!$J$5:$J$20000,$A14,TB_원본!$I$5:$I$20000,설정!$C$20) | D14: =SUMIFS(TB_원본!$K$5:$K$20000,TB_원본!$J$5:$J$20000,$A14,TB_원본!$I$5:$I$20000,설정!$C$20-1) | E14: =IF(D14<=0,IF(C14>0,1,0),C14/D14-1) | F14: =SUMIFS(TB_원본!$K$5:$K$20000,TB_원본!$J$5:$J$20000,$A14,TB_원본!$I$5:$I$20000,설정!$C$20-12) | G14: =IF(F14<=0,IF(C14>0,1,0),C14/F14-1) | H14: =SUMIFS(TB_원본!$K$5:$K$20000,TB_원본!$J$5:$J$20000,$A14,TB_원본!$I$5:$I$20000,">="&설정!$C$22,TB_원본!$I$5:$I$20000,"<="&설정!$C$20) | I14: =SUMIFS(TB_원본!$K$5:$K$20000,TB_원본!$J$5:$J$20000,$A14,TB_원본!$I$5:$I$20000,">="&(설정!$C$22-3),TB_원본!$I$5:$I$20000,"<="&(설정!$C$20-3)) | J14: =IF(I14<=0,IF(H14>0,1,0),H14/I14-1) | K14: =SUMIFS(전표_원본!$P$5:$P$100000,전표_원본!$X$5:$X$100000,$A14,전표_원본!$M$5:$M$100000,설정!$C$20) | L14: =C14-K14 | M14: =SUMIFS(예산판_원본!$P$5:$P$5000,예산판_원본!$R$5:$R$5000,$A14,예산판_원본!$M$5:$M$5000,설정!$C$6,예산판_원본!$N$5:$N$5000,설정!$C$21) | N14: =SUMIFS(전표_원본!$P$5:$P$100000,전표_원본!$X$5:$X$100000,$A14,전표_원본!$M$5:$M$100000,">="&설정!$C$22,전표_원본!$M$5:$M$100000,"<="&설정!$C$20) | O14: =M14-N14 | P14: =IF(AND(ABS(L14)<0.05,ABS(O14)<0.05),"OK","차이 확인")
A15: 62802000 | B15: =IFERROR(INDEX(계정매핑!$B$5:$B$504,MATCH($A15,계정매핑!$A$5:$A$504,0)),"") | C15: =SUMIFS(TB_원본!$K$5:$K$20000,TB_원본!$J$5:$J$20000,$A15,TB_원본!$I$5:$I$20000,설정!$C$20) | D15: =SUMIFS(TB_원본!$K$5:$K$20000,TB_원본!$J$5:$J$20000,$A15,TB_원본!$I$5:$I$20000,설정!$C$20-1) | E15: =IF(D15<=0,IF(C15>0,1,0),C15/D15-1) | F15: =SUMIFS(TB_원본!$K$5:$K$20000,TB_원본!$J$5:$J$20000,$A15,TB_원본!$I$5:$I$20000,설정!$C$20-12) | G15: =IF(F15<=0,IF(C15>0,1,0),C15/F15-1) | H15: =SUMIFS(TB_원본!$K$5:$K$20000,TB_원본!$J$5:$J$20000,$A15,TB_원본!$I$5:$I$20000,">="&설정!$C$22,TB_원본!$I$5:$I$20000,"<="&설정!$C$20) | I15: =SUMIFS(TB_원본!$K$5:$K$20000,TB_원본!$J$5:$J$20000,$A15,TB_원본!$I$5:$I$20000,">="&(설정!$C$22-3),TB_원본!$I$5:$I$20000,"<="&(설정!$C$20-3)) | J15: =IF(I15<=0,IF(H15>0,1,0),H15/I15-1) | K15: =SUMIFS(전표_원본!$P$5:$P$100000,전표_원본!$X$5:$X$100000,$A15,전표_원본!$M$5:$M$100000,설정!$C$20) | L15: =C15-K15 | M15: =SUMIFS(예산판_원본!$P$5:$P$5000,예산판_원본!$R$5:$R$5000,$A15,예산판_원본!$M$5:$M$5000,설정!$C$6,예산판_원본!$N$5:$N$5000,설정!$C$21) | N15: =SUMIFS(전표_원본!$P$5:$P$100000,전표_원본!$X$5:$X$100000,$A15,전표_원본!$M$5:$M$100000,">="&설정!$C$22,전표_원본!$M$5:$M$100000,"<="&설정!$C$20) | O15: =M15-N15 | P15: =IF(AND(ABS(L15)<0.05,ABS(O15)<0.05),"OK","차이 확인")
A16: 62901000 | B16: =IFERROR(INDEX(계정매핑!$B$5:$B$504,MATCH($A16,계정매핑!$A$5:$A$504,0)),"") | C16: =SUMIFS(TB_원본!$K$5:$K$20000,TB_원본!$J$5:$J$20000,$A16,TB_원본!$I$5:$I$20000,설정!$C$20) | D16: =SUMIFS(TB_원본!$K$5:$K$20000,TB_원본!$J$5:$J$20000,$A16,TB_원본!$I$5:$I$20000,설정!$C$20-1) | E16: =IF(D16<=0,IF(C16>0,1,0),C16/D16-1) | F16: =SUMIFS(TB_원본!$K$5:$K$20000,TB_원본!$J$5:$J$20000,$A16,TB_원본!$I$5:$I$20000,설정!$C$20-12) | G16: =IF(F16<=0,IF(C16>0,1,0),C16/F16-1) | H16: =SUMIFS(TB_원본!$K$5:$K$20000,TB_원본!$J$5:$J$20000,$A16,TB_원본!$I$5:$I$20000,">="&설정!$C$22,TB_원본!$I$5:$I$20000,"<="&설정!$C$20) | I16: =SUMIFS(TB_원본!$K$5:$K$20000,TB_원본!$J$5:$J$20000,$A16,TB_원본!$I$5:$I$20000,">="&(설정!$C$22-3),TB_원본!$I$5:$I$20000,"<="&(설정!$C$20-3)) | J16: =IF(I16<=0,IF(H16>0,1,0),H16/I16-1) | K16: =SUMIFS(전표_원본!$P$5:$P$100000,전표_원본!$X$5:$X$100000,$A16,전표_원본!$M$5:$M$100000,설정!$C$20) | L16: =C16-K16 | M16: =SUMIFS(예산판_원본!$P$5:$P$5000,예산판_원본!$R$5:$R$5000,$A16,예산판_원본!$M$5:$M$5000,설정!$C$6,예산판_원본!$N$5:$N$5000,설정!$C$21) | N16: =SUMIFS(전표_원본!$P$5:$P$100000,전표_원본!$X$5:$X$100000,$A16,전표_원본!$M$5:$M$100000,">="&설정!$C$22,전표_원본!$M$5:$M$100000,"<="&설정!$C$20) | O16: =M16-N16 | P16: =IF(AND(ABS(L16)<0.05,ABS(O16)<0.05),"OK","차이 확인")
A17: 62902000 | B17: =IFERROR(INDEX(계정매핑!$B$5:$B$504,MATCH($A17,계정매핑!$A$5:$A$504,0)),"") | C17: =SUMIFS(TB_원본!$K$5:$K$20000,TB_원본!$J$5:$J$20000,$A17,TB_원본!$I$5:$I$20000,설정!$C$20) | D17: =SUMIFS(TB_원본!$K$5:$K$20000,TB_원본!$J$5:$J$20000,$A17,TB_원본!$I$5:$I$20000,설정!$C$20-1) | E17: =IF(D17<=0,IF(C17>0,1,0),C17/D17-1) | F17: =SUMIFS(TB_원본!$K$5:$K$20000,TB_원본!$J$5:$J$20000,$A17,TB_원본!$I$5:$I$20000,설정!$C$20-12) | G17: =IF(F17<=0,IF(C17>0,1,0),C17/F17-1) | H17: =SUMIFS(TB_원본!$K$5:$K$20000,TB_원본!$J$5:$J$20000,$A17,TB_원본!$I$5:$I$20000,">="&설정!$C$22,TB_원본!$I$5:$I$20000,"<="&설정!$C$20) | I17: =SUMIFS(TB_원본!$K$5:$K$20000,TB_원본!$J$5:$J$20000,$A17,TB_원본!$I$5:$I$20000,">="&(설정!$C$22-3),TB_원본!$I$5:$I$20000,"<="&(설정!$C$20-3)) | J17: =IF(I17<=0,IF(H17>0,1,0),H17/I17-1) | K17: =SUMIFS(전표_원본!$P$5:$P$100000,전표_원본!$X$5:$X$100000,$A17,전표_원본!$M$5:$M$100000,설정!$C$20) | L17: =C17-K17 | M17: =SUMIFS(예산판_원본!$P$5:$P$5000,예산판_원본!$R$5:$R$5000,$A17,예산판_원본!$M$5:$M$5000,설정!$C$6,예산판_원본!$N$5:$N$5000,설정!$C$21) | N17: =SUMIFS(전표_원본!$P$5:$P$100000,전표_원본!$X$5:$X$100000,$A17,전표_원본!$M$5:$M$100000,">="&설정!$C$22,전표_원본!$M$5:$M$100000,"<="&설정!$C$20) | O17: =M17-N17 | P17: =IF(AND(ABS(L17)<0.05,ABS(O17)<0.05),"OK","차이 확인")
... A21: 63201000 | B21: =IFERROR(INDEX(계정매핑!$B$5:$B$504,MATCH($A21,계정매핑!$A$5:$A$504,0)),"") | C21: =SUMIFS(TB_원본!$K$5:$K$20000,TB_원본!$J$5:$J$20000,$A21,TB_원본!$I$5:$I$20000,설정!$C$20) | D21: =SUMIFS(TB_원본!$K$5:$K$20000,TB_원본!$J$5:$J$20000,$A21,TB_원본!$I$5:$I$20000,설정!$C$20-1) | E21: =IF(D21<=0,IF(C21>0,1,0),C21/D21-1) | F21: =SUMIFS(TB_원본!$K$5:$K$20000,TB_원본!$J$5:$J$20000,$A21,TB_원본!$I$5:$I$20000,설정!$C$20-12) | G21: =IF(F21<=0,IF(C21>0,1,0),C21/F21-1) | H21: =SUMIFS(TB_원본!$K$5:$K$20000,TB_원본!$J$5:$J$20000,$A21,TB_원본!$I$5:$I$20000,">="&설정!$C$22,TB_원본!$I$5:$I$20000,"<="&설정!$C$20) | I21: =SUMIFS(TB_원본!$K$5:$K$20000,TB_원본!$J$5:$J$20000,$A21,TB_원본!$I$5:$I$20000,">="&(설정!$C$22-3),TB_원본!$I$5:$I$20000,"<="&(설정!$C$20-3)) | J21: =IF(I21<=0,IF(H21>0,1,0),H21/I21-1) | K21: =SUMIFS(전표_원본!$P$5:$P$100000,전표_원본!$X$5:$X$100000,$A21,전표_원본!$M$5:$M$100000,설정!$C$20) | L21: =C21-K21 | M21: =SUMIFS(예산판_원본!$P$5:$P$5000,예산판_원본!$R$5:$R$5000,$A21,예산판_원본!$M$5:$M$5000,설정!$C$6,예산판_원본!$N$5:$N$5000,설정!$C$21) | N21: =SUMIFS(전표_원본!$P$5:$P$100000,전표_원본!$X$5:$X$100000,$A21,전표_원본!$M$5:$M$100000,">="&설정!$C$22,전표_원본!$M$5:$M$100000,"<="&설정!$C$20) | O21: =M21-N21 | P21: =IF(AND(ABS(L21)<0.05,ABS(O21)<0.05),"OK","차이 확인")
A22: 합계 | C22: =SUM(C6:C21) | D22: =SUM(D6:D21) | E22: =IF(D22<=0,0,C22/D22-1) | F22: =SUM(F6:F21) | G22: =IF(F22<=0,0,C22/F22-1) | H22: =SUM(H6:H21) | I22: =SUM(I6:I21) | J22: =IF(I22<=0,0,H22/I22-1) | K22: =SUM(K6:K21) | L22: =SUM(L6:L21) | M22: =SUM(M6:M21) | N22: =SUM(N6:N21) | O22: =SUM(O6:O21) | P22: =IF(COUNTIF(P6:P21,"OK")=16,"전체 일치","차이 있음")

Sheet 월별집계
A1: TRACE · 월별 집계 (부서 × 계정 × 최근 24개월)
A2: 전표 기준 · 행 순서는 변동분석과 같음 · 금액: 보고단위
B4: 기간 | C4: =INT((C$5-1)/12)&"-"&TEXT(MOD(C$5-1,12)+1,"00") | D4: =INT((D$5-1)/12)&"-"&TEXT(MOD(D$5-1,12)+1,"00") | E4: =INT((E$5-1)/12)&"-"&TEXT(MOD(E$5-1,12)+1,"00") | F4: =INT((F$5-1)/12)&"-"&TEXT(MOD(F$5-1,12)+1,"00") | G4: =INT((G$5-1)/12)&"-"&TEXT(MOD(G$5-1,12)+1,"00") | H4: =INT((H$5-1)/12)&"-"&TEXT(MOD(H$5-1,12)+1,"00") | I4: =INT((I$5-1)/12)&"-"&TEXT(MOD(I$5-1,12)+1,"00") | J4: =INT((J$5-1)/12)&"-"&TEXT(MOD(J$5-1,12)+1,"00") | ... Z4: =INT((Z$5-1)/12)&"-"&TEXT(MOD(Z$5-1,12)+1,"00")
A5: 키 | B5: 기간번호 | C5: =설정!$C$20-23 | D5: =설정!$C$20-22 | E5: =설정!$C$20-21 | F5: =설정!$C$20-20 | G5: =설정!$C$20-19 | H5: =설정!$C$20-18 | I5: =설정!$C$20-17 | J5: =설정!$C$20-16 | K5: =설정!$C$20-15 | L5: =설정!$C$20-14 | M5: =설정!$C$20-13 | N5: =설정!$C$20-12 | O5: =설정!$C$20-11 | P5: =설정!$C$20-10 | Q5: =설정!$C$20-9 | R5: =설정!$C$20-8 | S5: =설정!$C$20-7 | T5: =설정!$C$20-6 | U5: =설정!$C$20-5 | V5: =설정!$C$20-4 | W5: =설정!$C$20-3 | X5: =설정!$C$20-2 | Y5: =설정!$C$20-1 | Z5: =설정!$C$20-0
A6: 전사 | B6: 사업비 합계 | C6: =SUM(C7:C506) | D6: =SUM(D7:D506) | E6: =SUM(E7:E506) | F6: =SUM(F7:F506) | G6: =SUM(G7:G506) | H6: =SUM(H7:H506) | I6: =SUM(I7:I506) | J6: =SUM(J7:J506) | ... Z6: =SUM(Z7:Z506)
A7: =IF(변동분석!$A7="","",변동분석!$E7) | B7: =IF($A7="","",변동분석!$B7&" "&변동분석!$D7) | C7: =IF($A7="","",SUMIFS(전표_원본!$P$5:$P$100000,전표_원본!$O$5:$O$100000,$A7,전표_원본!$M$5:$M$100000,C$5)) | D7: =IF($A7="","",SUMIFS(전표_원본!$P$5:$P$100000,전표_원본!$O$5:$O$100000,$A7,전표_원본!$M$5:$M$100000,D$5)) | E7: =IF($A7="","",SUMIFS(전표_원본!$P$5:$P$100000,전표_원본!$O$5:$O$100000,$A7,전표_원본!$M$5:$M$100000,E$5)) | F7: =IF($A7="","",SUMIFS(전표_원본!$P$5:$P$100000,전표_원본!$O$5:$O$100000,$A7,전표_원본!$M$5:$M$100000,F$5)) | G7: =IF($A7="","",SUMIFS(전표_원본!$P$5:$P$100000,전표_원본!$O$5:$O$100000,$A7,전표_원본!$M$5:$M$100000,G$5)) | H7: =IF($A7="","",SUMIFS(전표_원본!$P$5:$P$100000,전표_원본!$O$5:$O$100000,$A7,전표_원본!$M$5:$M$100000,H$5)) | I7: =IF($A7="","",SUMIFS(전표_원본!$P$5:$P$100000,전표_원본!$O$5:$O$100000,$A7,전표_원본!$M$5:$M$100000,I$5)) | J7: =IF($A7="","",SUMIFS(전표_원본!$P$5:$P$100000,전표_원본!$O$5:$O$100000,$A7,전표_원본!$M$5:$M$100000,J$5)) | ... Z7: =IF($A7="","",SUMIFS(전표_원본!$P$5:$P$100000,전표_원본!$O$5:$O$100000,$A7,전표_원본!$M$5:$M$100000,Z$5))
A8: =IF(변동분석!$A8="","",변동분석!$E8) | B8: =IF($A8="","",변동분석!$B8&" "&변동분석!$D8) | C8: =IF($A8="","",SUMIFS(전표_원본!$P$5:$P$100000,전표_원본!$O$5:$O$100000,$A8,전표_원본!$M$5:$M$100000,C$5)) | D8: =IF($A8="","",SUMIFS(전표_원본!$P$5:$P$100000,전표_원본!$O$5:$O$100000,$A8,전표_원본!$M$5:$M$100000,D$5)) | E8: =IF($A8="","",SUMIFS(전표_원본!$P$5:$P$100000,전표_원본!$O$5:$O$100000,$A8,전표_원본!$M$5:$M$100000,E$5)) | F8: =IF($A8="","",SUMIFS(전표_원본!$P$5:$P$100000,전표_원본!$O$5:$O$100000,$A8,전표_원본!$M$5:$M$100000,F$5)) | G8: =IF($A8="","",SUMIFS(전표_원본!$P$5:$P$100000,전표_원본!$O$5:$O$100000,$A8,전표_원본!$M$5:$M$100000,G$5)) | H8: =IF($A8="","",SUMIFS(전표_원본!$P$5:$P$100000,전표_원본!$O$5:$O$100000,$A8,전표_원본!$M$5:$M$100000,H$5)) | I8: =IF($A8="","",SUMIFS(전표_원본!$P$5:$P$100000,전표_원본!$O$5:$O$100000,$A8,전표_원본!$M$5:$M$100000,I$5)) | J8: =IF($A8="","",SUMIFS(전표_원본!$P$5:$P$100000,전표_원본!$O$5:$O$100000,$A8,전표_원본!$M$5:$M$100000,J$5)) | ... Z8: =IF($A8="","",SUMIFS(전표_원본!$P$5:$P$100000,전표_원본!$O$5:$O$100000,$A8,전표_원본!$M$5:$M$100000,Z$5))
A9: =IF(변동분석!$A9="","",변동분석!$E9) | B9: =IF($A9="","",변동분석!$B9&" "&변동분석!$D9) | C9: =IF($A9="","",SUMIFS(전표_원본!$P$5:$P$100000,전표_원본!$O$5:$O$100000,$A9,전표_원본!$M$5:$M$100000,C$5)) | D9: =IF($A9="","",SUMIFS(전표_원본!$P$5:$P$100000,전표_원본!$O$5:$O$100000,$A9,전표_원본!$M$5:$M$100000,D$5)) | E9: =IF($A9="","",SUMIFS(전표_원본!$P$5:$P$100000,전표_원본!$O$5:$O$100000,$A9,전표_원본!$M$5:$M$100000,E$5)) | F9: =IF($A9="","",SUMIFS(전표_원본!$P$5:$P$100000,전표_원본!$O$5:$O$100000,$A9,전표_원본!$M$5:$M$100000,F$5)) | G9: =IF($A9="","",SUMIFS(전표_원본!$P$5:$P$100000,전표_원본!$O$5:$O$100000,$A9,전표_원본!$M$5:$M$100000,G$5)) | H9: =IF($A9="","",SUMIFS(전표_원본!$P$5:$P$100000,전표_원본!$O$5:$O$100000,$A9,전표_원본!$M$5:$M$100000,H$5)) | I9: =IF($A9="","",SUMIFS(전표_원본!$P$5:$P$100000,전표_원본!$O$5:$O$100000,$A9,전표_원본!$M$5:$M$100000,I$5)) | J9: =IF($A9="","",SUMIFS(전표_원본!$P$5:$P$100000,전표_원본!$O$5:$O$100000,$A9,전표_원본!$M$5:$M$100000,J$5)) | ... Z9: =IF($A9="","",SUMIFS(전표_원본!$P$5:$P$100000,전표_원본!$O$5:$O$100000,$A9,전표_원본!$M$5:$M$100000,Z$5))
A10: =IF(변동분석!$A10="","",변동분석!$E10) | B10: =IF($A10="","",변동분석!$B10&" "&변동분석!$D10) | C10: =IF($A10="","",SUMIFS(전표_원본!$P$5:$P$100000,전표_원본!$O$5:$O$100000,$A10,전표_원본!$M$5:$M$100000,C$5)) | D10: =IF($A10="","",SUMIFS(전표_원본!$P$5:$P$100000,전표_원본!$O$5:$O$100000,$A10,전표_원본!$M$5:$M$100000,D$5)) | E10: =IF($A10="","",SUMIFS(전표_원본!$P$5:$P$100000,전표_원본!$O$5:$O$100000,$A10,전표_원본!$M$5:$M$100000,E$5)) | F10: =IF($A10="","",SUMIFS(전표_원본!$P$5:$P$100000,전표_원본!$O$5:$O$100000,$A10,전표_원본!$M$5:$M$100000,F$5)) | G10: =IF($A10="","",SUMIFS(전표_원본!$P$5:$P$100000,전표_원본!$O$5:$O$100000,$A10,전표_원본!$M$5:$M$100000,G$5)) | H10: =IF($A10="","",SUMIFS(전표_원본!$P$5:$P$100000,전표_원본!$O$5:$O$100000,$A10,전표_원본!$M$5:$M$100000,H$5)) | I10: =IF($A10="","",SUMIFS(전표_원본!$P$5:$P$100000,전표_원본!$O$5:$O$100000,$A10,전표_원본!$M$5:$M$100000,I$5)) | J10: =IF($A10="","",SUMIFS(전표_원본!$P$5:$P$100000,전표_원본!$O$5:$O$100000,$A10,전표_원본!$M$5:$M$100000,J$5)) | ... Z10: =IF($A10="","",SUMIFS(전표_원본!$P$5:$P$100000,전표_원본!$O$5:$O$100000,$A10,전표_원본!$M$5:$M$100000,Z$5))
A11: =IF(변동분석!$A11="","",변동분석!$E11) | B11: =IF($A11="","",변동분석!$B11&" "&변동분석!$D11) | C11: =IF($A11="","",SUMIFS(전표_원본!$P$5:$P$100000,전표_원본!$O$5:$O$100000,$A11,전표_원본!$M$5:$M$100000,C$5)) | D11: =IF($A11="","",SUMIFS(전표_원본!$P$5:$P$100000,전표_원본!$O$5:$O$100000,$A11,전표_원본!$M$5:$M$100000,D$5)) | E11: =IF($A11="","",SUMIFS(전표_원본!$P$5:$P$100000,전표_원본!$O$5:$O$100000,$A11,전표_원본!$M$5:$M$100000,E$5)) | F11: =IF($A11="","",SUMIFS(전표_원본!$P$5:$P$100000,전표_원본!$O$5:$O$100000,$A11,전표_원본!$M$5:$M$100000,F$5)) | G11: =IF($A11="","",SUMIFS(전표_원본!$P$5:$P$100000,전표_원본!$O$5:$O$100000,$A11,전표_원본!$M$5:$M$100000,G$5)) | H11: =IF($A11="","",SUMIFS(전표_원본!$P$5:$P$100000,전표_원본!$O$5:$O$100000,$A11,전표_원본!$M$5:$M$100000,H$5)) | I11: =IF($A11="","",SUMIFS(전표_원본!$P$5:$P$100000,전표_원본!$O$5:$O$100000,$A11,전표_원본!$M$5:$M$100000,I$5)) | J11: =IF($A11="","",SUMIFS(전표_원본!$P$5:$P$100000,전표_원본!$O$5:$O$100000,$A11,전표_원본!$M$5:$M$100000,J$5)) | ... Z11: =IF($A11="","",SUMIFS(전표_원본!$P$5:$P$100000,전표_원본!$O$5:$O$100000,$A11,전표_원본!$M$5:$M$100000,Z$5))
A12: =IF(변동분석!$A12="","",변동분석!$E12) | B12: =IF($A12="","",변동분석!$B12&" "&변동분석!$D12) | C12: =IF($A12="","",SUMIFS(전표_원본!$P$5:$P$100000,전표_원본!$O$5:$O$100000,$A12,전표_원본!$M$5:$M$100000,C$5)) | D12: =IF($A12="","",SUMIFS(전표_원본!$P$5:$P$100000,전표_원본!$O$5:$O$100000,$A12,전표_원본!$M$5:$M$100000,D$5)) | E12: =IF($A12="","",SUMIFS(전표_원본!$P$5:$P$100000,전표_원본!$O$5:$O$100000,$A12,전표_원본!$M$5:$M$100000,E$5)) | F12: =IF($A12="","",SUMIFS(전표_원본!$P$5:$P$100000,전표_원본!$O$5:$O$100000,$A12,전표_원본!$M$5:$M$100000,F$5)) | G12: =IF($A12="","",SUMIFS(전표_원본!$P$5:$P$100000,전표_원본!$O$5:$O$100000,$A12,전표_원본!$M$5:$M$100000,G$5)) | H12: =IF($A12="","",SUMIFS(전표_원본!$P$5:$P$100000,전표_원본!$O$5:$O$100000,$A12,전표_원본!$M$5:$M$100000,H$5)) | I12: =IF($A12="","",SUMIFS(전표_원본!$P$5:$P$100000,전표_원본!$O$5:$O$100000,$A12,전표_원본!$M$5:$M$100000,I$5)) | J12: =IF($A12="","",SUMIFS(전표_원본!$P$5:$P$100000,전표_원본!$O$5:$O$100000,$A12,전표_원본!$M$5:$M$100000,J$5)) | ... Z12: =IF($A12="","",SUMIFS(전표_원본!$P$5:$P$100000,전표_원본!$O$5:$O$100000,$A12,전표_원본!$M$5:$M$100000,Z$5))
A13: =IF(변동분석!$A13="","",변동분석!$E13) | B13: =IF($A13="","",변동분석!$B13&" "&변동분석!$D13) | C13: =IF($A13="","",SUMIFS(전표_원본!$P$5:$P$100000,전표_원본!$O$5:$O$100000,$A13,전표_원본!$M$5:$M$100000,C$5)) | D13: =IF($A13="","",SUMIFS(전표_원본!$P$5:$P$100000,전표_원본!$O$5:$O$100000,$A13,전표_원본!$M$5:$M$100000,D$5)) | E13: =IF($A13="","",SUMIFS(전표_원본!$P$5:$P$100000,전표_원본!$O$5:$O$100000,$A13,전표_원본!$M$5:$M$100000,E$5)) | F13: =IF($A13="","",SUMIFS(전표_원본!$P$5:$P$100000,전표_원본!$O$5:$O$100000,$A13,전표_원본!$M$5:$M$100000,F$5)) | G13: =IF($A13="","",SUMIFS(전표_원본!$P$5:$P$100000,전표_원본!$O$5:$O$100000,$A13,전표_원본!$M$5:$M$100000,G$5)) | H13: =IF($A13="","",SUMIFS(전표_원본!$P$5:$P$100000,전표_원본!$O$5:$O$100000,$A13,전표_원본!$M$5:$M$100000,H$5)) | I13: =IF($A13="","",SUMIFS(전표_원본!$P$5:$P$100000,전표_원본!$O$5:$O$100000,$A13,전표_원본!$M$5:$M$100000,I$5)) | J13: =IF($A13="","",SUMIFS(전표_원본!$P$5:$P$100000,전표_원본!$O$5:$O$100000,$A13,전표_원본!$M$5:$M$100000,J$5)) | ... Z13: =IF($A13="","",SUMIFS(전표_원본!$P$5:$P$100000,전표_원본!$O$5:$O$100000,$A13,전표_원본!$M$5:$M$100000,Z$5))
A14: =IF(변동분석!$A14="","",변동분석!$E14) | B14: =IF($A14="","",변동분석!$B14&" "&변동분석!$D14) | C14: =IF($A14="","",SUMIFS(전표_원본!$P$5:$P$100000,전표_원본!$O$5:$O$100000,$A14,전표_원본!$M$5:$M$100000,C$5)) | D14: =IF($A14="","",SUMIFS(전표_원본!$P$5:$P$100000,전표_원본!$O$5:$O$100000,$A14,전표_원본!$M$5:$M$100000,D$5)) | E14: =IF($A14="","",SUMIFS(전표_원본!$P$5:$P$100000,전표_원본!$O$5:$O$100000,$A14,전표_원본!$M$5:$M$100000,E$5)) | F14: =IF($A14="","",SUMIFS(전표_원본!$P$5:$P$100000,전표_원본!$O$5:$O$100000,$A14,전표_원본!$M$5:$M$100000,F$5)) | G14: =IF($A14="","",SUMIFS(전표_원본!$P$5:$P$100000,전표_원본!$O$5:$O$100000,$A14,전표_원본!$M$5:$M$100000,G$5)) | H14: =IF($A14="","",SUMIFS(전표_원본!$P$5:$P$100000,전표_원본!$O$5:$O$100000,$A14,전표_원본!$M$5:$M$100000,H$5)) | I14: =IF($A14="","",SUMIFS(전표_원본!$P$5:$P$100000,전표_원본!$O$5:$O$100000,$A14,전표_원본!$M$5:$M$100000,I$5)) | J14: =IF($A14="","",SUMIFS(전표_원본!$P$5:$P$100000,전표_원본!$O$5:$O$100000,$A14,전표_원본!$M$5:$M$100000,J$5)) | ... Z14: =IF($A14="","",SUMIFS(전표_원본!$P$5:$P$100000,전표_원본!$O$5:$O$100000,$A14,전표_원본!$M$5:$M$100000,Z$5))
A15: =IF(변동분석!$A15="","",변동분석!$E15) | B15: =IF($A15="","",변동분석!$B15&" "&변동분석!$D15) | C15: =IF($A15="","",SUMIFS(전표_원본!$P$5:$P$100000,전표_원본!$O$5:$O$100000,$A15,전표_원본!$M$5:$M$100000,C$5)) | D15: =IF($A15="","",SUMIFS(전표_원본!$P$5:$P$100000,전표_원본!$O$5:$O$100000,$A15,전표_원본!$M$5:$M$100000,D$5)) | E15: =IF($A15="","",SUMIFS(전표_원본!$P$5:$P$100000,전표_원본!$O$5:$O$100000,$A15,전표_원본!$M$5:$M$100000,E$5)) | F15: =IF($A15="","",SUMIFS(전표_원본!$P$5:$P$100000,전표_원본!$O$5:$O$100000,$A15,전표_원본!$M$5:$M$100000,F$5)) | G15: =IF($A15="","",SUMIFS(전표_원본!$P$5:$P$100000,전표_원본!$O$5:$O$100000,$A15,전표_원본!$M$5:$M$100000,G$5)) | H15: =IF($A15="","",SUMIFS(전표_원본!$P$5:$P$100000,전표_원본!$O$5:$O$100000,$A15,전표_원본!$M$5:$M$100000,H$5)) | I15: =IF($A15="","",SUMIFS(전표_원본!$P$5:$P$100000,전표_원본!$O$5:$O$100000,$A15,전표_원본!$M$5:$M$100000,I$5)) | J15: =IF($A15="","",SUMIFS(전표_원본!$P$5:$P$100000,전표_원본!$O$5:$O$100000,$A15,전표_원본!$M$5:$M$100000,J$5)) | ... Z15: =IF($A15="","",SUMIFS(전표_원본!$P$5:$P$100000,전표_원본!$O$5:$O$100000,$A15,전표_원본!$M$5:$M$100000,Z$5))
A16: =IF(변동분석!$A16="","",변동분석!$E16) | B16: =IF($A16="","",변동분석!$B16&" "&변동분석!$D16) | C16: =IF($A16="","",SUMIFS(전표_원본!$P$5:$P$100000,전표_원본!$O$5:$O$100000,$A16,전표_원본!$M$5:$M$100000,C$5)) | D16: =IF($A16="","",SUMIFS(전표_원본!$P$5:$P$100000,전표_원본!$O$5:$O$100000,$A16,전표_원본!$M$5:$M$100000,D$5)) | E16: =IF($A16="","",SUMIFS(전표_원본!$P$5:$P$100000,전표_원본!$O$5:$O$100000,$A16,전표_원본!$M$5:$M$100000,E$5)) | F16: =IF($A16="","",SUMIFS(전표_원본!$P$5:$P$100000,전표_원본!$O$5:$O$100000,$A16,전표_원본!$M$5:$M$100000,F$5)) | G16: =IF($A16="","",SUMIFS(전표_원본!$P$5:$P$100000,전표_원본!$O$5:$O$100000,$A16,전표_원본!$M$5:$M$100000,G$5)) | H16: =IF($A16="","",SUMIFS(전표_원본!$P$5:$P$100000,전표_원본!$O$5:$O$100000,$A16,전표_원본!$M$5:$M$100000,H$5)) | I16: =IF($A16="","",SUMIFS(전표_원본!$P$5:$P$100000,전표_원본!$O$5:$O$100000,$A16,전표_원본!$M$5:$M$100000,I$5)) | J16: =IF($A16="","",SUMIFS(전표_원본!$P$5:$P$100000,전표_원본!$O$5:$O$100000,$A16,전표_원본!$M$5:$M$100000,J$5)) | ... Z16: =IF($A16="","",SUMIFS(전표_원본!$P$5:$P$100000,전표_원본!$O$5:$O$100000,$A16,전표_원본!$M$5:$M$100000,Z$5))
A17: =IF(변동분석!$A17="","",변동분석!$E17) | B17: =IF($A17="","",변동분석!$B17&" "&변동분석!$D17) | C17: =IF($A17="","",SUMIFS(전표_원본!$P$5:$P$100000,전표_원본!$O$5:$O$100000,$A17,전표_원본!$M$5:$M$100000,C$5)) | D17: =IF($A17="","",SUMIFS(전표_원본!$P$5:$P$100000,전표_원본!$O$5:$O$100000,$A17,전표_원본!$M$5:$M$100000,D$5)) | E17: =IF($A17="","",SUMIFS(전표_원본!$P$5:$P$100000,전표_원본!$O$5:$O$100000,$A17,전표_원본!$M$5:$M$100000,E$5)) | F17: =IF($A17="","",SUMIFS(전표_원본!$P$5:$P$100000,전표_원본!$O$5:$O$100000,$A17,전표_원본!$M$5:$M$100000,F$5)) | G17: =IF($A17="","",SUMIFS(전표_원본!$P$5:$P$100000,전표_원본!$O$5:$O$100000,$A17,전표_원본!$M$5:$M$100000,G$5)) | H17: =IF($A17="","",SUMIFS(전표_원본!$P$5:$P$100000,전표_원본!$O$5:$O$100000,$A17,전표_원본!$M$5:$M$100000,H$5)) | I17: =IF($A17="","",SUMIFS(전표_원본!$P$5:$P$100000,전표_원본!$O$5:$O$100000,$A17,전표_원본!$M$5:$M$100000,I$5)) | J17: =IF($A17="","",SUMIFS(전표_원본!$P$5:$P$100000,전표_원본!$O$5:$O$100000,$A17,전표_원본!$M$5:$M$100000,J$5)) | ... Z17: =IF($A17="","",SUMIFS(전표_원본!$P$5:$P$100000,전표_원본!$O$5:$O$100000,$A17,전표_원본!$M$5:$M$100000,Z$5))
A18: =IF(변동분석!$A18="","",변동분석!$E18) | B18: =IF($A18="","",변동분석!$B18&" "&변동분석!$D18) | C18: =IF($A18="","",SUMIFS(전표_원본!$P$5:$P$100000,전표_원본!$O$5:$O$100000,$A18,전표_원본!$M$5:$M$100000,C$5)) | D18: =IF($A18="","",SUMIFS(전표_원본!$P$5:$P$100000,전표_원본!$O$5:$O$100000,$A18,전표_원본!$M$5:$M$100000,D$5)) | E18: =IF($A18="","",SUMIFS(전표_원본!$P$5:$P$100000,전표_원본!$O$5:$O$100000,$A18,전표_원본!$M$5:$M$100000,E$5)) | F18: =IF($A18="","",SUMIFS(전표_원본!$P$5:$P$100000,전표_원본!$O$5:$O$100000,$A18,전표_원본!$M$5:$M$100000,F$5)) | G18: =IF($A18="","",SUMIFS(전표_원본!$P$5:$P$100000,전표_원본!$O$5:$O$100000,$A18,전표_원본!$M$5:$M$100000,G$5)) | H18: =IF($A18="","",SUMIFS(전표_원본!$P$5:$P$100000,전표_원본!$O$5:$O$100000,$A18,전표_원본!$M$5:$M$100000,H$5)) | I18: =IF($A18="","",SUMIFS(전표_원본!$P$5:$P$100000,전표_원본!$O$5:$O$100000,$A18,전표_원본!$M$5:$M$100000,I$5)) | J18: =IF($A18="","",SUMIFS(전표_원본!$P$5:$P$100000,전표_원본!$O$5:$O$100000,$A18,전표_원본!$M$5:$M$100000,J$5)) | ... Z18: =IF($A18="","",SUMIFS(전표_원본!$P$5:$P$100000,전표_원본!$O$5:$O$100000,$A18,전표_원본!$M$5:$M$100000,Z$5))
... A109: =IF(변동분석!$A109="","",변동분석!$E109) | B109: =IF($A109="","",변동분석!$B109&" "&변동분석!$D109) | C109: =IF($A109="","",SUMIFS(전표_원본!$P$5:$P$100000,전표_원본!$O$5:$O$100000,$A109,전표_원본!$M$5:$M$100000,C$5)) | D109: =IF($A109="","",SUMIFS(전표_원본!$P$5:$P$100000,전표_원본!$O$5:$O$100000,$A109,전표_원본!$M$5:$M$100000,D$5)) | E109: =IF($A109="","",SUMIFS(전표_원본!$P$5:$P$100000,전표_원본!$O$5:$O$100000,$A109,전표_원본!$M$5:$M$100000,E$5)) | F109: =IF($A109="","",SUMIFS(전표_원본!$P$5:$P$100000,전표_원본!$O$5:$O$100000,$A109,전표_원본!$M$5:$M$100000,F$5)) | G109: =IF($A109="","",SUMIFS(전표_원본!$P$5:$P$100000,전표_원본!$O$5:$O$100000,$A109,전표_원본!$M$5:$M$100000,G$5)) | H109: =IF($A109="","",SUMIFS(전표_원본!$P$5:$P$100000,전표_원본!$O$5:$O$100000,$A109,전표_원본!$M$5:$M$100000,H$5)) | I109: =IF($A109="","",SUMIFS(전표_원본!$P$5:$P$100000,전표_원본!$O$5:$O$100000,$A109,전표_원본!$M$5:$M$100000,I$5)) | J109: =IF($A109="","",SUMIFS(전표_원본!$P$5:$P$100000,전표_원본!$O$5:$O$100000,$A109,전표_원본!$M$5:$M$100000,J$5)) | ... Z109: =IF($A109="","",SUMIFS(전표_원본!$P$5:$P$100000,전표_원본!$O$5:$O$100000,$A109,전표_원본!$M$5:$M$100000,Z$5))

Sheet 코멘트
A1: TRACE · 확인된 원인·조치
A2: 담당 부서 확인 결과를 월별로 누적 · 기준연도·기준월이 같은 코멘트가 주의대상·리포트에 표시
A4: 연도 | B4: 월 | C4: 부서코드 | D4: G/L 계정 | E4: 원인 유형 | F4: 확인된 원인·조치 | G4: 작성자 | H4: 작성일 | I4: 키
A5: 2026 | B5: 9 | C5: D500 | D5: 62701000 | E5: 일회성 대형 | F5: 3분기 신상품 TV캠페인 집행을 앞당김. 4분기 집행분에서 조정 예정 | G5: 마케팅팀 김OO | H5: 46303 | I5: =IF($A5="","",$A5&"|"&$B5&"|"&$C5&"|"&$D5)
A6: 2026 | B6: 9 | C6: D200 | D6: 62901000 | E6: 재분류 | F6: 8월 경영기획팀에 잘못 귀속된 회계자문료를 재분류. 실제 증가 아님 | G6: 재무회계팀 이OO | H6: 46303 | I6: =IF($A6="","",$A6&"|"&$B6&"|"&$C6&"|"&$D6)
I7: =IF($A7="","",$A7&"|"&$B7&"|"&$C7&"|"&$D7)
I8: =IF($A8="","",$A8&"|"&$B8&"|"&$C8&"|"&$D8)
I9: =IF($A9="","",$A9&"|"&$B9&"|"&$C9&"|"&$D9)
I10: =IF($A10="","",$A10&"|"&$B10&"|"&$C10&"|"&$D10)
I11: =IF($A11="","",$A11&"|"&$B11&"|"&$C11&"|"&$D11)
I12: =IF($A12="","",$A12&"|"&$B12&"|"&$C12&"|"&$D12)
I13: =IF($A13="","",$A13&"|"&$B13&"|"&$C13&"|"&$D13)
I14: =IF($A14="","",$A14&"|"&$B14&"|"&$C14&"|"&$D14)
I15: =IF($A15="","",$A15&"|"&$B15&"|"&$C15&"|"&$D15)
I16: =IF($A16="","",$A16&"|"&$B16&"|"&$C16&"|"&$D16)
I17: =IF($A17="","",$A17&"|"&$B17&"|"&$C17&"|"&$D17)
I18: =IF($A18="","",$A18&"|"&$B18&"|"&$C18&"|"&$D18)
... I2004: =IF($A2004="","",$A2004&"|"&$B2004&"|"&$C2004&"|"&$D2004)

Sheet 키워드사전
A1: TRACE · 적요 키워드 사전
A2: 원인분석의 '키워드' 패턴이 사용 · 확인된 표현을 계속 추가하세요 (빈 칸은 무시)
A3: ="현재 원인분석 선택: "&원인분석!$E$9
A4: 원인 유형 | B4: 키워드1 | C4: 키워드2 | D4: 키워드3 | E4: 키워드4 | F4: 키워드5 | G4: 원인 설명 (출력 문장에 사용) | H4: 당기 해당 금액 | I4: 증가분 대비
A5: 연간 일괄 계상 | B5: 연간 | C5: 일시 | D5: 선급 | E5: 1년 | F5: 반기 | G5: 연간·반기 계약을 한 번에 계상했을 가능성. 월할 안분 대상인지 확인 | H5: =IF($A5="","",SUMPRODUCT(MAX(($B5:$F5<>"")*SUMIFS(전표_원본!$P$5:$P$100000,전표_원본!$Q$5:$Q$100000,"당기",전표_원본!$I$5:$I$100000,"*"&$B5:$F5&"*")))) | I5: =IF(OR($A5="",원인분석!$C$16<=0),"",H5/원인분석!$C$16)
A6: 캠페인·행사 | B6: 캠페인 | C6: 행사 | D6: 이벤트 | E6: 프로모션 | F6: 박람회 | G6: 일회성 캠페인·행사 비용일 가능성 | H6: =IF($A6="","",SUMPRODUCT(MAX(($B6:$F6<>"")*SUMIFS(전표_원본!$P$5:$P$100000,전표_원본!$Q$5:$Q$100000,"당기",전표_원본!$I$5:$I$100000,"*"&$B6:$F6&"*")))) | I6: =IF(OR($A6="",원인분석!$C$16<=0),"",H6/원인분석!$C$16)
A7: 정정·취소 | B7: 정정 | C7: 취소 | D7: 역분개 | E7: 오류 | F7: 환입 | G7: 정정 전표 영향. 순액 기준으로 다시 확인 | H7: =IF($A7="","",SUMPRODUCT(MAX(($B7:$F7<>"")*SUMIFS(전표_원본!$P$5:$P$100000,전표_원본!$Q$5:$Q$100000,"당기",전표_원본!$I$5:$I$100000,"*"&$B7:$F7&"*")))) | I7: =IF(OR($A7="",원인분석!$C$16<=0),"",H7/원인분석!$C$16)
A8: 이관·재분류 | B8: 재분류 | C8: 이관 | D8: 대체 | E8: 귀속변경 | G8: 다른 부서·계정에서 넘어온 금액일 가능성 | H8: =IF($A8="","",SUMPRODUCT(MAX(($B8:$F8<>"")*SUMIFS(전표_원본!$P$5:$P$100000,전표_원본!$Q$5:$Q$100000,"당기",전표_원본!$I$5:$I$100000,"*"&$B8:$F8&"*")))) | I8: =IF(OR($A8="",원인분석!$C$16<=0),"",H8/원인분석!$C$16)
A9: 추정 계상 | B9: 미지급 | C9: 추정 | D9: 선계상 | G9: 월말 추정 계상분. 다음 달 역분개 여부 확인 | H9: =IF($A9="","",SUMPRODUCT(MAX(($B9:$F9<>"")*SUMIFS(전표_원본!$P$5:$P$100000,전표_원본!$Q$5:$Q$100000,"당기",전표_원본!$I$5:$I$100000,"*"&$B9:$F9&"*")))) | I9: =IF(OR($A9="",원인분석!$C$16<=0),"",H9/원인분석!$C$16)
A10: 소급·정산 | B10: 소급 | C10: 정산 | D10: 추가청구 | E10: 차액 | G10: 과거분 정산·소급 지급일 가능성 | H10: =IF($A10="","",SUMPRODUCT(MAX(($B10:$F10<>"")*SUMIFS(전표_원본!$P$5:$P$100000,전표_원본!$Q$5:$Q$100000,"당기",전표_원본!$I$5:$I$100000,"*"&$B10:$F10&"*")))) | I10: =IF(OR($A10="",원인분석!$C$16<=0),"",H10/원인분석!$C$16)
H11: =IF($A11="","",SUMPRODUCT(MAX(($B11:$F11<>"")*SUMIFS(전표_원본!$P$5:$P$100000,전표_원본!$Q$5:$Q$100000,"당기",전표_원본!$I$5:$I$100000,"*"&$B11:$F11&"*")))) | I11: =IF(OR($A11="",원인분석!$C$16<=0),"",H11/원인분석!$C$16)
H12: =IF($A12="","",SUMPRODUCT(MAX(($B12:$F12<>"")*SUMIFS(전표_원본!$P$5:$P$100000,전표_원본!$Q$5:$Q$100000,"당기",전표_원본!$I$5:$I$100000,"*"&$B12:$F12&"*")))) | I12: =IF(OR($A12="",원인분석!$C$16<=0),"",H12/원인분석!$C$16)
H13: =IF($A13="","",SUMPRODUCT(MAX(($B13:$F13<>"")*SUMIFS(전표_원본!$P$5:$P$100000,전표_원본!$Q$5:$Q$100000,"당기",전표_원본!$I$5:$I$100000,"*"&$B13:$F13&"*")))) | I13: =IF(OR($A13="",원인분석!$C$16<=0),"",H13/원인분석!$C$16)
H14: =IF($A14="","",SUMPRODUCT(MAX(($B14:$F14<>"")*SUMIFS(전표_원본!$P$5:$P$100000,전표_원본!$Q$5:$Q$100000,"당기",전표_원본!$I$5:$I$100000,"*"&$B14:$F14&"*")))) | I14: =IF(OR($A14="",원인분석!$C$16<=0),"",H14/원인분석!$C$16)
H15: =IF($A15="","",SUMPRODUCT(MAX(($B15:$F15<>"")*SUMIFS(전표_원본!$P$5:$P$100000,전표_원본!$Q$5:$Q$100000,"당기",전표_원본!$I$5:$I$100000,"*"&$B15:$F15&"*")))) | I15: =IF(OR($A15="",원인분석!$C$16<=0),"",H15/원인분석!$C$16)
H16: =IF($A16="","",SUMPRODUCT(MAX(($B16:$F16<>"")*SUMIFS(전표_원본!$P$5:$P$100000,전표_원본!$Q$5:$Q$100000,"당기",전표_원본!$I$5:$I$100000,"*"&$B16:$F16&"*")))) | I16: =IF(OR($A16="",원인분석!$C$16<=0),"",H16/원인분석!$C$16)
H17: =IF($A17="","",SUMPRODUCT(MAX(($B17:$F17<>"")*SUMIFS(전표_원본!$P$5:$P$100000,전표_원본!$Q$5:$Q$100000,"당기",전표_원본!$I$5:$I$100000,"*"&$B17:$F17&"*")))) | I17: =IF(OR($A17="",원인분석!$C$16<=0),"",H17/원인분석!$C$16)
H18: =IF($A18="","",SUMPRODUCT(MAX(($B18:$F18<>"")*SUMIFS(전표_원본!$P$5:$P$100000,전표_원본!$Q$5:$Q$100000,"당기",전표_원본!$I$5:$I$100000,"*"&$B18:$F18&"*")))) | I18: =IF(OR($A18="",원인분석!$C$16<=0),"",H18/원인분석!$C$16)
H19: =IF($A19="","",SUMPRODUCT(MAX(($B19:$F19<>"")*SUMIFS(전표_원본!$P$5:$P$100000,전표_원본!$Q$5:$Q$100000,"당기",전표_원본!$I$5:$I$100000,"*"&$B19:$F19&"*")))) | I19: =IF(OR($A19="",원인분석!$C$16<=0),"",H19/원인분석!$C$16)

Sheet 예산판_원본
A1: TRACE · 예산판 원본 (부서 × 계정 × 분기)
A2: A~J: 붙여넣기 · L~R: 보조수식 · 분기는 1~4, Q1, 1분기 모두 인식
A4: 회계연도 | B4: 부서코드 | C4: 부서명 | D4: G/L계정 | E4: 계정명 | F4: 분기 | G4: 배정 | H4: 조정 | I4: 실적 | J4: 잔여 | L4: 키 | M4: 연도 | N4: 분기 | O4: 가용 (보고단위) | P4: 실적 (보고단위) | Q4: 목록포함 | R4: G/L텍스트
A5: 2026 | B5: D100 | C5: 경영기획팀 | D5: 62101000 | E5: 여비교통비-국내 | F5: 1 | G5: 7650000 | H5: 0 | I5: 6849000 | J5: 801000 | L5: =IF($A5="","",$B5&"|"&$D5) | M5: =IF($A5="","",VALUE($A5&"")) | N5: =IF($A5="","",VALUE(SUBSTITUTE(SUBSTITUTE(SUBSTITUTE(UPPER($F5&""),"Q",""),"분기","")," ",""))) | O5: =IF($A5="",0,($G5+$H5)*설정!$C$23) | P5: =IF($A5="",0,$I5*설정!$C$23) | Q5: =IF($A5="","",IF(COUNTIF(변동분석!$E$7:$E$506,L5)>0,"Y","N")) | R5: =IF($A5="","",$D5&"")
A6: 2026 | B6: D100 | C6: 경영기획팀 | D6: 62101000 | E6: 여비교통비-국내 | F6: 2 | G6: 7650000 | H6: 0 | I6: 6789000 | J6: 861000 | L6: =IF($A6="","",$B6&"|"&$D6) | M6: =IF($A6="","",VALUE($A6&"")) | N6: =IF($A6="","",VALUE(SUBSTITUTE(SUBSTITUTE(SUBSTITUTE(UPPER($F6&""),"Q",""),"분기","")," ",""))) | O6: =IF($A6="",0,($G6+$H6)*설정!$C$23) | P6: =IF($A6="",0,$I6*설정!$C$23) | Q6: =IF($A6="","",IF(COUNTIF(변동분석!$E$7:$E$506,L6)>0,"Y","N")) | R6: =IF($A6="","",$D6&"")
A7: 2026 | B7: D100 | C7: 경영기획팀 | D7: 62101000 | E7: 여비교통비-국내 | F7: 3 | G7: 7650000 | H7: 0 | I7: 6747000 | J7: 903000 | L7: =IF($A7="","",$B7&"|"&$D7) | M7: =IF($A7="","",VALUE($A7&"")) | N7: =IF($A7="","",VALUE(SUBSTITUTE(SUBSTITUTE(SUBSTITUTE(UPPER($F7&""),"Q",""),"분기","")," ",""))) | O7: =IF($A7="",0,($G7+$H7)*설정!$C$23) | P7: =IF($A7="",0,$I7*설정!$C$23) | Q7: =IF($A7="","",IF(COUNTIF(변동분석!$E$7:$E$506,L7)>0,"Y","N")) | R7: =IF($A7="","",$D7&"")
A8: 2026 | B8: D100 | C8: 경영기획팀 | D8: 62101000 | E8: 여비교통비-국내 | F8: 4 | G8: 7650000 | H8: 0 | I8: 0 | J8: 7650000 | L8: =IF($A8="","",$B8&"|"&$D8) | M8: =IF($A8="","",VALUE($A8&"")) | N8: =IF($A8="","",VALUE(SUBSTITUTE(SUBSTITUTE(SUBSTITUTE(UPPER($F8&""),"Q",""),"분기","")," ",""))) | O8: =IF($A8="",0,($G8+$H8)*설정!$C$23) | P8: =IF($A8="",0,$I8*설정!$C$23) | Q8: =IF($A8="","",IF(COUNTIF(변동분석!$E$7:$E$506,L8)>0,"Y","N")) | R8: =IF($A8="","",$D8&"")
A9: 2026 | B9: D100 | C9: 경영기획팀 | D9: 62102000 | E9: 여비교통비-해외 | F9: 1 | G9: 1350000 | H9: 0 | I9: 1142000 | J9: 208000 | L9: =IF($A9="","",$B9&"|"&$D9) | M9: =IF($A9="","",VALUE($A9&"")) | N9: =IF($A9="","",VALUE(SUBSTITUTE(SUBSTITUTE(SUBSTITUTE(UPPER($F9&""),"Q",""),"분기","")," ",""))) | O9: =IF($A9="",0,($G9+$H9)*설정!$C$23) | P9: =IF($A9="",0,$I9*설정!$C$23) | Q9: =IF($A9="","",IF(COUNTIF(변동분석!$E$7:$E$506,L9)>0,"Y","N")) | R9: =IF($A9="","",$D9&"")
A10: 2026 | B10: D100 | C10: 경영기획팀 | D10: 62102000 | E10: 여비교통비-해외 | F10: 2 | G10: 1350000 | H10: 0 | I10: 1108000 | J10: 242000 | L10: =IF($A10="","",$B10&"|"&$D10) | M10: =IF($A10="","",VALUE($A10&"")) | N10: =IF($A10="","",VALUE(SUBSTITUTE(SUBSTITUTE(SUBSTITUTE(UPPER($F10&""),"Q",""),"분기","")," ",""))) | O10: =IF($A10="",0,($G10+$H10)*설정!$C$23) | P10: =IF($A10="",0,$I10*설정!$C$23) | Q10: =IF($A10="","",IF(COUNTIF(변동분석!$E$7:$E$506,L10)>0,"Y","N")) | R10: =IF($A10="","",$D10&"")
A11: 2026 | B11: D100 | C11: 경영기획팀 | D11: 62102000 | E11: 여비교통비-해외 | F11: 3 | G11: 1350000 | H11: 0 | I11: 1152000 | J11: 198000 | L11: =IF($A11="","",$B11&"|"&$D11) | M11: =IF($A11="","",VALUE($A11&"")) | N11: =IF($A11="","",VALUE(SUBSTITUTE(SUBSTITUTE(SUBSTITUTE(UPPER($F11&""),"Q",""),"분기","")," ",""))) | O11: =IF($A11="",0,($G11+$H11)*설정!$C$23) | P11: =IF($A11="",0,$I11*설정!$C$23) | Q11: =IF($A11="","",IF(COUNTIF(변동분석!$E$7:$E$506,L11)>0,"Y","N")) | R11: =IF($A11="","",$D11&"")
A12: 2026 | B12: D100 | C12: 경영기획팀 | D12: 62102000 | E12: 여비교통비-해외 | F12: 4 | G12: 1350000 | H12: 0 | I12: 0 | J12: 1350000 | L12: =IF($A12="","",$B12&"|"&$D12) | M12: =IF($A12="","",VALUE($A12&"")) | N12: =IF($A12="","",VALUE(SUBSTITUTE(SUBSTITUTE(SUBSTITUTE(UPPER($F12&""),"Q",""),"분기","")," ",""))) | O12: =IF($A12="",0,($G12+$H12)*설정!$C$23) | P12: =IF($A12="",0,$I12*설정!$C$23) | Q12: =IF($A12="","",IF(COUNTIF(변동분석!$E$7:$E$506,L12)>0,"Y","N")) | R12: =IF($A12="","",$D12&"")
A13: 2026 | B13: D100 | C13: 경영기획팀 | D13: 62201000 | E13: 통신비 | F13: 1 | G13: 2400000 | H13: 0 | I13: 2237000 | J13: 163000 | L13: =IF($A13="","",$B13&"|"&$D13) | M13: =IF($A13="","",VALUE($A13&"")) | N13: =IF($A13="","",VALUE(SUBSTITUTE(SUBSTITUTE(SUBSTITUTE(UPPER($F13&""),"Q",""),"분기","")," ",""))) | O13: =IF($A13="",0,($G13+$H13)*설정!$C$23) | P13: =IF($A13="",0,$I13*설정!$C$23) | Q13: =IF($A13="","",IF(COUNTIF(변동분석!$E$7:$E$506,L13)>0,"Y","N")) | R13: =IF($A13="","",$D13&"")
A14: 2026 | B14: D100 | C14: 경영기획팀 | D14: 62201000 | E14: 통신비 | F14: 2 | G14: 2400000 | H14: 0 | I14: 2267000 | J14: 133000 | L14: =IF($A14="","",$B14&"|"&$D14) | M14: =IF($A14="","",VALUE($A14&"")) | N14: =IF($A14="","",VALUE(SUBSTITUTE(SUBSTITUTE(SUBSTITUTE(UPPER($F14&""),"Q",""),"분기","")," ",""))) | O14: =IF($A14="",0,($G14+$H14)*설정!$C$23) | P14: =IF($A14="",0,$I14*설정!$C$23) | Q14: =IF($A14="","",IF(COUNTIF(변동분석!$E$7:$E$506,L14)>0,"Y","N")) | R14: =IF($A14="","",$D14&"")
A15: 2026 | B15: D100 | C15: 경영기획팀 | D15: 62201000 | E15: 통신비 | F15: 3 | G15: 2400000 | H15: 0 | I15: 2241000 | J15: 159000 | L15: =IF($A15="","",$B15&"|"&$D15) | M15: =IF($A15="","",VALUE($A15&"")) | N15: =IF($A15="","",VALUE(SUBSTITUTE(SUBSTITUTE(SUBSTITUTE(UPPER($F15&""),"Q",""),"분기","")," ",""))) | O15: =IF($A15="",0,($G15+$H15)*설정!$C$23) | P15: =IF($A15="",0,$I15*설정!$C$23) | Q15: =IF($A15="","",IF(COUNTIF(변동분석!$E$7:$E$506,L15)>0,"Y","N")) | R15: =IF($A15="","",$D15&"")
A16: 2026 | B16: D100 | C16: 경영기획팀 | D16: 62201000 | E16: 통신비 | F16: 4 | G16: 2400000 | H16: 0 | I16: 0 | J16: 2400000 | L16: =IF($A16="","",$B16&"|"&$D16) | M16: =IF($A16="","",VALUE($A16&"")) | N16: =IF($A16="","",VALUE(SUBSTITUTE(SUBSTITUTE(SUBSTITUTE(UPPER($F16&""),"Q",""),"분기","")," ",""))) | O16: =IF($A16="",0,($G16+$H16)*설정!$C$23) | P16: =IF($A16="",0,$I16*설정!$C$23) | Q16: =IF($A16="","",IF(COUNTIF(변동분석!$E$7:$E$506,L16)>0,"Y","N")) | R16: =IF($A16="","",$D16&"")
... A256: 2026 | B256: D300 | C256: 인사팀 | D256: 62701000 | E256: 광고선전비 | F256: 4 | G256: 0 | H256: 0 | I256: 0 | J256: 0 | L256: =IF($A256="","",$B256&"|"&$D256) | M256: =IF($A256="","",VALUE($A256&"")) | N256: =IF($A256="","",VALUE(SUBSTITUTE(SUBSTITUTE(SUBSTITUTE(UPPER($F256&""),"Q",""),"분기","")," ",""))) | O256: =IF($A256="",0,($G256+$H256)*설정!$C$23) | P256: =IF($A256="",0,$I256*설정!$C$23) | Q256: =IF($A256="","",IF(COUNTIF(변동분석!$E$7:$E$506,L256)>0,"Y","N")) | R256: =IF($A256="","",$D256&"")

Sheet TB_원본
A1: TRACE · TB 원본 (월별 시산표)
A2: A~G: 붙여넣기 · I~K: 보조수식 · 당해와 전년을 함께 넣으세요
A4: 회계연도 | B4: 기간 | C4: G/L계정 | D4: 계정명 | E4: 당기차변 | F4: 당기대변 | G4: 기말잔액 | I4: 기간번호 | J4: G/L텍스트 | K4: 당월증감 (보고단위)
A5: 2025 | B5: 1 | C5: 62101000 | D5: 여비교통비-국내 | E5: 17289000 | F5: 0 | G5: 17289000 | I5: =IF($A5="","",VALUE($A5&"")*12+VALUE($B5&"")) | J5: =IF($A5="","",$C5&"") | K5: =IF($A5="",0,($E5-$F5)*설정!$C$23)
A6: 2025 | B6: 1 | C6: 62102000 | D6: 여비교통비-해외 | E6: 2912000 | F6: 0 | G6: 2912000 | I6: =IF($A6="","",VALUE($A6&"")*12+VALUE($B6&"")) | J6: =IF($A6="","",$C6&"") | K6: =IF($A6="",0,($E6-$F6)*설정!$C$23)
A7: 2025 | B7: 1 | C7: 62201000 | D7: 통신비 | E7: 35494000 | F7: 0 | G7: 35494000 | I7: =IF($A7="","",VALUE($A7&"")*12+VALUE($B7&"")) | J7: =IF($A7="","",$C7&"") | K7: =IF($A7="",0,($E7-$F7)*설정!$C$23)
A8: 2025 | B8: 1 | C8: 62301000 | D8: 소모품비 | E8: 6062000 | F8: 0 | G8: 6062000 | I8: =IF($A8="","",VALUE($A8&"")*12+VALUE($B8&"")) | J8: =IF($A8="","",$C8&"") | K8: =IF($A8="",0,($E8-$F8)*설정!$C$23)
A9: 2025 | B9: 1 | C9: 62401000 | D9: 도서인쇄비 | E9: 13103000 | F9: 0 | G9: 13103000 | I9: =IF($A9="","",VALUE($A9&"")*12+VALUE($B9&"")) | J9: =IF($A9="","",$C9&"") | K9: =IF($A9="",0,($E9-$F9)*설정!$C$23)
A10: 2025 | B10: 1 | C10: 62501000 | D10: 회의비 | E10: 5347000 | F10: 0 | G10: 5347000 | I10: =IF($A10="","",VALUE($A10&"")*12+VALUE($B10&"")) | J10: =IF($A10="","",$C10&"") | K10: =IF($A10="",0,($E10-$F10)*설정!$C$23)
A11: 2025 | B11: 1 | C11: 62601000 | D11: 업무추진비 | E11: 10111000 | F11: 0 | G11: 10111000 | I11: =IF($A11="","",VALUE($A11&"")*12+VALUE($B11&"")) | J11: =IF($A11="","",$C11&"") | K11: =IF($A11="",0,($E11-$F11)*설정!$C$23)
A12: 2025 | B12: 1 | C12: 62701000 | D12: 광고선전비 | E12: 150000000 | F12: 0 | G12: 150000000 | I12: =IF($A12="","",VALUE($A12&"")*12+VALUE($B12&"")) | J12: =IF($A12="","",$C12&"") | K12: =IF($A12="",0,($E12-$F12)*설정!$C$23)
A13: 2025 | B13: 1 | C13: 62801000 | D13: 교육훈련비-사내 | E13: 11552000 | F13: 0 | G13: 11552000 | I13: =IF($A13="","",VALUE($A13&"")*12+VALUE($B13&"")) | J13: =IF($A13="","",$C13&"") | K13: =IF($A13="",0,($E13-$F13)*설정!$C$23)
A14: 2025 | B14: 1 | C14: 62802000 | D14: 교육훈련비-외부위탁 | E14: 15188000 | F14: 0 | G14: 15188000 | I14: =IF($A14="","",VALUE($A14&"")*12+VALUE($B14&"")) | J14: =IF($A14="","",$C14&"") | K14: =IF($A14="",0,($E14-$F14)*설정!$C$23)
A15: 2025 | B15: 1 | C15: 62901000 | D15: 지급수수료-컨설팅 | E15: 84033000 | F15: 0 | G15: 84033000 | I15: =IF($A15="","",VALUE($A15&"")*12+VALUE($B15&"")) | J15: =IF($A15="","",$C15&"") | K15: =IF($A15="",0,($E15-$F15)*설정!$C$23)
A16: 2025 | B16: 1 | C16: 62902000 | D16: 지급수수료-기타 | E16: 41018000 | F16: 0 | G16: 41018000 | I16: =IF($A16="","",VALUE($A16&"")*12+VALUE($B16&"")) | J16: =IF($A16="","",$C16&"") | K16: =IF($A16="",0,($E16-$F16)*설정!$C$23)
... A382: 2026 | B382: 9 | C382: 61201000 | D382: 복리후생비 | E382: 122200000 | F382: 0 | G382: 1086407000 | I382: =IF($A382="","",VALUE($A382&"")*12+VALUE($B382&"")) | J382: =IF($A382="","",$C382&"") | K382: =IF($A382="",0,($E382-$F382)*설정!$C$23)

Sheet 전표_원본
A1: TRACE · 전표 원본 (사업비 계정 전표 라인)
A2: A~K: 붙여넣기 · M~X: 보조수식 (회색, 수정 금지) · 최근 24개월 권장
A4: 회계연도 | B4: 기간 | C4: 전표번호 | D4: 전기일 | E4: 전표유형 | F4: G/L계정 | G4: 코스트센터 | H4: 금액 | I4: 적요 | J4: 거래처코드 | K4: 거래처명 | M4: 기간번호 | N4: 부서코드 | O4: 키 | P4: 금액 (보고단위) | Q4: 선택구분 | R4: 선택거래처 | S4: 첫등장행 | T4: 당기 근거점수 | U4: 비교 근거점수 | V4: 목록포함 | W4: 사업비여부 | X4: G/L텍스트
A5: 2025 | B5: 1 | C5: 5100000001 | D5: 45659 | E5: KR | F5: 62101000 | G5: 1401 | H5: 511000 | I5: 1월 국내출장 - M항공 | J5: V10001 | K5: M항공 | M5: =IF($A5="","",VALUE($A5&"")*12+VALUE($B5&"")) | N5: =IF($A5="","",IFERROR(INDEX(부서매핑!$C$5:$C$504,MATCH($G5&"",부서매핑!$A$5:$A$504,0)),"미매핑")) | O5: =IF($A5="","",N5&"|"&$F5) | P5: =IF($A5="",0,$H5*설정!$C$23) | Q5: =IF($A5="","",IF(O5<>원인분석!$C$9,"",IF(AND(M5>=원인분석!$C$10,M5<=원인분석!$C$11),"당기",IF(AND(M5>=원인분석!$C$12,M5<=원인분석!$C$13),"비교","")))) | R5: =IF(Q5="","",$K5&"") | S5: =IF(Q5="","",IF(MATCH(R5,$R$5:$R$100000,0)=ROW()-4,ROW(),"")) | T5: =IF(Q5="당기",ABS(P5)+ROW()/1000000000,"") | U5: =IF(Q5="비교",ABS(P5)+ROW()/1000000000,"") | V5: =IF($A5="","",IF(COUNTIF(변동분석!$E$7:$E$506,O5)>0,"Y","N")) | W5: =IF($A5="","",IFERROR(INDEX(계정매핑!$D$5:$D$504,MATCH($F5&"",계정매핑!$A$5:$A$504,0)),"미매핑")) | X5: =IF($A5="","",$F5&"")
A6: 2025 | B6: 1 | C6: 5100000002 | D6: 45659 | E6: KR | F6: 62201000 | G6: 1801 | H6: 3584000 | I6: 1월 통신요금 - O텔레콤 | J6: V10002 | K6: O텔레콤 | M6: =IF($A6="","",VALUE($A6&"")*12+VALUE($B6&"")) | N6: =IF($A6="","",IFERROR(INDEX(부서매핑!$C$5:$C$504,MATCH($G6&"",부서매핑!$A$5:$A$504,0)),"미매핑")) | O6: =IF($A6="","",N6&"|"&$F6) | P6: =IF($A6="",0,$H6*설정!$C$23) | Q6: =IF($A6="","",IF(O6<>원인분석!$C$9,"",IF(AND(M6>=원인분석!$C$10,M6<=원인분석!$C$11),"당기",IF(AND(M6>=원인분석!$C$12,M6<=원인분석!$C$13),"비교","")))) | R6: =IF(Q6="","",$K6&"") | S6: =IF(Q6="","",IF(MATCH(R6,$R$5:$R$100000,0)=ROW()-4,ROW(),"")) | T6: =IF(Q6="당기",ABS(P6)+ROW()/1000000000,"") | U6: =IF(Q6="비교",ABS(P6)+ROW()/1000000000,"") | V6: =IF($A6="","",IF(COUNTIF(변동분석!$E$7:$E$506,O6)>0,"Y","N")) | W6: =IF($A6="","",IFERROR(INDEX(계정매핑!$D$5:$D$504,MATCH($F6&"",계정매핑!$A$5:$A$504,0)),"미매핑")) | X6: =IF($A6="","",$F6&"")
A7: 2025 | B7: 1 | C7: 5100000003 | D7: 45659 | E7: KR | F7: 62301000 | G7: 1201 | H7: 263000 | I7: 1월 소모품 구입 - Q오피스 | J7: V10003 | K7: Q오피스 | M7: =IF($A7="","",VALUE($A7&"")*12+VALUE($B7&"")) | N7: =IF($A7="","",IFERROR(INDEX(부서매핑!$C$5:$C$504,MATCH($G7&"",부서매핑!$A$5:$A$504,0)),"미매핑")) | O7: =IF($A7="","",N7&"|"&$F7) | P7: =IF($A7="",0,$H7*설정!$C$23) | Q7: =IF($A7="","",IF(O7<>원인분석!$C$9,"",IF(AND(M7>=원인분석!$C$10,M7<=원인분석!$C$11),"당기",IF(AND(M7>=원인분석!$C$12,M7<=원인분석!$C$13),"비교","")))) | R7: =IF(Q7="","",$K7&"") | S7: =IF(Q7="","",IF(MATCH(R7,$R$5:$R$100000,0)=ROW()-4,ROW(),"")) | T7: =IF(Q7="당기",ABS(P7)+ROW()/1000000000,"") | U7: =IF(Q7="비교",ABS(P7)+ROW()/1000000000,"") | V7: =IF($A7="","",IF(COUNTIF(변동분석!$E$7:$E$506,O7)>0,"Y","N")) | W7: =IF($A7="","",IFERROR(INDEX(계정매핑!$D$5:$D$504,MATCH($F7&"",계정매핑!$A$5:$A$504,0)),"미매핑")) | X7: =IF($A7="","",$F7&"")
A8: 2025 | B8: 1 | C8: 5100000004 | D8: 45659 | E8: KR | F8: 62401000 | G8: 1401 | H8: 343000 | I8: 1월 인쇄물 제작 - G인쇄 | J8: V10004 | K8: G인쇄 | M8: =IF($A8="","",VALUE($A8&"")*12+VALUE($B8&"")) | N8: =IF($A8="","",IFERROR(INDEX(부서매핑!$C$5:$C$504,MATCH($G8&"",부서매핑!$A$5:$A$504,0)),"미매핑")) | O8: =IF($A8="","",N8&"|"&$F8) | P8: =IF($A8="",0,$H8*설정!$C$23) | Q8: =IF($A8="","",IF(O8<>원인분석!$C$9,"",IF(AND(M8>=원인분석!$C$10,M8<=원인분석!$C$11),"당기",IF(AND(M8>=원인분석!$C$12,M8<=원인분석!$C$13),"비교","")))) | R8: =IF(Q8="","",$K8&"") | S8: =IF(Q8="","",IF(MATCH(R8,$R$5:$R$100000,0)=ROW()-4,ROW(),"")) | T8: =IF(Q8="당기",ABS(P8)+ROW()/1000000000,"") | U8: =IF(Q8="비교",ABS(P8)+ROW()/1000000000,"") | V8: =IF($A8="","",IF(COUNTIF(변동분석!$E$7:$E$506,O8)>0,"Y","N")) | W8: =IF($A8="","",IFERROR(INDEX(계정매핑!$D$5:$D$504,MATCH($F8&"",계정매핑!$A$5:$A$504,0)),"미매핑")) | X8: =IF($A8="","",$F8&"")
A9: 2025 | B9: 1 | C9: 5100000005 | D9: 45659 | E9: KR | F9: 62501000 | G9: 1602 | H9: 356000 | I9: 1월 회의 다과 - T케이터링 | J9: V10005 | K9: T케이터링 | M9: =IF($A9="","",VALUE($A9&"")*12+VALUE($B9&"")) | N9: =IF($A9="","",IFERROR(INDEX(부서매핑!$C$5:$C$504,MATCH($G9&"",부서매핑!$A$5:$A$504,0)),"미매핑")) | O9: =IF($A9="","",N9&"|"&$F9) | P9: =IF($A9="",0,$H9*설정!$C$23) | Q9: =IF($A9="","",IF(O9<>원인분석!$C$9,"",IF(AND(M9>=원인분석!$C$10,M9<=원인분석!$C$11),"당기",IF(AND(M9>=원인분석!$C$12,M9<=원인분석!$C$13),"비교","")))) | R9: =IF(Q9="","",$K9&"") | S9: =IF(Q9="","",IF(MATCH(R9,$R$5:$R$100000,0)=ROW()-4,ROW(),"")) | T9: =IF(Q9="당기",ABS(P9)+ROW()/1000000000,"") | U9: =IF(Q9="비교",ABS(P9)+ROW()/1000000000,"") | V9: =IF($A9="","",IF(COUNTIF(변동분석!$E$7:$E$506,O9)>0,"Y","N")) | W9: =IF($A9="","",IFERROR(INDEX(계정매핑!$D$5:$D$504,MATCH($F9&"",계정매핑!$A$5:$A$504,0)),"미매핑")) | X9: =IF($A9="","",$F9&"")
A10: 2025 | B10: 1 | C10: 5100000006 | D10: 45659 | E10: KR | F10: 63101000 | G10: 1601 | H10: 4840000 | I10: 1월 사무실 임차료 - AA빌딩 | J10: V10006 | K10: AA빌딩 | M10: =IF($A10="","",VALUE($A10&"")*12+VALUE($B10&"")) | N10: =IF($A10="","",IFERROR(INDEX(부서매핑!$C$5:$C$504,MATCH($G10&"",부서매핑!$A$5:$A$504,0)),"미매핑")) | O10: =IF($A10="","",N10&"|"&$F10) | P10: =IF($A10="",0,$H10*설정!$C$23) | Q10: =IF($A10="","",IF(O10<>원인분석!$C$9,"",IF(AND(M10>=원인분석!$C$10,M10<=원인분석!$C$11),"당기",IF(AND(M10>=원인분석!$C$12,M10<=원인분석!$C$13),"비교","")))) | R10: =IF(Q10="","",$K10&"") | S10: =IF(Q10="","",IF(MATCH(R10,$R$5:$R$100000,0)=ROW()-4,ROW(),"")) | T10: =IF(Q10="당기",ABS(P10)+ROW()/1000000000,"") | U10: =IF(Q10="비교",ABS(P10)+ROW()/1000000000,"") | V10: =IF($A10="","",IF(COUNTIF(변동분석!$E$7:$E$506,O10)>0,"Y","N")) | W10: =IF($A10="","",IFERROR(INDEX(계정매핑!$D$5:$D$504,MATCH($F10&"",계정매핑!$A$5:$A$504,0)),"미매핑")) | X10: =IF($A10="","",$F10&"")
A11: 2025 | B11: 1 | C11: 5100000007 | D11: 45660 | E11: KR | F11: 62101000 | G11: 1501 | H11: 620000 | I11: 1월 국내출장 - M항공 | J11: V10001 | K11: M항공 | M11: =IF($A11="","",VALUE($A11&"")*12+VALUE($B11&"")) | N11: =IF($A11="","",IFERROR(INDEX(부서매핑!$C$5:$C$504,MATCH($G11&"",부서매핑!$A$5:$A$504,0)),"미매핑")) | O11: =IF($A11="","",N11&"|"&$F11) | P11: =IF($A11="",0,$H11*설정!$C$23) | Q11: =IF($A11="","",IF(O11<>원인분석!$C$9,"",IF(AND(M11>=원인분석!$C$10,M11<=원인분석!$C$11),"당기",IF(AND(M11>=원인분석!$C$12,M11<=원인분석!$C$13),"비교","")))) | R11: =IF(Q11="","",$K11&"") | S11: =IF(Q11="","",IF(MATCH(R11,$R$5:$R$100000,0)=ROW()-4,ROW(),"")) | T11: =IF(Q11="당기",ABS(P11)+ROW()/1000000000,"") | U11: =IF(Q11="비교",ABS(P11)+ROW()/1000000000,"") | V11: =IF($A11="","",IF(COUNTIF(변동분석!$E$7:$E$506,O11)>0,"Y","N")) | W11: =IF($A11="","",IFERROR(INDEX(계정매핑!$D$5:$D$504,MATCH($F11&"",계정매핑!$A$5:$A$504,0)),"미매핑")) | X11: =IF($A11="","",$F11&"")
A12: 2025 | B12: 1 | C12: 5100000008 | D12: 45660 | E12: KR | F12: 62102000 | G12: 1801 | H12: 56000 | I12: 1월 해외출장 - N호텔 | J12: V10007 | K12: N호텔 | M12: =IF($A12="","",VALUE($A12&"")*12+VALUE($B12&"")) | N12: =IF($A12="","",IFERROR(INDEX(부서매핑!$C$5:$C$504,MATCH($G12&"",부서매핑!$A$5:$A$504,0)),"미매핑")) | O12: =IF($A12="","",N12&"|"&$F12) | P12: =IF($A12="",0,$H12*설정!$C$23) | Q12: =IF($A12="","",IF(O12<>원인분석!$C$9,"",IF(AND(M12>=원인분석!$C$10,M12<=원인분석!$C$11),"당기",IF(AND(M12>=원인분석!$C$12,M12<=원인분석!$C$13),"비교","")))) | R12: =IF(Q12="","",$K12&"") | S12: =IF(Q12="","",IF(MATCH(R12,$R$5:$R$100000,0)=ROW()-4,ROW(),"")) | T12: =IF(Q12="당기",ABS(P12)+ROW()/1000000000,"") | U12: =IF(Q12="비교",ABS(P12)+ROW()/1000000000,"") | V12: =IF($A12="","",IF(COUNTIF(변동분석!$E$7:$E$506,O12)>0,"Y","N")) | W12: =IF($A12="","",IFERROR(INDEX(계정매핑!$D$5:$D$504,MATCH($F12&"",계정매핑!$A$5:$A$504,0)),"미매핑")) | X12: =IF($A12="","",$F12&"")
A13: 2025 | B13: 1 | C13: 5100000009 | D13: 45660 | E13: KR | F13: 62201000 | G13: 1701 | H13: 6587000 | I13: 1월 통신요금 - O텔레콤 | J13: V10002 | K13: O텔레콤 | M13: =IF($A13="","",VALUE($A13&"")*12+VALUE($B13&"")) | N13: =IF($A13="","",IFERROR(INDEX(부서매핑!$C$5:$C$504,MATCH($G13&"",부서매핑!$A$5:$A$504,0)),"미매핑")) | O13: =IF($A13="","",N13&"|"&$F13) | P13: =IF($A13="",0,$H13*설정!$C$23) | Q13: =IF($A13="","",IF(O13<>원인분석!$C$9,"",IF(AND(M13>=원인분석!$C$10,M13<=원인분석!$C$11),"당기",IF(AND(M13>=원인분석!$C$12,M13<=원인분석!$C$13),"비교","")))) | R13: =IF(Q13="","",$K13&"") | S13: =IF(Q13="","",IF(MATCH(R13,$R$5:$R$100000,0)=ROW()-4,ROW(),"")) | T13: =IF(Q13="당기",ABS(P13)+ROW()/1000000000,"") | U13: =IF(Q13="비교",ABS(P13)+ROW()/1000000000,"") | V13: =IF($A13="","",IF(COUNTIF(변동분석!$E$7:$E$506,O13)>0,"Y","N")) | W13: =IF($A13="","",IFERROR(INDEX(계정매핑!$D$5:$D$504,MATCH($F13&"",계정매핑!$A$5:$A$504,0)),"미매핑")) | X13: =IF($A13="","",$F13&"")
A14: 2025 | B14: 1 | C14: 5100000010 | D14: 45660 | E14: KR | F14: 62301000 | G14: 1701 | H14: 281000 | I14: 1월 소모품 구입 - Q오피스 | J14: V10003 | K14: Q오피스 | M14: =IF($A14="","",VALUE($A14&"")*12+VALUE($B14&"")) | N14: =IF($A14="","",IFERROR(INDEX(부서매핑!$C$5:$C$504,MATCH($G14&"",부서매핑!$A$5:$A$504,0)),"미매핑")) | O14: =IF($A14="","",N14&"|"&$F14) | P14: =IF($A14="",0,$H14*설정!$C$23) | Q14: =IF($A14="","",IF(O14<>원인분석!$C$9,"",IF(AND(M14>=원인분석!$C$10,M14<=원인분석!$C$11),"당기",IF(AND(M14>=원인분석!$C$12,M14<=원인분석!$C$13),"비교","")))) | R14: =IF(Q14="","",$K14&"") | S14: =IF(Q14="","",IF(MATCH(R14,$R$5:$R$100000,0)=ROW()-4,ROW(),"")) | T14: =IF(Q14="당기",ABS(P14)+ROW()/1000000000,"") | U14: =IF(Q14="비교",ABS(P14)+ROW()/1000000000,"") | V14: =IF($A14="","",IF(COUNTIF(변동분석!$E$7:$E$506,O14)>0,"Y","N")) | W14: =IF($A14="","",IFERROR(INDEX(계정매핑!$D$5:$D$504,MATCH($F14&"",계정매핑!$A$5:$A$504,0)),"미매핑")) | X14: =IF($A14="","",$F14&"")
A15: 2025 | B15: 1 | C15: 5100000011 | D15: 45660 | E15: KR | F15: 62301000 | G15: 1701 | H15: 323000 | I15: 1월 소모품 구입 - Q오피스 | J15: V10003 | K15: Q오피스 | M15: =IF($A15="","",VALUE($A15&"")*12+VALUE($B15&"")) | N15: =IF($A15="","",IFERROR(INDEX(부서매핑!$C$5:$C$504,MATCH($G15&"",부서매핑!$A$5:$A$504,0)),"미매핑")) | O15: =IF($A15="","",N15&"|"&$F15) | P15: =IF($A15="",0,$H15*설정!$C$23) | Q15: =IF($A15="","",IF(O15<>원인분석!$C$9,"",IF(AND(M15>=원인분석!$C$10,M15<=원인분석!$C$11),"당기",IF(AND(M15>=원인분석!$C$12,M15<=원인분석!$C$13),"비교","")))) | R15: =IF(Q15="","",$K15&"") | S15: =IF(Q15="","",IF(MATCH(R15,$R$5:$R$100000,0)=ROW()-4,ROW(),"")) | T15: =IF(Q15="당기",ABS(P15)+ROW()/1000000000,"") | U15: =IF(Q15="비교",ABS(P15)+ROW()/1000000000,"") | V15: =IF($A15="","",IF(COUNTIF(변동분석!$E$7:$E$506,O15)>0,"Y","N")) | W15: =IF($A15="","",IFERROR(INDEX(계정매핑!$D$5:$D$504,MATCH($F15&"",계정매핑!$A$5:$A$504,0)),"미매핑")) | X15: =IF($A15="","",$F15&"")
A16: 2025 | B16: 1 | C16: 5100000012 | D16: 45660 | E16: KR | F16: 62501000 | G16: 1201 | H16: 103000 | I16: 1월 회의 다과 - (법인카드) | J16: V10008 | K16: (법인카드) | M16: =IF($A16="","",VALUE($A16&"")*12+VALUE($B16&"")) | N16: =IF($A16="","",IFERROR(INDEX(부서매핑!$C$5:$C$504,MATCH($G16&"",부서매핑!$A$5:$A$504,0)),"미매핑")) | O16: =IF($A16="","",N16&"|"&$F16) | P16: =IF($A16="",0,$H16*설정!$C$23) | Q16: =IF($A16="","",IF(O16<>원인분석!$C$9,"",IF(AND(M16>=원인분석!$C$10,M16<=원인분석!$C$11),"당기",IF(AND(M16>=원인분석!$C$12,M16<=원인분석!$C$13),"비교","")))) | R16: =IF(Q16="","",$K16&"") | S16: =IF(Q16="","",IF(MATCH(R16,$R$5:$R$100000,0)=ROW()-4,ROW(),"")) | T16: =IF(Q16="당기",ABS(P16)+ROW()/1000000000,"") | U16: =IF(Q16="비교",ABS(P16)+ROW()/1000000000,"") | V16: =IF($A16="","",IF(COUNTIF(변동분석!$E$7:$E$506,O16)>0,"Y","N")) | W16: =IF($A16="","",IFERROR(INDEX(계정매핑!$D$5:$D$504,MATCH($F16&"",계정매핑!$A$5:$A$504,0)),"미매핑")) | X16: =IF($A16="","",$F16&"")
... A4134: 2026 | B4134: 9 | C4134: 100001790 | D4134: 46293 | E4134: SA | F4134: 62901000 | G4134: 1201 | H4134: 25000000 | I4134: 경영기획팀 회계자문료 재분류 (8월분) | J4134: V10032 | K4134: (내부대체) | M4134: =IF($A4134="","",VALUE($A4134&"")*12+VALUE($B4134&"")) | N4134: =IF($A4134="","",IFERROR(INDEX(부서매핑!$C$5:$C$504,MATCH($G4134&"",부서매핑!$A$5:$A$504,0)),"미매핑")) | O4134: =IF($A4134="","",N4134&"|"&$F4134) | P4134: =IF($A4134="",0,$H4134*설정!$C$23) | Q4134: =IF($A4134="","",IF(O4134<>원인분석!$C$9,"",IF(AND(M4134>=원인분석!$C$10,M4134<=원인분석!$C$11),"당기",IF(AND(M4134>=원인분석!$C$12,M4134<=원인분석!$C$13),"비교","")))) | R4134: =IF(Q4134="","",$K4134&"") | S4134: =IF(Q4134="","",IF(MATCH(R4134,$R$5:$R$100000,0)=ROW()-4,ROW(),"")) | T4134: =IF(Q4134="당기",ABS(P4134)+ROW()/1000000000,"") | U4134: =IF(Q4134="비교",ABS(P4134)+ROW()/1000000000,"") | V4134: =IF($A4134="","",IF(COUNTIF(변동분석!$E$7:$E$506,O4134)>0,"Y","N")) | W4134: =IF($A4134="","",IFERROR(INDEX(계정매핑!$D$5:$D$504,MATCH($F4134&"",계정매핑!$A$5:$A$504,0)),"미매핑")) | X4134: =IF($A4134="","",$F4134&"")

Sheet 계정매핑
A1: TRACE · 계정 매핑
A2: 사업비 여부가 Y인 계정만 분석 · 코드 칸은 텍스트
A4: G/L 계정 | B4: 계정명 | C4: 사업비 항목 | D4: 사업비 여부
A5: 62101000 | B5: 여비교통비-국내 | C5: 여비교통비 | D5: Y
A6: 62102000 | B6: 여비교통비-해외 | C6: 여비교통비 | D6: Y
A7: 62201000 | B7: 통신비 | C7: 통신비 | D7: Y
A8: 62301000 | B8: 소모품비 | C8: 소모품비 | D8: Y
A9: 62401000 | B9: 도서인쇄비 | C9: 도서인쇄비 | D9: Y
A10: 62501000 | B10: 회의비 | C10: 회의비 | D10: Y
A11: 62601000 | B11: 업무추진비 | C11: 업무추진비 | D11: Y
A12: 62701000 | B12: 광고선전비 | C12: 광고선전비 | D12: Y
A13: 62801000 | B13: 교육훈련비-사내 | C13: 교육훈련비 | D13: Y
A14: 62802000 | B14: 교육훈련비-외부위탁 | C14: 교육훈련비 | D14: Y
A15: 62901000 | B15: 지급수수료-컨설팅 | C15: 지급수수료 | D15: Y
... A22: 61201000 | B22: 복리후생비 | C22: 인건비 | D22: 제외

Sheet 부서매핑
A1: TRACE · 부서 매핑
A2: 코스트센터 → 부서 · 코드 칸은 텍스트
A4: 코스트센터 | B4: 코스트센터명 | C4: 부서코드 | D4: 부서명
A5: 1101 | B5: 경영기획 | C5: D100 | D5: 경영기획팀
A6: 1201 | B6: 재무회계 | C6: D200 | D6: 재무회계팀
A7: 1301 | B7: 인사 | C7: D300 | D7: 인사팀
A8: 1401 | B8: 상품개발 | C8: D400 | D8: 상품개발팀
A9: 1501 | B9: 마케팅전략 | C9: D500 | D9: 마케팅팀
A10: 1502 | B10: 디지털마케팅 | C10: D500 | D10: 마케팅팀
A11: 1601 | B11: 영업지원-본사 | C11: D600 | D11: 영업지원팀
A12: 1602 | B12: 영업지원-지역본부 | C12: D600 | D12: 영업지원팀
A13: 1701 | B13: IT운영 | C13: D700 | D13: IT운영팀
A14: 1801 | B14: 고객서비스 | C14: D800 | D14: 고객서비스팀
