Workbook

Sheet 안내
A1: 예산 대비 실적 리포트 v0.1
A2: Excel 2016 호환 · 예시 데이터는 가상 수치 · 단위는 설정 시트에서 변경
A4: 최초 설치 (1회)
A5: 1. 이 파일을 연 상태에서 Alt+F11 → [파일] → [파일 가져오기] → modBudget.bas 선택
A6: 2. Alt+F8 → SetupButtons 실행 → 설정 시트에 버튼 6개가 생깁니다
A7: 3. [다른 이름으로 저장] → 파일 형식 'Excel 매크로 사용 통합 문서 (*.xlsm)'
A8: 4. 대시보드.html 을 이 엑셀 파일과 같은 폴더에 둡니다
A10: 매월 사용 순서
A11: 1. 설정 시트에서 기준연도·기준월 변경
A12: 2. [실적 불러오기] → 자체 화면에서 내려받은 파일 선택 (전년 실적 포함, 열 순서 무관)
A13: 3. [예산 불러오기] → 예산 파일 선택 (예산이 바뀐 달에만)
A14: 4. 자가진단 시트가 '전체 정상'인지 확인 (불러오기 후 자동으로 결과 팝업)
... A31: 시트 구성
A32: 시트 | B32: 역할
A33: 설정 | B33: 기준월·단위·경고 기준, 열 매핑, 매크로 버튼
A34: 자가진단 | B34: 데이터 구조·매핑·대사 점검 (15개 항목)
A35: 리포트 | B35: 인쇄용 1장 보고서 (PDF 출력 대상)
A36: 요약 | B36: 부서별·예산항목별 요약, 부서별 보고 문구 초안
A37: 예외목록 | B37: 경고 기준을 넘은 항목, 차이 금액 큰 순
A38: 월별추이 | B38: 부서별 월 예산·실적·전년실적 (대시보드 원천)
A39: 집계 | B39: 부서 × 예산항목 상세 (모든 계산의 중심)
A40: 코멘트 | B40: 예외 항목 원인·조치 입력 (월별 누적)
A41: 마감이력 | B41: [월마감 저장] 시 집계 결과 보관
A42: 예산_원본 | B42: 예산 파일 (부서 × 항목 × 12개월)
A43: 실적_원본 | B43: 자체 화면 실적 (코스트센터 × G/L × 월)
... A45: 부서매핑 | B45: 코스트센터 → 부서

Sheet 설정
A1: 설정
A2: 노란 칸만 바꾸세요 · 오른쪽 버튼은 SetupButtons 실행 후 생깁니다
B4: 항목 | C4: 값 | D4: 설명 | F4: 단위 | G4: 원 환산 | I4: 매크로 버튼
B5: 회사명 | C5: 예시보험㈜ | D5: 리포트 제목에 표시 | F5: 원 | G5: 1
B6: 기준연도 | C6: 2026 | D6: 보고 대상 연도 | F6: 천원 | G6: 1000
B7: 기준월 | C7: 9 | D7: 1~12. 누계는 1월~기준월 | F7: 백만원 | G7: 1000000
B8: 적용 예산버전 | C8: 본예산 | D8: 예산_원본 B열(예산버전) 중 집계할 버전
B9: 예산_원본 금액단위 | C9: 천원 | D9: 예산 파일에 적힌 금액 단위
B10: 실적_원본 금액단위 | C10: 원 | D10: 자체 화면 금액 단위
B11: 보고 단위 | C11: 천원 | D11: 모든 집계·리포트 표시 단위
B12: 경고 기준: 집행률 차이 | C12: 0.1 | D12: 누계 집행률이 100% ± 이 값을 벗어나면 초과/과소
B13: 경고 기준: 금액 하한 (보고단위) | C13: 10000 | D13: 누계 차이가 이 금액 미만이면 집행률과 무관하게 정상
B14: (계산) 예산 환산계수 | C14: =INDEX($G$5:$G$7,MATCH(C9,$F$5:$F$7,0))/INDEX($G$5:$G$7,MATCH(C11,$F$5:$F$7,0)) | D14: 예산_원본 금액 × 계수 = 보고단위
B15: (계산) 실적 환산계수 | C15: =INDEX($G$5:$G$7,MATCH(C10,$F$5:$F$7,0))/INDEX($G$5:$G$7,MATCH(C11,$F$5:$F$7,0)) | D15: 실적_원본 금액 × 계수 = 보고단위
B19: 열 매핑 - 실적 (자체 화면)
B20: 표준 열 (실적_원본) | C20: 원본 화면 열 이름 | D20: 설명
B21: A열 회계연도 | C21: 회계연도 | D21: 숫자·텍스트 모두 가능
B22: B열 기간 | C22: 기간 | D22: 1~12 또는 001~012
B23: C열 회사코드 | C23: 회사코드
B24: D열 코스트센터 | C24: 코스트센터 | D24: 코스트센터 코드 (비어 있는 행은 제외)
B25: E열 코스트센터명 | C25: 코스트센터명
B26: F열 G/L계정 | C26: G/L계정
B27: G열 계정명 | C27: 계정명
B28: H열 금액 | C28: 금액 | D28: 회사코드 통화, 비용 차변 +
B30: 열 매핑 - 예산 파일
B31: 표준 열 (예산_원본) | C31: 원본 파일 열 이름 | D31: 설명
B32: A열 연도 | C32: 연도
B33: B열 예산버전 | C33: 예산버전
B34: C열 부서코드 | C34: 부서코드 | D34: 부서코드가 비어 있는 행은 제외
B35: D열 부서명 | C35: 부서명
B36: E열 예산항목코드 | C36: 예산항목코드
B37: F열 예산항목명 | C37: 예산항목명
B38: G열 1월 | C38: 1월
B39: H열 2월 | C39: 2월
B40: I열 3월 | C40: 3월
B41: J열 4월 | C41: 4월
B42: K열 5월 | C42: 5월
B43: L열 6월 | C43: 6월
B44: M열 7월 | C44: 7월
B45: N열 8월 | C45: 8월
B46: O열 9월 | C46: 9월
... B49: R열 12월 | C49: 12월

Sheet 자가진단
A1: 자가진단
A2: 불러오기 후 자동 점검 · 외부망으로 오류를 알릴 때는 [점검 항목]과 [상태]만 전달하세요
A4: 종합 | B4: =IF(COUNTIF(D7:D23,"확인필요")=0,"전체 정상"&IF(COUNTIF(D7:D23,"참고")>0," (참고 "&COUNTIF(D7:D23,"참고")&"건)",""),"확인필요 "&COUNTIF(D7:D23,"확인필요")&"건")
A6: No | B6: 점검 항목 | C6: 결과 | D6: 상태 | E6: 조치 방법
A7: 1 | B7: 설정값 유효성 | C7: =IF(AND(ISNUMBER(설정!$C$7),설정!$C$7>=1,설정!$C$7<=12,ISNUMBER(설정!$C$14),ISNUMBER(설정!$C$15)),"정상","기준월 또는 단위 오류") | D7: =IF(C7="정상","OK","확인필요") | E7: 설정 시트의 기준월(1~12)과 단위(원/천원/백만원) 확인
A8: 2 | B8: 실적_원본 머리글 | C8: =IF(IF(실적_원본!A4<>"회계연도","A ","")&IF(실적_원본!B4<>"기간","B ","")&IF(실적_원본!C4<>"회사코드","C ","")&IF(실적_원본!D4<>"코스트센터","D ","")&IF(실적_원본!E4<>"코스트센터명","E ","")&IF(실적_원본!F4<>"G/L계정","F ","")&IF(실적_원본!G4<>"계정명","G ","")&IF(실적_원본!H4<>"금액","H ","")="","일치","불일치 열: "&IF(실적_원본!A4<>"회계연도","A ","")&IF(실적_원본!B4<>"기간","B ","")&IF(실적_원본!C4<>"회사코드","C ","")&IF(실적_원본!D4<>"코스트센터","D ","")&IF(실적_원본!E4<>"코스트센터명","E ","")&IF(실적_원본!F4<>"G/L계정","F ","")&IF(실적_원본!G4<>"계정명","G ","")&IF(실적_원본!H4<>"금액","H ","")) | D8: =IF(C8="일치","OK","확인필요") | E8: 실적_원본 4행 머리글을 표준 이름으로 되돌리기
A9: 3 | B9: 예산_원본 머리글 | C9: =IF(AND(IF(예산_원본!A4<>"연도","A ","")&IF(예산_원본!B4<>"예산버전","B ","")&IF(예산_원본!C4<>"부서코드","C ","")&IF(예산_원본!D4<>"부서명","D ","")&IF(예산_원본!E4<>"예산항목코드","E ","")&IF(예산_원본!F4<>"예산항목명","F ","")="",예산_원본!G4=1,예산_원본!R4=12),"일치","불일치 열: "&IF(예산_원본!A4<>"연도","A ","")&IF(예산_원본!B4<>"예산버전","B ","")&IF(예산_원본!C4<>"부서코드","C ","")&IF(예산_원본!D4<>"부서명","D ","")&IF(예산_원본!E4<>"예산항목코드","E ","")&IF(예산_원본!F4<>"예산항목명","F ","")&IF(예산_원본!G4<>1,"G(1월) ","")) | D9: =IF(C9="일치","OK","확인필요") | E9: 예산_원본 4행 머리글을 표준 이름으로 되돌리기
A10: 4 | B10: 실적 행 수 / 보조수식 범위 | C10: =COUNTA(실적_원본!A5:A100000)&"행 / 보조수식 "&COUNTA(실적_원본!O5:O100000)&"행" | D10: =IF(AND(COUNTA(실적_원본!A5:A100000)<=99996,COUNTA(실적_원본!O5:O100000)>=COUNTA(실적_원본!A5:A100000)),"OK","확인필요") | E10: 보조수식(J~Q열)을 데이터 마지막 행까지 채우기 ([보조수식 다시 채우기] 버튼)
A11: 5 | B11: 예산 행 수 / 보조수식 범위 | C11: =COUNTA(예산_원본!A5:A3004)&"행 / 보조수식 "&COUNTA(예산_원본!T5:T3004)&"행" | D11: =IF(COUNTA(예산_원본!T5:T3004)>=COUNTA(예산_원본!A5:A3004),"OK","확인필요") | E11: 보조수식(T~Y열)을 데이터 마지막 행까지 채우기
A12: 6 | B12: 기준월 실적 존재 | C12: =COUNTIFS(실적_원본!$L$5:$L$100000,설정!$C$6,실적_원본!$M$5:$M$100000,설정!$C$7)&"건" | D12: =IF(COUNTIFS(실적_원본!$L$5:$L$100000,설정!$C$6,실적_원본!$M$5:$M$100000,설정!$C$7)>0,"OK","확인필요") | E12: 기준월 실적이 포함된 파일인지, 기간 열 형식 확인
A13: 7 | B13: 전년 실적 존재 | C13: =COUNTIFS(실적_원본!$L$5:$L$100000,설정!$C$6-1)&"건" | D13: =IF(COUNTIFS(실적_원본!$L$5:$L$100000,설정!$C$6-1)>0,"OK","참고") | E13: 전년 대비가 필요하면 전년 실적도 함께 불러오기
A14: 8 | B14: 미매핑 코스트센터 | C14: =COUNTIF(실적_원본!$J$5:$J$100000,"미매핑")&"건"&IF(COUNTIF(실적_원본!$J$5:$J$100000,"미매핑")>0," (예: "&INDEX(실적_원본!$D$5:$D$100000,MATCH("미매핑",실적_원본!$J$5:$J$100000,0))&")","") | D14: =IF(COUNTIF(실적_원본!$J$5:$J$100000,"미매핑")=0,"OK","확인필요") | E14: 부서매핑 시트에 해당 코스트센터 추가
A15: 9 | B15: 미매핑 G/L 계정 | C15: =COUNTIF(실적_원본!$K$5:$K$100000,"미매핑")&"건"&IF(COUNTIF(실적_원본!$K$5:$K$100000,"미매핑")>0," (예: "&INDEX(실적_원본!$F$5:$F$100000,MATCH("미매핑",실적_원본!$K$5:$K$100000,0))&")","") | D15: =IF(COUNTIF(실적_원본!$K$5:$K$100000,"미매핑")=0,"OK","확인필요") | E15: 계정매핑 시트에 해당 계정 추가 (예산 통제 대상이 아니면 예산항목코드에 '제외' 입력)
A16: 10 | B16: 적용버전 예산 존재 | C16: =COUNTIFS(예산_원본!$B$5:$B$3004,설정!$C$8,예산_원본!$U$5:$U$3004,설정!$C$6)&"행" | D16: =IF(COUNTIFS(예산_원본!$B$5:$B$3004,설정!$C$8,예산_원본!$U$5:$U$3004,설정!$C$6)>0,"OK","확인필요") | E16: 설정의 '적용 예산버전'이 예산_원본 B열 값과 같은지 확인
A17: 11 | B17: 집계표에 없는 예산 조합 | C17: =COUNTIFS(예산_원본!$Y$5:$Y$3004,"N",예산_원본!$B$5:$B$3004,설정!$C$8,예산_원본!$U$5:$U$3004,설정!$C$6)&"건" | D17: =IF(COUNTIFS(예산_원본!$Y$5:$Y$3004,"N",예산_원본!$B$5:$B$3004,설정!$C$8,예산_원본!$U$5:$U$3004,설정!$C$6)=0,"OK","확인필요") | E17: 집계 시트에 부서코드·항목코드 행 추가 (매크로 불러오기 시 자동)
A18: 12 | B18: 집계표에 없는 실적 조합 (당해) | C18: =COUNTIFS(실적_원본!$Q$5:$Q$100000,"N",실적_원본!$L$5:$L$100000,설정!$C$6)&"건" | D18: =IF(COUNTIFS(실적_원본!$Q$5:$Q$100000,"N",실적_원본!$L$5:$L$100000,설정!$C$6)=0,"OK","확인필요") | E18: 미매핑이 아니라면 집계 시트에 행 추가 (매크로 불러오기 시 자동)
A19: 13 | B19: 무예산 집행 (예산 없는 실적) | C19: =COUNTIFS(실적_원본!$P$5:$P$100000,"N",실적_원본!$L$5:$L$100000,설정!$C$6,실적_원본!$M$5:$M$100000,"<="&설정!$C$7)&"건" | D19: =IF(COUNTIFS(실적_원본!$P$5:$P$100000,"N",실적_원본!$L$5:$L$100000,설정!$C$6,실적_원본!$M$5:$M$100000,"<="&설정!$C$7)=0,"OK","참고") | E19: 업무상 예외 - 예외목록에서 전용·추가예산 여부 확인
A20: 14 | B20: 실적 총액 대사 (원본 ↔ 집계) | C20: ="차이 "&TEXT(SUMIFS(실적_원본!$N$5:$N$100000,실적_원본!$L$5:$L$100000,설정!$C$6,실적_원본!$M$5:$M$100000,"<="&설정!$C$7)-집계!J4,"#,##0") | D20: =IF(ABS(SUMIFS(실적_원본!$N$5:$N$100000,실적_원본!$L$5:$L$100000,설정!$C$6,실적_원본!$M$5:$M$100000,"<="&설정!$C$7)-집계!J4)<1,"OK","확인필요") | E20: 미매핑·집계 누락 항목을 먼저 해결하면 대부분 0이 됩니다
A21: 15 | B21: 예산 총액 대사 (원본 ↔ 집계) | C21: ="차이 "&TEXT(SUMIFS(예산_원본!$V$5:$V$3004,예산_원본!$B$5:$B$3004,설정!$C$8,예산_원본!$U$5:$U$3004,설정!$C$6)-집계!M4,"#,##0") | D21: =IF(ABS(SUMIFS(예산_원본!$V$5:$V$3004,예산_원본!$B$5:$B$3004,설정!$C$8,예산_원본!$U$5:$U$3004,설정!$C$6)-집계!M4)<1,"OK","확인필요") | E21: 집계표에 없는 예산 조합 해결
A22: 16 | B22: 매핑 코드 중복 | C22: ="계정 "&SUMPRODUCT((계정매핑!$A$5:$A$504<>"")*(COUNTIF(계정매핑!$A$5:$A$504,계정매핑!$A$5:$A$504)>1))&"건 / 코스트센터 "&SUMPRODUCT((부서매핑!$A$5:$A$504<>"")*(COUNTIF(부서매핑!$A$5:$A$504,부서매핑!$A$5:$A$504)>1))&"건" | D22: =IF(SUMPRODUCT((계정매핑!$A$5:$A$504<>"")*(COUNTIF(계정매핑!$A$5:$A$504,계정매핑!$A$5:$A$504)>1))+SUMPRODUCT((부서매핑!$A$5:$A$504<>"")*(COUNTIF(부서매핑!$A$5:$A$504,부서매핑!$A$5:$A$504)>1))=0,"OK","확인필요") | E22: 매핑 시트에서 같은 코드가 두 번 있는 행 정리
A23: 17 | B23: 요약 시트 부서 누락 | C23: =SUMPRODUCT((집계!$A$7:$A$506<>"")*(COUNTIF(요약!$A$7:$A$14,집계!$A$7:$A$506)=0))&"행" | D23: =IF(SUMPRODUCT((집계!$A$7:$A$506<>"")*(COUNTIF(요약!$A$7:$A$14,집계!$A$7:$A$506)=0))=0,"OK","확인필요") | E23: 요약 시트 부서별 표에 부서코드 행 추가

Sheet 리포트
A1: =설정!$C$5&" 예산 집행 현황 ("&설정!$C$6&"년 "&설정!$C$7&"월 누계)"
A2: ="단위: "&설정!$C$11&" · 예산버전: "&설정!$C$8&" · 판정 기준: 집행률 ±"&TEXT(설정!$C$12,"0%")&", 차이 "&TEXT(설정!$C$13,"#,##0")&" 이상"
A4: 연간예산 | B4: 누계예산 | C4: 누계실적 | D4: 누계 집행률 | E4: 전년 동기 대비 | F4: 예외 항목
A5: =요약!G15 | B5: =요약!C15 | C5: =요약!D15 | D5: =요약!F15 | E5: =요약!J15 | F5: =요약!K15
A7: 1. 부서별 집행 현황
A8: 부서 | B8: 누계예산 | C8: 누계실적 | D8: 누계차이 | E8: 집행률 | F8: 전년비 | G8: 예외 | H8: 요약
A9: =요약!B7 | B9: =요약!C7 | C9: =요약!D7 | D9: =요약!E7 | E9: =요약!F7 | F9: =요약!J7 | G9: =요약!K7 | H9: =IF(요약!O7="","",요약!L7)&IF(요약!K7>0," / 예외 "&요약!K7&"건","")
A10: =요약!B8 | B10: =요약!C8 | C10: =요약!D8 | D10: =요약!E8 | E10: =요약!F8 | F10: =요약!J8 | G10: =요약!K8 | H10: =IF(요약!O8="","",요약!L8)&IF(요약!K8>0," / 예외 "&요약!K8&"건","")
A11: =요약!B9 | B11: =요약!C9 | C11: =요약!D9 | D11: =요약!E9 | E11: =요약!F9 | F11: =요약!J9 | G11: =요약!K9 | H11: =IF(요약!O9="","",요약!L9)&IF(요약!K9>0," / 예외 "&요약!K9&"건","")
A12: =요약!B10 | B12: =요약!C10 | C12: =요약!D10 | D12: =요약!E10 | E12: =요약!F10 | F12: =요약!J10 | G12: =요약!K10 | H12: =IF(요약!O10="","",요약!L10)&IF(요약!K10>0," / 예외 "&요약!K10&"건","")
A13: =요약!B11 | B13: =요약!C11 | C13: =요약!D11 | D13: =요약!E11 | E13: =요약!F11 | F13: =요약!J11 | G13: =요약!K11 | H13: =IF(요약!O11="","",요약!L11)&IF(요약!K11>0," / 예외 "&요약!K11&"건","")
A14: =요약!B12 | B14: =요약!C12 | C14: =요약!D12 | D14: =요약!E12 | E14: =요약!F12 | F14: =요약!J12 | G14: =요약!K12 | H14: =IF(요약!O12="","",요약!L12)&IF(요약!K12>0," / 예외 "&요약!K12&"건","")
A15: =요약!B13 | B15: =요약!C13 | C15: =요약!D13 | D15: =요약!E13 | E15: =요약!F13 | F15: =요약!J13 | G15: =요약!K13 | H15: =IF(요약!O13="","",요약!L13)&IF(요약!K13>0," / 예외 "&요약!K13&"건","")
A16: =요약!B14 | B16: =요약!C14 | C16: =요약!D14 | D16: =요약!E14 | E16: =요약!F14 | F16: =요약!J14 | G16: =요약!K14 | H16: =IF(요약!O14="","",요약!L14)&IF(요약!K14>0," / 예외 "&요약!K14&"건","")
A17: 합계 | B17: =요약!C15 | C17: =요약!D15 | D17: =요약!E15 | E17: =요약!F15 | F17: =요약!J15 | G17: =요약!K15
A19: 2. 예외 항목 TOP 10
A20: 부서 | B20: 예산항목 | C20: 판정 | D20: 누계차이 | E20: 집행률 | F20: 원인·조치
A21: =예외목록!B6 | B21: =예외목록!C6 | C21: =예외목록!D6 | D21: =예외목록!G6 | E21: =예외목록!H6 | F21: =예외목록!I6
A22: =예외목록!B7 | B22: =예외목록!C7 | C22: =예외목록!D7 | D22: =예외목록!G7 | E22: =예외목록!H7 | F22: =예외목록!I7
A23: =예외목록!B8 | B23: =예외목록!C8 | C23: =예외목록!D8 | D23: =예외목록!G8 | E23: =예외목록!H8 | F23: =예외목록!I8
A24: =예외목록!B9 | B24: =예외목록!C9 | C24: =예외목록!D9 | D24: =예외목록!G9 | E24: =예외목록!H9 | F24: =예외목록!I9
A25: =예외목록!B10 | B25: =예외목록!C10 | C25: =예외목록!D10 | D25: =예외목록!G10 | E25: =예외목록!H10 | F25: =예외목록!I10
A26: =예외목록!B11 | B26: =예외목록!C11 | C26: =예외목록!D11 | D26: =예외목록!G11 | E26: =예외목록!H11 | F26: =예외목록!I11
A27: =예외목록!B12 | B27: =예외목록!C12 | C27: =예외목록!D12 | D27: =예외목록!G12 | E27: =예외목록!H12 | F27: =예외목록!I12
A28: =예외목록!B13 | B28: =예외목록!C13 | C28: =예외목록!D13 | D28: =예외목록!G13 | E28: =예외목록!H13 | F28: =예외목록!I13
A29: =예외목록!B14 | B29: =예외목록!C14 | C29: =예외목록!D14 | D29: =예외목록!G14 | E29: =예외목록!H14 | F29: =예외목록!I14
A30: =예외목록!B15 | B30: =예외목록!C15 | C30: =예외목록!D15 | D30: =예외목록!G15 | E30: =예외목록!H15 | F30: =예외목록!I15

Sheet 요약
A1: 요약 (부서별 · 예산항목별)
A2: 부서·항목 목록은 파란 칸 · 새 부서가 생기면 행을 추가하세요 (자가진단이 누락을 알려줌)
A3: ="기준: "&설정!$C$6&"년 "&설정!$C$7&"월 누계 · 단위: "&설정!$C$11
A5: 1. 부서별
A6: 부서코드 | B6: 부서명 | C6: 누계예산 | D6: 누계실적 | E6: 누계차이 | F6: 집행률 | G6: 연간예산 | H6: 잔여예산 | I6: 전년동기 | J6: 전년비 | K6: 예외건수 | L6: 주요 초과 항목 | M6: 보고 문구 초안 | N6: 최대초과점수 | O6: 집계행
A7: D100 | B7: =IFERROR(INDEX(부서매핑!$D$5:$D$504,MATCH($A7,부서매핑!$C$5:$C$504,0)),"부서매핑 없음") | C7: =SUMIFS(집계!$I$7:$I$506,집계!$A$7:$A$506,$A7) | D7: =SUMIFS(집계!$J$7:$J$506,집계!$A$7:$A$506,$A7) | E7: =D7-C7 | F7: =IF(C7=0,0,D7/C7) | G7: =SUMIFS(집계!$M$7:$M$506,집계!$A$7:$A$506,$A7) | H7: =G7-D7 | I7: =SUMIFS(집계!$P$7:$P$506,집계!$A$7:$A$506,$A7) | J7: =IF(I7=0,0,D7/I7-1) | K7: =COUNTIFS(집계!$A$7:$A$506,$A7,집계!$S$7:$S$506,"<>정상") | L7: =IF(O7="","없음",INDEX(집계!$D$7:$D$506,O7)&" "&TEXT(INDEX(집계!$K$7:$K$506,O7),"+#,##0")) | M7: =B7&": 누계 집행률 "&TEXT(F7,"0.0%")&" (예산 "&TEXT(C7,"#,##0")&" / 실적 "&TEXT(D7,"#,##0")&"), "&IF(I7=0,"전년 실적 없음","전년 동기 대비 "&TEXT(J7,"+0.0%;-0.0%;0.0%"))&IF(O7="","",", 주요 초과 "&L7)&IF(K7>0,", 예외 "&K7&"건","")&"." | N7: =SUMPRODUCT(MAX((집계!$A$7:$A$506=$A7)*집계!$V$7:$V$506)) | O7: =IF(N7<설정!$C$13,"",MATCH(N7,집계!$V$7:$V$506,0))
A8: D200 | B8: =IFERROR(INDEX(부서매핑!$D$5:$D$504,MATCH($A8,부서매핑!$C$5:$C$504,0)),"부서매핑 없음") | C8: =SUMIFS(집계!$I$7:$I$506,집계!$A$7:$A$506,$A8) | D8: =SUMIFS(집계!$J$7:$J$506,집계!$A$7:$A$506,$A8) | E8: =D8-C8 | F8: =IF(C8=0,0,D8/C8) | G8: =SUMIFS(집계!$M$7:$M$506,집계!$A$7:$A$506,$A8) | H8: =G8-D8 | I8: =SUMIFS(집계!$P$7:$P$506,집계!$A$7:$A$506,$A8) | J8: =IF(I8=0,0,D8/I8-1) | K8: =COUNTIFS(집계!$A$7:$A$506,$A8,집계!$S$7:$S$506,"<>정상") | L8: =IF(O8="","없음",INDEX(집계!$D$7:$D$506,O8)&" "&TEXT(INDEX(집계!$K$7:$K$506,O8),"+#,##0")) | M8: =B8&": 누계 집행률 "&TEXT(F8,"0.0%")&" (예산 "&TEXT(C8,"#,##0")&" / 실적 "&TEXT(D8,"#,##0")&"), "&IF(I8=0,"전년 실적 없음","전년 동기 대비 "&TEXT(J8,"+0.0%;-0.0%;0.0%"))&IF(O8="","",", 주요 초과 "&L8)&IF(K8>0,", 예외 "&K8&"건","")&"." | N8: =SUMPRODUCT(MAX((집계!$A$7:$A$506=$A8)*집계!$V$7:$V$506)) | O8: =IF(N8<설정!$C$13,"",MATCH(N8,집계!$V$7:$V$506,0))
A9: D300 | B9: =IFERROR(INDEX(부서매핑!$D$5:$D$504,MATCH($A9,부서매핑!$C$5:$C$504,0)),"부서매핑 없음") | C9: =SUMIFS(집계!$I$7:$I$506,집계!$A$7:$A$506,$A9) | D9: =SUMIFS(집계!$J$7:$J$506,집계!$A$7:$A$506,$A9) | E9: =D9-C9 | F9: =IF(C9=0,0,D9/C9) | G9: =SUMIFS(집계!$M$7:$M$506,집계!$A$7:$A$506,$A9) | H9: =G9-D9 | I9: =SUMIFS(집계!$P$7:$P$506,집계!$A$7:$A$506,$A9) | J9: =IF(I9=0,0,D9/I9-1) | K9: =COUNTIFS(집계!$A$7:$A$506,$A9,집계!$S$7:$S$506,"<>정상") | L9: =IF(O9="","없음",INDEX(집계!$D$7:$D$506,O9)&" "&TEXT(INDEX(집계!$K$7:$K$506,O9),"+#,##0")) | M9: =B9&": 누계 집행률 "&TEXT(F9,"0.0%")&" (예산 "&TEXT(C9,"#,##0")&" / 실적 "&TEXT(D9,"#,##0")&"), "&IF(I9=0,"전년 실적 없음","전년 동기 대비 "&TEXT(J9,"+0.0%;-0.0%;0.0%"))&IF(O9="","",", 주요 초과 "&L9)&IF(K9>0,", 예외 "&K9&"건","")&"." | N9: =SUMPRODUCT(MAX((집계!$A$7:$A$506=$A9)*집계!$V$7:$V$506)) | O9: =IF(N9<설정!$C$13,"",MATCH(N9,집계!$V$7:$V$506,0))
A10: D400 | B10: =IFERROR(INDEX(부서매핑!$D$5:$D$504,MATCH($A10,부서매핑!$C$5:$C$504,0)),"부서매핑 없음") | C10: =SUMIFS(집계!$I$7:$I$506,집계!$A$7:$A$506,$A10) | D10: =SUMIFS(집계!$J$7:$J$506,집계!$A$7:$A$506,$A10) | E10: =D10-C10 | F10: =IF(C10=0,0,D10/C10) | G10: =SUMIFS(집계!$M$7:$M$506,집계!$A$7:$A$506,$A10) | H10: =G10-D10 | I10: =SUMIFS(집계!$P$7:$P$506,집계!$A$7:$A$506,$A10) | J10: =IF(I10=0,0,D10/I10-1) | K10: =COUNTIFS(집계!$A$7:$A$506,$A10,집계!$S$7:$S$506,"<>정상") | L10: =IF(O10="","없음",INDEX(집계!$D$7:$D$506,O10)&" "&TEXT(INDEX(집계!$K$7:$K$506,O10),"+#,##0")) | M10: =B10&": 누계 집행률 "&TEXT(F10,"0.0%")&" (예산 "&TEXT(C10,"#,##0")&" / 실적 "&TEXT(D10,"#,##0")&"), "&IF(I10=0,"전년 실적 없음","전년 동기 대비 "&TEXT(J10,"+0.0%;-0.0%;0.0%"))&IF(O10="","",", 주요 초과 "&L10)&IF(K10>0,", 예외 "&K10&"건","")&"." | N10: =SUMPRODUCT(MAX((집계!$A$7:$A$506=$A10)*집계!$V$7:$V$506)) | O10: =IF(N10<설정!$C$13,"",MATCH(N10,집계!$V$7:$V$506,0))
A11: D500 | B11: =IFERROR(INDEX(부서매핑!$D$5:$D$504,MATCH($A11,부서매핑!$C$5:$C$504,0)),"부서매핑 없음") | C11: =SUMIFS(집계!$I$7:$I$506,집계!$A$7:$A$506,$A11) | D11: =SUMIFS(집계!$J$7:$J$506,집계!$A$7:$A$506,$A11) | E11: =D11-C11 | F11: =IF(C11=0,0,D11/C11) | G11: =SUMIFS(집계!$M$7:$M$506,집계!$A$7:$A$506,$A11) | H11: =G11-D11 | I11: =SUMIFS(집계!$P$7:$P$506,집계!$A$7:$A$506,$A11) | J11: =IF(I11=0,0,D11/I11-1) | K11: =COUNTIFS(집계!$A$7:$A$506,$A11,집계!$S$7:$S$506,"<>정상") | L11: =IF(O11="","없음",INDEX(집계!$D$7:$D$506,O11)&" "&TEXT(INDEX(집계!$K$7:$K$506,O11),"+#,##0")) | M11: =B11&": 누계 집행률 "&TEXT(F11,"0.0%")&" (예산 "&TEXT(C11,"#,##0")&" / 실적 "&TEXT(D11,"#,##0")&"), "&IF(I11=0,"전년 실적 없음","전년 동기 대비 "&TEXT(J11,"+0.0%;-0.0%;0.0%"))&IF(O11="","",", 주요 초과 "&L11)&IF(K11>0,", 예외 "&K11&"건","")&"." | N11: =SUMPRODUCT(MAX((집계!$A$7:$A$506=$A11)*집계!$V$7:$V$506)) | O11: =IF(N11<설정!$C$13,"",MATCH(N11,집계!$V$7:$V$506,0))
A12: D600 | B12: =IFERROR(INDEX(부서매핑!$D$5:$D$504,MATCH($A12,부서매핑!$C$5:$C$504,0)),"부서매핑 없음") | C12: =SUMIFS(집계!$I$7:$I$506,집계!$A$7:$A$506,$A12) | D12: =SUMIFS(집계!$J$7:$J$506,집계!$A$7:$A$506,$A12) | E12: =D12-C12 | F12: =IF(C12=0,0,D12/C12) | G12: =SUMIFS(집계!$M$7:$M$506,집계!$A$7:$A$506,$A12) | H12: =G12-D12 | I12: =SUMIFS(집계!$P$7:$P$506,집계!$A$7:$A$506,$A12) | J12: =IF(I12=0,0,D12/I12-1) | K12: =COUNTIFS(집계!$A$7:$A$506,$A12,집계!$S$7:$S$506,"<>정상") | L12: =IF(O12="","없음",INDEX(집계!$D$7:$D$506,O12)&" "&TEXT(INDEX(집계!$K$7:$K$506,O12),"+#,##0")) | M12: =B12&": 누계 집행률 "&TEXT(F12,"0.0%")&" (예산 "&TEXT(C12,"#,##0")&" / 실적 "&TEXT(D12,"#,##0")&"), "&IF(I12=0,"전년 실적 없음","전년 동기 대비 "&TEXT(J12,"+0.0%;-0.0%;0.0%"))&IF(O12="","",", 주요 초과 "&L12)&IF(K12>0,", 예외 "&K12&"건","")&"." | N12: =SUMPRODUCT(MAX((집계!$A$7:$A$506=$A12)*집계!$V$7:$V$506)) | O12: =IF(N12<설정!$C$13,"",MATCH(N12,집계!$V$7:$V$506,0))
A13: D700 | B13: =IFERROR(INDEX(부서매핑!$D$5:$D$504,MATCH($A13,부서매핑!$C$5:$C$504,0)),"부서매핑 없음") | C13: =SUMIFS(집계!$I$7:$I$506,집계!$A$7:$A$506,$A13) | D13: =SUMIFS(집계!$J$7:$J$506,집계!$A$7:$A$506,$A13) | E13: =D13-C13 | F13: =IF(C13=0,0,D13/C13) | G13: =SUMIFS(집계!$M$7:$M$506,집계!$A$7:$A$506,$A13) | H13: =G13-D13 | I13: =SUMIFS(집계!$P$7:$P$506,집계!$A$7:$A$506,$A13) | J13: =IF(I13=0,0,D13/I13-1) | K13: =COUNTIFS(집계!$A$7:$A$506,$A13,집계!$S$7:$S$506,"<>정상") | L13: =IF(O13="","없음",INDEX(집계!$D$7:$D$506,O13)&" "&TEXT(INDEX(집계!$K$7:$K$506,O13),"+#,##0")) | M13: =B13&": 누계 집행률 "&TEXT(F13,"0.0%")&" (예산 "&TEXT(C13,"#,##0")&" / 실적 "&TEXT(D13,"#,##0")&"), "&IF(I13=0,"전년 실적 없음","전년 동기 대비 "&TEXT(J13,"+0.0%;-0.0%;0.0%"))&IF(O13="","",", 주요 초과 "&L13)&IF(K13>0,", 예외 "&K13&"건","")&"." | N13: =SUMPRODUCT(MAX((집계!$A$7:$A$506=$A13)*집계!$V$7:$V$506)) | O13: =IF(N13<설정!$C$13,"",MATCH(N13,집계!$V$7:$V$506,0))
A14: D800 | B14: =IFERROR(INDEX(부서매핑!$D$5:$D$504,MATCH($A14,부서매핑!$C$5:$C$504,0)),"부서매핑 없음") | C14: =SUMIFS(집계!$I$7:$I$506,집계!$A$7:$A$506,$A14) | D14: =SUMIFS(집계!$J$7:$J$506,집계!$A$7:$A$506,$A14) | E14: =D14-C14 | F14: =IF(C14=0,0,D14/C14) | G14: =SUMIFS(집계!$M$7:$M$506,집계!$A$7:$A$506,$A14) | H14: =G14-D14 | I14: =SUMIFS(집계!$P$7:$P$506,집계!$A$7:$A$506,$A14) | J14: =IF(I14=0,0,D14/I14-1) | K14: =COUNTIFS(집계!$A$7:$A$506,$A14,집계!$S$7:$S$506,"<>정상") | L14: =IF(O14="","없음",INDEX(집계!$D$7:$D$506,O14)&" "&TEXT(INDEX(집계!$K$7:$K$506,O14),"+#,##0")) | M14: =B14&": 누계 집행률 "&TEXT(F14,"0.0%")&" (예산 "&TEXT(C14,"#,##0")&" / 실적 "&TEXT(D14,"#,##0")&"), "&IF(I14=0,"전년 실적 없음","전년 동기 대비 "&TEXT(J14,"+0.0%;-0.0%;0.0%"))&IF(O14="","",", 주요 초과 "&L14)&IF(K14>0,", 예외 "&K14&"건","")&"." | N14: =SUMPRODUCT(MAX((집계!$A$7:$A$506=$A14)*집계!$V$7:$V$506)) | O14: =IF(N14<설정!$C$13,"",MATCH(N14,집계!$V$7:$V$506,0))
A15: 합계 | C15: =SUM(C7:C14) | D15: =SUM(D7:D14) | E15: =SUM(E7:E14) | F15: =IF(C15=0,0,D15/C15) | G15: =SUM(G7:G14) | H15: =SUM(H7:H14) | I15: =SUM(I7:I14) | J15: =IF(I15=0,0,D15/I15-1) | K15: =SUM(K7:K14) | M15: ="전사: 누계 집행률 "&TEXT(F15,"0.0%")&" (예산 "&TEXT(C15,"#,##0")&" / 실적 "&TEXT(D15,"#,##0")&"), 전년 동기 대비 "&TEXT(J15,"+0.0%;-0.0%;0.0%")&", 예외 "&K15&"건."
A17: 2. 예산항목별
A18: 항목코드 | B18: 예산항목명 | C18: 누계예산 | D18: 누계실적 | E18: 누계차이 | F18: 집행률 | G18: 연간예산 | H18: 잔여예산 | I18: 전년동기 | J18: 전년비 | K18: 예외건수
A19: B01 | B19: =IFERROR(INDEX(계정매핑!$D$5:$D$504,MATCH($A19,계정매핑!$C$5:$C$504,0)),"항목매핑 없음") | C19: =SUMIFS(집계!$I$7:$I$506,집계!$C$7:$C$506,$A19) | D19: =SUMIFS(집계!$J$7:$J$506,집계!$C$7:$C$506,$A19) | E19: =D19-C19 | F19: =IF(C19=0,0,D19/C19) | G19: =SUMIFS(집계!$M$7:$M$506,집계!$C$7:$C$506,$A19) | H19: =G19-D19 | I19: =SUMIFS(집계!$P$7:$P$506,집계!$C$7:$C$506,$A19) | J19: =IF(I19=0,0,D19/I19-1) | K19: =COUNTIFS(집계!$C$7:$C$506,$A19,집계!$S$7:$S$506,"<>정상")
A20: B02 | B20: =IFERROR(INDEX(계정매핑!$D$5:$D$504,MATCH($A20,계정매핑!$C$5:$C$504,0)),"항목매핑 없음") | C20: =SUMIFS(집계!$I$7:$I$506,집계!$C$7:$C$506,$A20) | D20: =SUMIFS(집계!$J$7:$J$506,집계!$C$7:$C$506,$A20) | E20: =D20-C20 | F20: =IF(C20=0,0,D20/C20) | G20: =SUMIFS(집계!$M$7:$M$506,집계!$C$7:$C$506,$A20) | H20: =G20-D20 | I20: =SUMIFS(집계!$P$7:$P$506,집계!$C$7:$C$506,$A20) | J20: =IF(I20=0,0,D20/I20-1) | K20: =COUNTIFS(집계!$C$7:$C$506,$A20,집계!$S$7:$S$506,"<>정상")
A21: B03 | B21: =IFERROR(INDEX(계정매핑!$D$5:$D$504,MATCH($A21,계정매핑!$C$5:$C$504,0)),"항목매핑 없음") | C21: =SUMIFS(집계!$I$7:$I$506,집계!$C$7:$C$506,$A21) | D21: =SUMIFS(집계!$J$7:$J$506,집계!$C$7:$C$506,$A21) | E21: =D21-C21 | F21: =IF(C21=0,0,D21/C21) | G21: =SUMIFS(집계!$M$7:$M$506,집계!$C$7:$C$506,$A21) | H21: =G21-D21 | I21: =SUMIFS(집계!$P$7:$P$506,집계!$C$7:$C$506,$A21) | J21: =IF(I21=0,0,D21/I21-1) | K21: =COUNTIFS(집계!$C$7:$C$506,$A21,집계!$S$7:$S$506,"<>정상")
A22: B04 | B22: =IFERROR(INDEX(계정매핑!$D$5:$D$504,MATCH($A22,계정매핑!$C$5:$C$504,0)),"항목매핑 없음") | C22: =SUMIFS(집계!$I$7:$I$506,집계!$C$7:$C$506,$A22) | D22: =SUMIFS(집계!$J$7:$J$506,집계!$C$7:$C$506,$A22) | E22: =D22-C22 | F22: =IF(C22=0,0,D22/C22) | G22: =SUMIFS(집계!$M$7:$M$506,집계!$C$7:$C$506,$A22) | H22: =G22-D22 | I22: =SUMIFS(집계!$P$7:$P$506,집계!$C$7:$C$506,$A22) | J22: =IF(I22=0,0,D22/I22-1) | K22: =COUNTIFS(집계!$C$7:$C$506,$A22,집계!$S$7:$S$506,"<>정상")
A23: B05 | B23: =IFERROR(INDEX(계정매핑!$D$5:$D$504,MATCH($A23,계정매핑!$C$5:$C$504,0)),"항목매핑 없음") | C23: =SUMIFS(집계!$I$7:$I$506,집계!$C$7:$C$506,$A23) | D23: =SUMIFS(집계!$J$7:$J$506,집계!$C$7:$C$506,$A23) | E23: =D23-C23 | F23: =IF(C23=0,0,D23/C23) | G23: =SUMIFS(집계!$M$7:$M$506,집계!$C$7:$C$506,$A23) | H23: =G23-D23 | I23: =SUMIFS(집계!$P$7:$P$506,집계!$C$7:$C$506,$A23) | J23: =IF(I23=0,0,D23/I23-1) | K23: =COUNTIFS(집계!$C$7:$C$506,$A23,집계!$S$7:$S$506,"<>정상")
A24: B06 | B24: =IFERROR(INDEX(계정매핑!$D$5:$D$504,MATCH($A24,계정매핑!$C$5:$C$504,0)),"항목매핑 없음") | C24: =SUMIFS(집계!$I$7:$I$506,집계!$C$7:$C$506,$A24) | D24: =SUMIFS(집계!$J$7:$J$506,집계!$C$7:$C$506,$A24) | E24: =D24-C24 | F24: =IF(C24=0,0,D24/C24) | G24: =SUMIFS(집계!$M$7:$M$506,집계!$C$7:$C$506,$A24) | H24: =G24-D24 | I24: =SUMIFS(집계!$P$7:$P$506,집계!$C$7:$C$506,$A24) | J24: =IF(I24=0,0,D24/I24-1) | K24: =COUNTIFS(집계!$C$7:$C$506,$A24,집계!$S$7:$S$506,"<>정상")
A25: B07 | B25: =IFERROR(INDEX(계정매핑!$D$5:$D$504,MATCH($A25,계정매핑!$C$5:$C$504,0)),"항목매핑 없음") | C25: =SUMIFS(집계!$I$7:$I$506,집계!$C$7:$C$506,$A25) | D25: =SUMIFS(집계!$J$7:$J$506,집계!$C$7:$C$506,$A25) | E25: =D25-C25 | F25: =IF(C25=0,0,D25/C25) | G25: =SUMIFS(집계!$M$7:$M$506,집계!$C$7:$C$506,$A25) | H25: =G25-D25 | I25: =SUMIFS(집계!$P$7:$P$506,집계!$C$7:$C$506,$A25) | J25: =IF(I25=0,0,D25/I25-1) | K25: =COUNTIFS(집계!$C$7:$C$506,$A25,집계!$S$7:$S$506,"<>정상")
A26: B08 | B26: =IFERROR(INDEX(계정매핑!$D$5:$D$504,MATCH($A26,계정매핑!$C$5:$C$504,0)),"항목매핑 없음") | C26: =SUMIFS(집계!$I$7:$I$506,집계!$C$7:$C$506,$A26) | D26: =SUMIFS(집계!$J$7:$J$506,집계!$C$7:$C$506,$A26) | E26: =D26-C26 | F26: =IF(C26=0,0,D26/C26) | G26: =SUMIFS(집계!$M$7:$M$506,집계!$C$7:$C$506,$A26) | H26: =G26-D26 | I26: =SUMIFS(집계!$P$7:$P$506,집계!$C$7:$C$506,$A26) | J26: =IF(I26=0,0,D26/I26-1) | K26: =COUNTIFS(집계!$C$7:$C$506,$A26,집계!$S$7:$S$506,"<>정상")
A27: B09 | B27: =IFERROR(INDEX(계정매핑!$D$5:$D$504,MATCH($A27,계정매핑!$C$5:$C$504,0)),"항목매핑 없음") | C27: =SUMIFS(집계!$I$7:$I$506,집계!$C$7:$C$506,$A27) | D27: =SUMIFS(집계!$J$7:$J$506,집계!$C$7:$C$506,$A27) | E27: =D27-C27 | F27: =IF(C27=0,0,D27/C27) | G27: =SUMIFS(집계!$M$7:$M$506,집계!$C$7:$C$506,$A27) | H27: =G27-D27 | I27: =SUMIFS(집계!$P$7:$P$506,집계!$C$7:$C$506,$A27) | J27: =IF(I27=0,0,D27/I27-1) | K27: =COUNTIFS(집계!$C$7:$C$506,$A27,집계!$S$7:$S$506,"<>정상")
A28: B10 | B28: =IFERROR(INDEX(계정매핑!$D$5:$D$504,MATCH($A28,계정매핑!$C$5:$C$504,0)),"항목매핑 없음") | C28: =SUMIFS(집계!$I$7:$I$506,집계!$C$7:$C$506,$A28) | D28: =SUMIFS(집계!$J$7:$J$506,집계!$C$7:$C$506,$A28) | E28: =D28-C28 | F28: =IF(C28=0,0,D28/C28) | G28: =SUMIFS(집계!$M$7:$M$506,집계!$C$7:$C$506,$A28) | H28: =G28-D28 | I28: =SUMIFS(집계!$P$7:$P$506,집계!$C$7:$C$506,$A28) | J28: =IF(I28=0,0,D28/I28-1) | K28: =COUNTIFS(집계!$C$7:$C$506,$A28,집계!$S$7:$S$506,"<>정상")
A29: B11 | B29: =IFERROR(INDEX(계정매핑!$D$5:$D$504,MATCH($A29,계정매핑!$C$5:$C$504,0)),"항목매핑 없음") | C29: =SUMIFS(집계!$I$7:$I$506,집계!$C$7:$C$506,$A29) | D29: =SUMIFS(집계!$J$7:$J$506,집계!$C$7:$C$506,$A29) | E29: =D29-C29 | F29: =IF(C29=0,0,D29/C29) | G29: =SUMIFS(집계!$M$7:$M$506,집계!$C$7:$C$506,$A29) | H29: =G29-D29 | I29: =SUMIFS(집계!$P$7:$P$506,집계!$C$7:$C$506,$A29) | J29: =IF(I29=0,0,D29/I29-1) | K29: =COUNTIFS(집계!$C$7:$C$506,$A29,집계!$S$7:$S$506,"<>정상")
A30: B12 | B30: =IFERROR(INDEX(계정매핑!$D$5:$D$504,MATCH($A30,계정매핑!$C$5:$C$504,0)),"항목매핑 없음") | C30: =SUMIFS(집계!$I$7:$I$506,집계!$C$7:$C$506,$A30) | D30: =SUMIFS(집계!$J$7:$J$506,집계!$C$7:$C$506,$A30) | E30: =D30-C30 | F30: =IF(C30=0,0,D30/C30) | G30: =SUMIFS(집계!$M$7:$M$506,집계!$C$7:$C$506,$A30) | H30: =G30-D30 | I30: =SUMIFS(집계!$P$7:$P$506,집계!$C$7:$C$506,$A30) | J30: =IF(I30=0,0,D30/I30-1) | K30: =COUNTIFS(집계!$C$7:$C$506,$A30,집계!$S$7:$S$506,"<>정상")
A31: 합계 | C31: =SUM(C19:C30) | D31: =SUM(D19:D30) | E31: =SUM(E19:E30) | F31: =IF(C31=0,0,D31/C31) | G31: =SUM(G19:G30) | H31: =SUM(H19:H30) | I31: =SUM(I19:I30) | J31: =IF(I31=0,0,D31/I31-1) | K31: =SUM(K19:K30)

Sheet 예외목록
A1: 예외 항목 (누계 기준, 차이 금액 큰 순)
A2: 판정 기준은 설정 시트 · 최대 30건 표시
A3: ="기준: "&설정!$C$6&"년 "&설정!$C$7&"월 누계 · 단위: "&설정!$C$11&" · 예외 "&COUNTIF(집계!$U$7:$U$506,">=0")&"건"
A5: 순위 | B5: 부서명 | C5: 예산항목명 | D5: 판정 | E5: 누계예산 | F5: 누계실적 | G5: 누계차이 | H5: 집행률 | I5: 원인·조치 코멘트 | J5: 행번호
A6: 1 | B6: =IF($J6="","",INDEX(집계!$B$7:$B$506,$J6)) | C6: =IF($J6="","",INDEX(집계!$D$7:$D$506,$J6)) | D6: =IF($J6="","",INDEX(집계!$S$7:$S$506,$J6)) | E6: =IF($J6="","",INDEX(집계!$I$7:$I$506,$J6)) | F6: =IF($J6="","",INDEX(집계!$J$7:$J$506,$J6)) | G6: =IF($J6="","",INDEX(집계!$K$7:$K$506,$J6)) | H6: =IF($J6="","",INDEX(집계!$L$7:$L$506,$J6)) | I6: =IF($J6="","",IF(INDEX(집계!$T$7:$T$506,$J6)="","(미입력 - 코멘트 시트에 작성)",INDEX(집계!$T$7:$T$506,$J6))) | J6: =IF(IFERROR(LARGE(집계!$U$7:$U$506,A6),-1)<0,"",MATCH(LARGE(집계!$U$7:$U$506,A6),집계!$U$7:$U$506,0))
A7: 2 | B7: =IF($J7="","",INDEX(집계!$B$7:$B$506,$J7)) | C7: =IF($J7="","",INDEX(집계!$D$7:$D$506,$J7)) | D7: =IF($J7="","",INDEX(집계!$S$7:$S$506,$J7)) | E7: =IF($J7="","",INDEX(집계!$I$7:$I$506,$J7)) | F7: =IF($J7="","",INDEX(집계!$J$7:$J$506,$J7)) | G7: =IF($J7="","",INDEX(집계!$K$7:$K$506,$J7)) | H7: =IF($J7="","",INDEX(집계!$L$7:$L$506,$J7)) | I7: =IF($J7="","",IF(INDEX(집계!$T$7:$T$506,$J7)="","(미입력 - 코멘트 시트에 작성)",INDEX(집계!$T$7:$T$506,$J7))) | J7: =IF(IFERROR(LARGE(집계!$U$7:$U$506,A7),-1)<0,"",MATCH(LARGE(집계!$U$7:$U$506,A7),집계!$U$7:$U$506,0))
A8: 3 | B8: =IF($J8="","",INDEX(집계!$B$7:$B$506,$J8)) | C8: =IF($J8="","",INDEX(집계!$D$7:$D$506,$J8)) | D8: =IF($J8="","",INDEX(집계!$S$7:$S$506,$J8)) | E8: =IF($J8="","",INDEX(집계!$I$7:$I$506,$J8)) | F8: =IF($J8="","",INDEX(집계!$J$7:$J$506,$J8)) | G8: =IF($J8="","",INDEX(집계!$K$7:$K$506,$J8)) | H8: =IF($J8="","",INDEX(집계!$L$7:$L$506,$J8)) | I8: =IF($J8="","",IF(INDEX(집계!$T$7:$T$506,$J8)="","(미입력 - 코멘트 시트에 작성)",INDEX(집계!$T$7:$T$506,$J8))) | J8: =IF(IFERROR(LARGE(집계!$U$7:$U$506,A8),-1)<0,"",MATCH(LARGE(집계!$U$7:$U$506,A8),집계!$U$7:$U$506,0))
A9: 4 | B9: =IF($J9="","",INDEX(집계!$B$7:$B$506,$J9)) | C9: =IF($J9="","",INDEX(집계!$D$7:$D$506,$J9)) | D9: =IF($J9="","",INDEX(집계!$S$7:$S$506,$J9)) | E9: =IF($J9="","",INDEX(집계!$I$7:$I$506,$J9)) | F9: =IF($J9="","",INDEX(집계!$J$7:$J$506,$J9)) | G9: =IF($J9="","",INDEX(집계!$K$7:$K$506,$J9)) | H9: =IF($J9="","",INDEX(집계!$L$7:$L$506,$J9)) | I9: =IF($J9="","",IF(INDEX(집계!$T$7:$T$506,$J9)="","(미입력 - 코멘트 시트에 작성)",INDEX(집계!$T$7:$T$506,$J9))) | J9: =IF(IFERROR(LARGE(집계!$U$7:$U$506,A9),-1)<0,"",MATCH(LARGE(집계!$U$7:$U$506,A9),집계!$U$7:$U$506,0))
A10: 5 | B10: =IF($J10="","",INDEX(집계!$B$7:$B$506,$J10)) | C10: =IF($J10="","",INDEX(집계!$D$7:$D$506,$J10)) | D10: =IF($J10="","",INDEX(집계!$S$7:$S$506,$J10)) | E10: =IF($J10="","",INDEX(집계!$I$7:$I$506,$J10)) | F10: =IF($J10="","",INDEX(집계!$J$7:$J$506,$J10)) | G10: =IF($J10="","",INDEX(집계!$K$7:$K$506,$J10)) | H10: =IF($J10="","",INDEX(집계!$L$7:$L$506,$J10)) | I10: =IF($J10="","",IF(INDEX(집계!$T$7:$T$506,$J10)="","(미입력 - 코멘트 시트에 작성)",INDEX(집계!$T$7:$T$506,$J10))) | J10: =IF(IFERROR(LARGE(집계!$U$7:$U$506,A10),-1)<0,"",MATCH(LARGE(집계!$U$7:$U$506,A10),집계!$U$7:$U$506,0))
A11: 6 | B11: =IF($J11="","",INDEX(집계!$B$7:$B$506,$J11)) | C11: =IF($J11="","",INDEX(집계!$D$7:$D$506,$J11)) | D11: =IF($J11="","",INDEX(집계!$S$7:$S$506,$J11)) | E11: =IF($J11="","",INDEX(집계!$I$7:$I$506,$J11)) | F11: =IF($J11="","",INDEX(집계!$J$7:$J$506,$J11)) | G11: =IF($J11="","",INDEX(집계!$K$7:$K$506,$J11)) | H11: =IF($J11="","",INDEX(집계!$L$7:$L$506,$J11)) | I11: =IF($J11="","",IF(INDEX(집계!$T$7:$T$506,$J11)="","(미입력 - 코멘트 시트에 작성)",INDEX(집계!$T$7:$T$506,$J11))) | J11: =IF(IFERROR(LARGE(집계!$U$7:$U$506,A11),-1)<0,"",MATCH(LARGE(집계!$U$7:$U$506,A11),집계!$U$7:$U$506,0))
A12: 7 | B12: =IF($J12="","",INDEX(집계!$B$7:$B$506,$J12)) | C12: =IF($J12="","",INDEX(집계!$D$7:$D$506,$J12)) | D12: =IF($J12="","",INDEX(집계!$S$7:$S$506,$J12)) | E12: =IF($J12="","",INDEX(집계!$I$7:$I$506,$J12)) | F12: =IF($J12="","",INDEX(집계!$J$7:$J$506,$J12)) | G12: =IF($J12="","",INDEX(집계!$K$7:$K$506,$J12)) | H12: =IF($J12="","",INDEX(집계!$L$7:$L$506,$J12)) | I12: =IF($J12="","",IF(INDEX(집계!$T$7:$T$506,$J12)="","(미입력 - 코멘트 시트에 작성)",INDEX(집계!$T$7:$T$506,$J12))) | J12: =IF(IFERROR(LARGE(집계!$U$7:$U$506,A12),-1)<0,"",MATCH(LARGE(집계!$U$7:$U$506,A12),집계!$U$7:$U$506,0))
A13: 8 | B13: =IF($J13="","",INDEX(집계!$B$7:$B$506,$J13)) | C13: =IF($J13="","",INDEX(집계!$D$7:$D$506,$J13)) | D13: =IF($J13="","",INDEX(집계!$S$7:$S$506,$J13)) | E13: =IF($J13="","",INDEX(집계!$I$7:$I$506,$J13)) | F13: =IF($J13="","",INDEX(집계!$J$7:$J$506,$J13)) | G13: =IF($J13="","",INDEX(집계!$K$7:$K$506,$J13)) | H13: =IF($J13="","",INDEX(집계!$L$7:$L$506,$J13)) | I13: =IF($J13="","",IF(INDEX(집계!$T$7:$T$506,$J13)="","(미입력 - 코멘트 시트에 작성)",INDEX(집계!$T$7:$T$506,$J13))) | J13: =IF(IFERROR(LARGE(집계!$U$7:$U$506,A13),-1)<0,"",MATCH(LARGE(집계!$U$7:$U$506,A13),집계!$U$7:$U$506,0))
A14: 9 | B14: =IF($J14="","",INDEX(집계!$B$7:$B$506,$J14)) | C14: =IF($J14="","",INDEX(집계!$D$7:$D$506,$J14)) | D14: =IF($J14="","",INDEX(집계!$S$7:$S$506,$J14)) | E14: =IF($J14="","",INDEX(집계!$I$7:$I$506,$J14)) | F14: =IF($J14="","",INDEX(집계!$J$7:$J$506,$J14)) | G14: =IF($J14="","",INDEX(집계!$K$7:$K$506,$J14)) | H14: =IF($J14="","",INDEX(집계!$L$7:$L$506,$J14)) | I14: =IF($J14="","",IF(INDEX(집계!$T$7:$T$506,$J14)="","(미입력 - 코멘트 시트에 작성)",INDEX(집계!$T$7:$T$506,$J14))) | J14: =IF(IFERROR(LARGE(집계!$U$7:$U$506,A14),-1)<0,"",MATCH(LARGE(집계!$U$7:$U$506,A14),집계!$U$7:$U$506,0))
A15: 10 | B15: =IF($J15="","",INDEX(집계!$B$7:$B$506,$J15)) | C15: =IF($J15="","",INDEX(집계!$D$7:$D$506,$J15)) | D15: =IF($J15="","",INDEX(집계!$S$7:$S$506,$J15)) | E15: =IF($J15="","",INDEX(집계!$I$7:$I$506,$J15)) | F15: =IF($J15="","",INDEX(집계!$J$7:$J$506,$J15)) | G15: =IF($J15="","",INDEX(집계!$K$7:$K$506,$J15)) | H15: =IF($J15="","",INDEX(집계!$L$7:$L$506,$J15)) | I15: =IF($J15="","",IF(INDEX(집계!$T$7:$T$506,$J15)="","(미입력 - 코멘트 시트에 작성)",INDEX(집계!$T$7:$T$506,$J15))) | J15: =IF(IFERROR(LARGE(집계!$U$7:$U$506,A15),-1)<0,"",MATCH(LARGE(집계!$U$7:$U$506,A15),집계!$U$7:$U$506,0))
A16: 11 | B16: =IF($J16="","",INDEX(집계!$B$7:$B$506,$J16)) | C16: =IF($J16="","",INDEX(집계!$D$7:$D$506,$J16)) | D16: =IF($J16="","",INDEX(집계!$S$7:$S$506,$J16)) | E16: =IF($J16="","",INDEX(집계!$I$7:$I$506,$J16)) | F16: =IF($J16="","",INDEX(집계!$J$7:$J$506,$J16)) | G16: =IF($J16="","",INDEX(집계!$K$7:$K$506,$J16)) | H16: =IF($J16="","",INDEX(집계!$L$7:$L$506,$J16)) | I16: =IF($J16="","",IF(INDEX(집계!$T$7:$T$506,$J16)="","(미입력 - 코멘트 시트에 작성)",INDEX(집계!$T$7:$T$506,$J16))) | J16: =IF(IFERROR(LARGE(집계!$U$7:$U$506,A16),-1)<0,"",MATCH(LARGE(집계!$U$7:$U$506,A16),집계!$U$7:$U$506,0))
A17: 12 | B17: =IF($J17="","",INDEX(집계!$B$7:$B$506,$J17)) | C17: =IF($J17="","",INDEX(집계!$D$7:$D$506,$J17)) | D17: =IF($J17="","",INDEX(집계!$S$7:$S$506,$J17)) | E17: =IF($J17="","",INDEX(집계!$I$7:$I$506,$J17)) | F17: =IF($J17="","",INDEX(집계!$J$7:$J$506,$J17)) | G17: =IF($J17="","",INDEX(집계!$K$7:$K$506,$J17)) | H17: =IF($J17="","",INDEX(집계!$L$7:$L$506,$J17)) | I17: =IF($J17="","",IF(INDEX(집계!$T$7:$T$506,$J17)="","(미입력 - 코멘트 시트에 작성)",INDEX(집계!$T$7:$T$506,$J17))) | J17: =IF(IFERROR(LARGE(집계!$U$7:$U$506,A17),-1)<0,"",MATCH(LARGE(집계!$U$7:$U$506,A17),집계!$U$7:$U$506,0))
... A35: 30 | B35: =IF($J35="","",INDEX(집계!$B$7:$B$506,$J35)) | C35: =IF($J35="","",INDEX(집계!$D$7:$D$506,$J35)) | D35: =IF($J35="","",INDEX(집계!$S$7:$S$506,$J35)) | E35: =IF($J35="","",INDEX(집계!$I$7:$I$506,$J35)) | F35: =IF($J35="","",INDEX(집계!$J$7:$J$506,$J35)) | G35: =IF($J35="","",INDEX(집계!$K$7:$K$506,$J35)) | H35: =IF($J35="","",INDEX(집계!$L$7:$L$506,$J35)) | I35: =IF($J35="","",IF(INDEX(집계!$T$7:$T$506,$J35)="","(미입력 - 코멘트 시트에 작성)",INDEX(집계!$T$7:$T$506,$J35))) | J35: =IF(IFERROR(LARGE(집계!$U$7:$U$506,A35),-1)<0,"",MATCH(LARGE(집계!$U$7:$U$506,A35),집계!$U$7:$U$506,0))

Sheet 월별추이
A1: 월별 추이 (예산 · 실적 · 전년실적)
A2: 대시보드 원천 데이터 · 기준월 이후 실적은 빈칸
A3: ="기준: "&설정!$C$6&"년 · 단위: "&설정!$C$11
A5: 부서코드 | B5: 부서명 | C5: 구분 | D5: 1 | E5: 2 | F5: 3 | G5: 4 | H5: 5 | I5: 6 | J5: 7 | K5: 8 | L5: 9 | M5: 10 | N5: 11 | O5: 12 | P5: 합계
A6: 전체 | B6: 전사 | C6: 예산 | D6: =SUMIFS(예산_원본!$G$5:$G$3004,예산_원본!$B$5:$B$3004,설정!$C$8,예산_원본!$U$5:$U$3004,설정!$C$6)*설정!$C$14 | E6: =SUMIFS(예산_원본!$H$5:$H$3004,예산_원본!$B$5:$B$3004,설정!$C$8,예산_원본!$U$5:$U$3004,설정!$C$6)*설정!$C$14 | F6: =SUMIFS(예산_원본!$I$5:$I$3004,예산_원본!$B$5:$B$3004,설정!$C$8,예산_원본!$U$5:$U$3004,설정!$C$6)*설정!$C$14 | G6: =SUMIFS(예산_원본!$J$5:$J$3004,예산_원본!$B$5:$B$3004,설정!$C$8,예산_원본!$U$5:$U$3004,설정!$C$6)*설정!$C$14 | H6: =SUMIFS(예산_원본!$K$5:$K$3004,예산_원본!$B$5:$B$3004,설정!$C$8,예산_원본!$U$5:$U$3004,설정!$C$6)*설정!$C$14 | I6: =SUMIFS(예산_원본!$L$5:$L$3004,예산_원본!$B$5:$B$3004,설정!$C$8,예산_원본!$U$5:$U$3004,설정!$C$6)*설정!$C$14 | J6: =SUMIFS(예산_원본!$M$5:$M$3004,예산_원본!$B$5:$B$3004,설정!$C$8,예산_원본!$U$5:$U$3004,설정!$C$6)*설정!$C$14 | K6: =SUMIFS(예산_원본!$N$5:$N$3004,예산_원본!$B$5:$B$3004,설정!$C$8,예산_원본!$U$5:$U$3004,설정!$C$6)*설정!$C$14 | L6: =SUMIFS(예산_원본!$O$5:$O$3004,예산_원본!$B$5:$B$3004,설정!$C$8,예산_원본!$U$5:$U$3004,설정!$C$6)*설정!$C$14 | M6: =SUMIFS(예산_원본!$P$5:$P$3004,예산_원본!$B$5:$B$3004,설정!$C$8,예산_원본!$U$5:$U$3004,설정!$C$6)*설정!$C$14 | N6: =SUMIFS(예산_원본!$Q$5:$Q$3004,예산_원본!$B$5:$B$3004,설정!$C$8,예산_원본!$U$5:$U$3004,설정!$C$6)*설정!$C$14 | O6: =SUMIFS(예산_원본!$R$5:$R$3004,예산_원본!$B$5:$B$3004,설정!$C$8,예산_원본!$U$5:$U$3004,설정!$C$6)*설정!$C$14 | P6: =SUM(D6:O6)
A7: 전체 | B7: 전사 | C7: 실적 | D7: =IF(D$5>설정!$C$7,"",SUMIFS(실적_원본!$N$5:$N$100000,실적_원본!$L$5:$L$100000,설정!$C$6,실적_원본!$M$5:$M$100000,D$5)) | E7: =IF(E$5>설정!$C$7,"",SUMIFS(실적_원본!$N$5:$N$100000,실적_원본!$L$5:$L$100000,설정!$C$6,실적_원본!$M$5:$M$100000,E$5)) | F7: =IF(F$5>설정!$C$7,"",SUMIFS(실적_원본!$N$5:$N$100000,실적_원본!$L$5:$L$100000,설정!$C$6,실적_원본!$M$5:$M$100000,F$5)) | G7: =IF(G$5>설정!$C$7,"",SUMIFS(실적_원본!$N$5:$N$100000,실적_원본!$L$5:$L$100000,설정!$C$6,실적_원본!$M$5:$M$100000,G$5)) | H7: =IF(H$5>설정!$C$7,"",SUMIFS(실적_원본!$N$5:$N$100000,실적_원본!$L$5:$L$100000,설정!$C$6,실적_원본!$M$5:$M$100000,H$5)) | I7: =IF(I$5>설정!$C$7,"",SUMIFS(실적_원본!$N$5:$N$100000,실적_원본!$L$5:$L$100000,설정!$C$6,실적_원본!$M$5:$M$100000,I$5)) | J7: =IF(J$5>설정!$C$7,"",SUMIFS(실적_원본!$N$5:$N$100000,실적_원본!$L$5:$L$100000,설정!$C$6,실적_원본!$M$5:$M$100000,J$5)) | K7: =IF(K$5>설정!$C$7,"",SUMIFS(실적_원본!$N$5:$N$100000,실적_원본!$L$5:$L$100000,설정!$C$6,실적_원본!$M$5:$M$100000,K$5)) | ... O7: =IF(O$5>설정!$C$7,"",SUMIFS(실적_원본!$N$5:$N$100000,실적_원본!$L$5:$L$100000,설정!$C$6,실적_원본!$M$5:$M$100000,O$5)) | P7: =SUM(D7:O7)
A8: 전체 | B8: 전사 | C8: 전년실적 | D8: =SUMIFS(실적_원본!$N$5:$N$100000,실적_원본!$L$5:$L$100000,설정!$C$6-1,실적_원본!$M$5:$M$100000,D$5) | E8: =SUMIFS(실적_원본!$N$5:$N$100000,실적_원본!$L$5:$L$100000,설정!$C$6-1,실적_원본!$M$5:$M$100000,E$5) | F8: =SUMIFS(실적_원본!$N$5:$N$100000,실적_원본!$L$5:$L$100000,설정!$C$6-1,실적_원본!$M$5:$M$100000,F$5) | G8: =SUMIFS(실적_원본!$N$5:$N$100000,실적_원본!$L$5:$L$100000,설정!$C$6-1,실적_원본!$M$5:$M$100000,G$5) | H8: =SUMIFS(실적_원본!$N$5:$N$100000,실적_원본!$L$5:$L$100000,설정!$C$6-1,실적_원본!$M$5:$M$100000,H$5) | I8: =SUMIFS(실적_원본!$N$5:$N$100000,실적_원본!$L$5:$L$100000,설정!$C$6-1,실적_원본!$M$5:$M$100000,I$5) | J8: =SUMIFS(실적_원본!$N$5:$N$100000,실적_원본!$L$5:$L$100000,설정!$C$6-1,실적_원본!$M$5:$M$100000,J$5) | K8: =SUMIFS(실적_원본!$N$5:$N$100000,실적_원본!$L$5:$L$100000,설정!$C$6-1,실적_원본!$M$5:$M$100000,K$5) | ... O8: =SUMIFS(실적_원본!$N$5:$N$100000,실적_원본!$L$5:$L$100000,설정!$C$6-1,실적_원본!$M$5:$M$100000,O$5) | P8: =SUM(D8:O8)
A9: D100 | B9: =IFERROR(INDEX(부서매핑!$D$5:$D$504,MATCH($A9,부서매핑!$C$5:$C$504,0)),"") | C9: 예산 | D9: =SUMIFS(예산_원본!$G$5:$G$3004,예산_원본!$B$5:$B$3004,설정!$C$8,예산_원본!$U$5:$U$3004,설정!$C$6,예산_원본!$C$5:$C$3004,$A9)*설정!$C$14 | E9: =SUMIFS(예산_원본!$H$5:$H$3004,예산_원본!$B$5:$B$3004,설정!$C$8,예산_원본!$U$5:$U$3004,설정!$C$6,예산_원본!$C$5:$C$3004,$A9)*설정!$C$14 | F9: =SUMIFS(예산_원본!$I$5:$I$3004,예산_원본!$B$5:$B$3004,설정!$C$8,예산_원본!$U$5:$U$3004,설정!$C$6,예산_원본!$C$5:$C$3004,$A9)*설정!$C$14 | G9: =SUMIFS(예산_원본!$J$5:$J$3004,예산_원본!$B$5:$B$3004,설정!$C$8,예산_원본!$U$5:$U$3004,설정!$C$6,예산_원본!$C$5:$C$3004,$A9)*설정!$C$14 | H9: =SUMIFS(예산_원본!$K$5:$K$3004,예산_원본!$B$5:$B$3004,설정!$C$8,예산_원본!$U$5:$U$3004,설정!$C$6,예산_원본!$C$5:$C$3004,$A9)*설정!$C$14 | I9: =SUMIFS(예산_원본!$L$5:$L$3004,예산_원본!$B$5:$B$3004,설정!$C$8,예산_원본!$U$5:$U$3004,설정!$C$6,예산_원본!$C$5:$C$3004,$A9)*설정!$C$14 | J9: =SUMIFS(예산_원본!$M$5:$M$3004,예산_원본!$B$5:$B$3004,설정!$C$8,예산_원본!$U$5:$U$3004,설정!$C$6,예산_원본!$C$5:$C$3004,$A9)*설정!$C$14 | K9: =SUMIFS(예산_원본!$N$5:$N$3004,예산_원본!$B$5:$B$3004,설정!$C$8,예산_원본!$U$5:$U$3004,설정!$C$6,예산_원본!$C$5:$C$3004,$A9)*설정!$C$14 | L9: =SUMIFS(예산_원본!$O$5:$O$3004,예산_원본!$B$5:$B$3004,설정!$C$8,예산_원본!$U$5:$U$3004,설정!$C$6,예산_원본!$C$5:$C$3004,$A9)*설정!$C$14 | M9: =SUMIFS(예산_원본!$P$5:$P$3004,예산_원본!$B$5:$B$3004,설정!$C$8,예산_원본!$U$5:$U$3004,설정!$C$6,예산_원본!$C$5:$C$3004,$A9)*설정!$C$14 | N9: =SUMIFS(예산_원본!$Q$5:$Q$3004,예산_원본!$B$5:$B$3004,설정!$C$8,예산_원본!$U$5:$U$3004,설정!$C$6,예산_원본!$C$5:$C$3004,$A9)*설정!$C$14 | O9: =SUMIFS(예산_원본!$R$5:$R$3004,예산_원본!$B$5:$B$3004,설정!$C$8,예산_원본!$U$5:$U$3004,설정!$C$6,예산_원본!$C$5:$C$3004,$A9)*설정!$C$14 | P9: =SUM(D9:O9)
A10: D100 | B10: =IFERROR(INDEX(부서매핑!$D$5:$D$504,MATCH($A10,부서매핑!$C$5:$C$504,0)),"") | C10: 실적 | D10: =IF(D$5>설정!$C$7,"",SUMIFS(실적_원본!$N$5:$N$100000,실적_원본!$L$5:$L$100000,설정!$C$6,실적_원본!$M$5:$M$100000,D$5,실적_원본!$J$5:$J$100000,$A10)) | E10: =IF(E$5>설정!$C$7,"",SUMIFS(실적_원본!$N$5:$N$100000,실적_원본!$L$5:$L$100000,설정!$C$6,실적_원본!$M$5:$M$100000,E$5,실적_원본!$J$5:$J$100000,$A10)) | F10: =IF(F$5>설정!$C$7,"",SUMIFS(실적_원본!$N$5:$N$100000,실적_원본!$L$5:$L$100000,설정!$C$6,실적_원본!$M$5:$M$100000,F$5,실적_원본!$J$5:$J$100000,$A10)) | G10: =IF(G$5>설정!$C$7,"",SUMIFS(실적_원본!$N$5:$N$100000,실적_원본!$L$5:$L$100000,설정!$C$6,실적_원본!$M$5:$M$100000,G$5,실적_원본!$J$5:$J$100000,$A10)) | H10: =IF(H$5>설정!$C$7,"",SUMIFS(실적_원본!$N$5:$N$100000,실적_원본!$L$5:$L$100000,설정!$C$6,실적_원본!$M$5:$M$100000,H$5,실적_원본!$J$5:$J$100000,$A10)) | I10: =IF(I$5>설정!$C$7,"",SUMIFS(실적_원본!$N$5:$N$100000,실적_원본!$L$5:$L$100000,설정!$C$6,실적_원본!$M$5:$M$100000,I$5,실적_원본!$J$5:$J$100000,$A10)) | J10: =IF(J$5>설정!$C$7,"",SUMIFS(실적_원본!$N$5:$N$100000,실적_원본!$L$5:$L$100000,설정!$C$6,실적_원본!$M$5:$M$100000,J$5,실적_원본!$J$5:$J$100000,$A10)) | K10: =IF(K$5>설정!$C$7,"",SUMIFS(실적_원본!$N$5:$N$100000,실적_원본!$L$5:$L$100000,설정!$C$6,실적_원본!$M$5:$M$100000,K$5,실적_원본!$J$5:$J$100000,$A10)) | ... O10: =IF(O$5>설정!$C$7,"",SUMIFS(실적_원본!$N$5:$N$100000,실적_원본!$L$5:$L$100000,설정!$C$6,실적_원본!$M$5:$M$100000,O$5,실적_원본!$J$5:$J$100000,$A10)) | P10: =SUM(D10:O10)
A11: D100 | B11: =IFERROR(INDEX(부서매핑!$D$5:$D$504,MATCH($A11,부서매핑!$C$5:$C$504,0)),"") | C11: 전년실적 | D11: =SUMIFS(실적_원본!$N$5:$N$100000,실적_원본!$L$5:$L$100000,설정!$C$6-1,실적_원본!$M$5:$M$100000,D$5,실적_원본!$J$5:$J$100000,$A11) | E11: =SUMIFS(실적_원본!$N$5:$N$100000,실적_원본!$L$5:$L$100000,설정!$C$6-1,실적_원본!$M$5:$M$100000,E$5,실적_원본!$J$5:$J$100000,$A11) | F11: =SUMIFS(실적_원본!$N$5:$N$100000,실적_원본!$L$5:$L$100000,설정!$C$6-1,실적_원본!$M$5:$M$100000,F$5,실적_원본!$J$5:$J$100000,$A11) | G11: =SUMIFS(실적_원본!$N$5:$N$100000,실적_원본!$L$5:$L$100000,설정!$C$6-1,실적_원본!$M$5:$M$100000,G$5,실적_원본!$J$5:$J$100000,$A11) | H11: =SUMIFS(실적_원본!$N$5:$N$100000,실적_원본!$L$5:$L$100000,설정!$C$6-1,실적_원본!$M$5:$M$100000,H$5,실적_원본!$J$5:$J$100000,$A11) | I11: =SUMIFS(실적_원본!$N$5:$N$100000,실적_원본!$L$5:$L$100000,설정!$C$6-1,실적_원본!$M$5:$M$100000,I$5,실적_원본!$J$5:$J$100000,$A11) | J11: =SUMIFS(실적_원본!$N$5:$N$100000,실적_원본!$L$5:$L$100000,설정!$C$6-1,실적_원본!$M$5:$M$100000,J$5,실적_원본!$J$5:$J$100000,$A11) | K11: =SUMIFS(실적_원본!$N$5:$N$100000,실적_원본!$L$5:$L$100000,설정!$C$6-1,실적_원본!$M$5:$M$100000,K$5,실적_원본!$J$5:$J$100000,$A11) | ... O11: =SUMIFS(실적_원본!$N$5:$N$100000,실적_원본!$L$5:$L$100000,설정!$C$6-1,실적_원본!$M$5:$M$100000,O$5,실적_원본!$J$5:$J$100000,$A11) | P11: =SUM(D11:O11)
A12: D200 | B12: =IFERROR(INDEX(부서매핑!$D$5:$D$504,MATCH($A12,부서매핑!$C$5:$C$504,0)),"") | C12: 예산 | D12: =SUMIFS(예산_원본!$G$5:$G$3004,예산_원본!$B$5:$B$3004,설정!$C$8,예산_원본!$U$5:$U$3004,설정!$C$6,예산_원본!$C$5:$C$3004,$A12)*설정!$C$14 | E12: =SUMIFS(예산_원본!$H$5:$H$3004,예산_원본!$B$5:$B$3004,설정!$C$8,예산_원본!$U$5:$U$3004,설정!$C$6,예산_원본!$C$5:$C$3004,$A12)*설정!$C$14 | F12: =SUMIFS(예산_원본!$I$5:$I$3004,예산_원본!$B$5:$B$3004,설정!$C$8,예산_원본!$U$5:$U$3004,설정!$C$6,예산_원본!$C$5:$C$3004,$A12)*설정!$C$14 | G12: =SUMIFS(예산_원본!$J$5:$J$3004,예산_원본!$B$5:$B$3004,설정!$C$8,예산_원본!$U$5:$U$3004,설정!$C$6,예산_원본!$C$5:$C$3004,$A12)*설정!$C$14 | H12: =SUMIFS(예산_원본!$K$5:$K$3004,예산_원본!$B$5:$B$3004,설정!$C$8,예산_원본!$U$5:$U$3004,설정!$C$6,예산_원본!$C$5:$C$3004,$A12)*설정!$C$14 | I12: =SUMIFS(예산_원본!$L$5:$L$3004,예산_원본!$B$5:$B$3004,설정!$C$8,예산_원본!$U$5:$U$3004,설정!$C$6,예산_원본!$C$5:$C$3004,$A12)*설정!$C$14 | J12: =SUMIFS(예산_원본!$M$5:$M$3004,예산_원본!$B$5:$B$3004,설정!$C$8,예산_원본!$U$5:$U$3004,설정!$C$6,예산_원본!$C$5:$C$3004,$A12)*설정!$C$14 | K12: =SUMIFS(예산_원본!$N$5:$N$3004,예산_원본!$B$5:$B$3004,설정!$C$8,예산_원본!$U$5:$U$3004,설정!$C$6,예산_원본!$C$5:$C$3004,$A12)*설정!$C$14 | L12: =SUMIFS(예산_원본!$O$5:$O$3004,예산_원본!$B$5:$B$3004,설정!$C$8,예산_원본!$U$5:$U$3004,설정!$C$6,예산_원본!$C$5:$C$3004,$A12)*설정!$C$14 | M12: =SUMIFS(예산_원본!$P$5:$P$3004,예산_원본!$B$5:$B$3004,설정!$C$8,예산_원본!$U$5:$U$3004,설정!$C$6,예산_원본!$C$5:$C$3004,$A12)*설정!$C$14 | N12: =SUMIFS(예산_원본!$Q$5:$Q$3004,예산_원본!$B$5:$B$3004,설정!$C$8,예산_원본!$U$5:$U$3004,설정!$C$6,예산_원본!$C$5:$C$3004,$A12)*설정!$C$14 | O12: =SUMIFS(예산_원본!$R$5:$R$3004,예산_원본!$B$5:$B$3004,설정!$C$8,예산_원본!$U$5:$U$3004,설정!$C$6,예산_원본!$C$5:$C$3004,$A12)*설정!$C$14 | P12: =SUM(D12:O12)
A13: D200 | B13: =IFERROR(INDEX(부서매핑!$D$5:$D$504,MATCH($A13,부서매핑!$C$5:$C$504,0)),"") | C13: 실적 | D13: =IF(D$5>설정!$C$7,"",SUMIFS(실적_원본!$N$5:$N$100000,실적_원본!$L$5:$L$100000,설정!$C$6,실적_원본!$M$5:$M$100000,D$5,실적_원본!$J$5:$J$100000,$A13)) | E13: =IF(E$5>설정!$C$7,"",SUMIFS(실적_원본!$N$5:$N$100000,실적_원본!$L$5:$L$100000,설정!$C$6,실적_원본!$M$5:$M$100000,E$5,실적_원본!$J$5:$J$100000,$A13)) | F13: =IF(F$5>설정!$C$7,"",SUMIFS(실적_원본!$N$5:$N$100000,실적_원본!$L$5:$L$100000,설정!$C$6,실적_원본!$M$5:$M$100000,F$5,실적_원본!$J$5:$J$100000,$A13)) | G13: =IF(G$5>설정!$C$7,"",SUMIFS(실적_원본!$N$5:$N$100000,실적_원본!$L$5:$L$100000,설정!$C$6,실적_원본!$M$5:$M$100000,G$5,실적_원본!$J$5:$J$100000,$A13)) | H13: =IF(H$5>설정!$C$7,"",SUMIFS(실적_원본!$N$5:$N$100000,실적_원본!$L$5:$L$100000,설정!$C$6,실적_원본!$M$5:$M$100000,H$5,실적_원본!$J$5:$J$100000,$A13)) | I13: =IF(I$5>설정!$C$7,"",SUMIFS(실적_원본!$N$5:$N$100000,실적_원본!$L$5:$L$100000,설정!$C$6,실적_원본!$M$5:$M$100000,I$5,실적_원본!$J$5:$J$100000,$A13)) | J13: =IF(J$5>설정!$C$7,"",SUMIFS(실적_원본!$N$5:$N$100000,실적_원본!$L$5:$L$100000,설정!$C$6,실적_원본!$M$5:$M$100000,J$5,실적_원본!$J$5:$J$100000,$A13)) | K13: =IF(K$5>설정!$C$7,"",SUMIFS(실적_원본!$N$5:$N$100000,실적_원본!$L$5:$L$100000,설정!$C$6,실적_원본!$M$5:$M$100000,K$5,실적_원본!$J$5:$J$100000,$A13)) | ... O13: =IF(O$5>설정!$C$7,"",SUMIFS(실적_원본!$N$5:$N$100000,실적_원본!$L$5:$L$100000,설정!$C$6,실적_원본!$M$5:$M$100000,O$5,실적_원본!$J$5:$J$100000,$A13)) | P13: =SUM(D13:O13)
A14: D200 | B14: =IFERROR(INDEX(부서매핑!$D$5:$D$504,MATCH($A14,부서매핑!$C$5:$C$504,0)),"") | C14: 전년실적 | D14: =SUMIFS(실적_원본!$N$5:$N$100000,실적_원본!$L$5:$L$100000,설정!$C$6-1,실적_원본!$M$5:$M$100000,D$5,실적_원본!$J$5:$J$100000,$A14) | E14: =SUMIFS(실적_원본!$N$5:$N$100000,실적_원본!$L$5:$L$100000,설정!$C$6-1,실적_원본!$M$5:$M$100000,E$5,실적_원본!$J$5:$J$100000,$A14) | F14: =SUMIFS(실적_원본!$N$5:$N$100000,실적_원본!$L$5:$L$100000,설정!$C$6-1,실적_원본!$M$5:$M$100000,F$5,실적_원본!$J$5:$J$100000,$A14) | G14: =SUMIFS(실적_원본!$N$5:$N$100000,실적_원본!$L$5:$L$100000,설정!$C$6-1,실적_원본!$M$5:$M$100000,G$5,실적_원본!$J$5:$J$100000,$A14) | H14: =SUMIFS(실적_원본!$N$5:$N$100000,실적_원본!$L$5:$L$100000,설정!$C$6-1,실적_원본!$M$5:$M$100000,H$5,실적_원본!$J$5:$J$100000,$A14) | I14: =SUMIFS(실적_원본!$N$5:$N$100000,실적_원본!$L$5:$L$100000,설정!$C$6-1,실적_원본!$M$5:$M$100000,I$5,실적_원본!$J$5:$J$100000,$A14) | J14: =SUMIFS(실적_원본!$N$5:$N$100000,실적_원본!$L$5:$L$100000,설정!$C$6-1,실적_원본!$M$5:$M$100000,J$5,실적_원본!$J$5:$J$100000,$A14) | K14: =SUMIFS(실적_원본!$N$5:$N$100000,실적_원본!$L$5:$L$100000,설정!$C$6-1,실적_원본!$M$5:$M$100000,K$5,실적_원본!$J$5:$J$100000,$A14) | ... O14: =SUMIFS(실적_원본!$N$5:$N$100000,실적_원본!$L$5:$L$100000,설정!$C$6-1,실적_원본!$M$5:$M$100000,O$5,실적_원본!$J$5:$J$100000,$A14) | P14: =SUM(D14:O14)
A15: D300 | B15: =IFERROR(INDEX(부서매핑!$D$5:$D$504,MATCH($A15,부서매핑!$C$5:$C$504,0)),"") | C15: 예산 | D15: =SUMIFS(예산_원본!$G$5:$G$3004,예산_원본!$B$5:$B$3004,설정!$C$8,예산_원본!$U$5:$U$3004,설정!$C$6,예산_원본!$C$5:$C$3004,$A15)*설정!$C$14 | E15: =SUMIFS(예산_원본!$H$5:$H$3004,예산_원본!$B$5:$B$3004,설정!$C$8,예산_원본!$U$5:$U$3004,설정!$C$6,예산_원본!$C$5:$C$3004,$A15)*설정!$C$14 | F15: =SUMIFS(예산_원본!$I$5:$I$3004,예산_원본!$B$5:$B$3004,설정!$C$8,예산_원본!$U$5:$U$3004,설정!$C$6,예산_원본!$C$5:$C$3004,$A15)*설정!$C$14 | G15: =SUMIFS(예산_원본!$J$5:$J$3004,예산_원본!$B$5:$B$3004,설정!$C$8,예산_원본!$U$5:$U$3004,설정!$C$6,예산_원본!$C$5:$C$3004,$A15)*설정!$C$14 | H15: =SUMIFS(예산_원본!$K$5:$K$3004,예산_원본!$B$5:$B$3004,설정!$C$8,예산_원본!$U$5:$U$3004,설정!$C$6,예산_원본!$C$5:$C$3004,$A15)*설정!$C$14 | I15: =SUMIFS(예산_원본!$L$5:$L$3004,예산_원본!$B$5:$B$3004,설정!$C$8,예산_원본!$U$5:$U$3004,설정!$C$6,예산_원본!$C$5:$C$3004,$A15)*설정!$C$14 | J15: =SUMIFS(예산_원본!$M$5:$M$3004,예산_원본!$B$5:$B$3004,설정!$C$8,예산_원본!$U$5:$U$3004,설정!$C$6,예산_원본!$C$5:$C$3004,$A15)*설정!$C$14 | K15: =SUMIFS(예산_원본!$N$5:$N$3004,예산_원본!$B$5:$B$3004,설정!$C$8,예산_원본!$U$5:$U$3004,설정!$C$6,예산_원본!$C$5:$C$3004,$A15)*설정!$C$14 | L15: =SUMIFS(예산_원본!$O$5:$O$3004,예산_원본!$B$5:$B$3004,설정!$C$8,예산_원본!$U$5:$U$3004,설정!$C$6,예산_원본!$C$5:$C$3004,$A15)*설정!$C$14 | M15: =SUMIFS(예산_원본!$P$5:$P$3004,예산_원본!$B$5:$B$3004,설정!$C$8,예산_원본!$U$5:$U$3004,설정!$C$6,예산_원본!$C$5:$C$3004,$A15)*설정!$C$14 | N15: =SUMIFS(예산_원본!$Q$5:$Q$3004,예산_원본!$B$5:$B$3004,설정!$C$8,예산_원본!$U$5:$U$3004,설정!$C$6,예산_원본!$C$5:$C$3004,$A15)*설정!$C$14 | O15: =SUMIFS(예산_원본!$R$5:$R$3004,예산_원본!$B$5:$B$3004,설정!$C$8,예산_원본!$U$5:$U$3004,설정!$C$6,예산_원본!$C$5:$C$3004,$A15)*설정!$C$14 | P15: =SUM(D15:O15)
A16: D300 | B16: =IFERROR(INDEX(부서매핑!$D$5:$D$504,MATCH($A16,부서매핑!$C$5:$C$504,0)),"") | C16: 실적 | D16: =IF(D$5>설정!$C$7,"",SUMIFS(실적_원본!$N$5:$N$100000,실적_원본!$L$5:$L$100000,설정!$C$6,실적_원본!$M$5:$M$100000,D$5,실적_원본!$J$5:$J$100000,$A16)) | E16: =IF(E$5>설정!$C$7,"",SUMIFS(실적_원본!$N$5:$N$100000,실적_원본!$L$5:$L$100000,설정!$C$6,실적_원본!$M$5:$M$100000,E$5,실적_원본!$J$5:$J$100000,$A16)) | F16: =IF(F$5>설정!$C$7,"",SUMIFS(실적_원본!$N$5:$N$100000,실적_원본!$L$5:$L$100000,설정!$C$6,실적_원본!$M$5:$M$100000,F$5,실적_원본!$J$5:$J$100000,$A16)) | G16: =IF(G$5>설정!$C$7,"",SUMIFS(실적_원본!$N$5:$N$100000,실적_원본!$L$5:$L$100000,설정!$C$6,실적_원본!$M$5:$M$100000,G$5,실적_원본!$J$5:$J$100000,$A16)) | H16: =IF(H$5>설정!$C$7,"",SUMIFS(실적_원본!$N$5:$N$100000,실적_원본!$L$5:$L$100000,설정!$C$6,실적_원본!$M$5:$M$100000,H$5,실적_원본!$J$5:$J$100000,$A16)) | I16: =IF(I$5>설정!$C$7,"",SUMIFS(실적_원본!$N$5:$N$100000,실적_원본!$L$5:$L$100000,설정!$C$6,실적_원본!$M$5:$M$100000,I$5,실적_원본!$J$5:$J$100000,$A16)) | J16: =IF(J$5>설정!$C$7,"",SUMIFS(실적_원본!$N$5:$N$100000,실적_원본!$L$5:$L$100000,설정!$C$6,실적_원본!$M$5:$M$100000,J$5,실적_원본!$J$5:$J$100000,$A16)) | K16: =IF(K$5>설정!$C$7,"",SUMIFS(실적_원본!$N$5:$N$100000,실적_원본!$L$5:$L$100000,설정!$C$6,실적_원본!$M$5:$M$100000,K$5,실적_원본!$J$5:$J$100000,$A16)) | ... O16: =IF(O$5>설정!$C$7,"",SUMIFS(실적_원본!$N$5:$N$100000,실적_원본!$L$5:$L$100000,설정!$C$6,실적_원본!$M$5:$M$100000,O$5,실적_원본!$J$5:$J$100000,$A16)) | P16: =SUM(D16:O16)
A17: D300 | B17: =IFERROR(INDEX(부서매핑!$D$5:$D$504,MATCH($A17,부서매핑!$C$5:$C$504,0)),"") | C17: 전년실적 | D17: =SUMIFS(실적_원본!$N$5:$N$100000,실적_원본!$L$5:$L$100000,설정!$C$6-1,실적_원본!$M$5:$M$100000,D$5,실적_원본!$J$5:$J$100000,$A17) | E17: =SUMIFS(실적_원본!$N$5:$N$100000,실적_원본!$L$5:$L$100000,설정!$C$6-1,실적_원본!$M$5:$M$100000,E$5,실적_원본!$J$5:$J$100000,$A17) | F17: =SUMIFS(실적_원본!$N$5:$N$100000,실적_원본!$L$5:$L$100000,설정!$C$6-1,실적_원본!$M$5:$M$100000,F$5,실적_원본!$J$5:$J$100000,$A17) | G17: =SUMIFS(실적_원본!$N$5:$N$100000,실적_원본!$L$5:$L$100000,설정!$C$6-1,실적_원본!$M$5:$M$100000,G$5,실적_원본!$J$5:$J$100000,$A17) | H17: =SUMIFS(실적_원본!$N$5:$N$100000,실적_원본!$L$5:$L$100000,설정!$C$6-1,실적_원본!$M$5:$M$100000,H$5,실적_원본!$J$5:$J$100000,$A17) | I17: =SUMIFS(실적_원본!$N$5:$N$100000,실적_원본!$L$5:$L$100000,설정!$C$6-1,실적_원본!$M$5:$M$100000,I$5,실적_원본!$J$5:$J$100000,$A17) | J17: =SUMIFS(실적_원본!$N$5:$N$100000,실적_원본!$L$5:$L$100000,설정!$C$6-1,실적_원본!$M$5:$M$100000,J$5,실적_원본!$J$5:$J$100000,$A17) | K17: =SUMIFS(실적_원본!$N$5:$N$100000,실적_원본!$L$5:$L$100000,설정!$C$6-1,실적_원본!$M$5:$M$100000,K$5,실적_원본!$J$5:$J$100000,$A17) | ... O17: =SUMIFS(실적_원본!$N$5:$N$100000,실적_원본!$L$5:$L$100000,설정!$C$6-1,실적_원본!$M$5:$M$100000,O$5,실적_원본!$J$5:$J$100000,$A17) | P17: =SUM(D17:O17)
A18: D400 | B18: =IFERROR(INDEX(부서매핑!$D$5:$D$504,MATCH($A18,부서매핑!$C$5:$C$504,0)),"") | C18: 예산 | D18: =SUMIFS(예산_원본!$G$5:$G$3004,예산_원본!$B$5:$B$3004,설정!$C$8,예산_원본!$U$5:$U$3004,설정!$C$6,예산_원본!$C$5:$C$3004,$A18)*설정!$C$14 | E18: =SUMIFS(예산_원본!$H$5:$H$3004,예산_원본!$B$5:$B$3004,설정!$C$8,예산_원본!$U$5:$U$3004,설정!$C$6,예산_원본!$C$5:$C$3004,$A18)*설정!$C$14 | F18: =SUMIFS(예산_원본!$I$5:$I$3004,예산_원본!$B$5:$B$3004,설정!$C$8,예산_원본!$U$5:$U$3004,설정!$C$6,예산_원본!$C$5:$C$3004,$A18)*설정!$C$14 | G18: =SUMIFS(예산_원본!$J$5:$J$3004,예산_원본!$B$5:$B$3004,설정!$C$8,예산_원본!$U$5:$U$3004,설정!$C$6,예산_원본!$C$5:$C$3004,$A18)*설정!$C$14 | H18: =SUMIFS(예산_원본!$K$5:$K$3004,예산_원본!$B$5:$B$3004,설정!$C$8,예산_원본!$U$5:$U$3004,설정!$C$6,예산_원본!$C$5:$C$3004,$A18)*설정!$C$14 | I18: =SUMIFS(예산_원본!$L$5:$L$3004,예산_원본!$B$5:$B$3004,설정!$C$8,예산_원본!$U$5:$U$3004,설정!$C$6,예산_원본!$C$5:$C$3004,$A18)*설정!$C$14 | J18: =SUMIFS(예산_원본!$M$5:$M$3004,예산_원본!$B$5:$B$3004,설정!$C$8,예산_원본!$U$5:$U$3004,설정!$C$6,예산_원본!$C$5:$C$3004,$A18)*설정!$C$14 | K18: =SUMIFS(예산_원본!$N$5:$N$3004,예산_원본!$B$5:$B$3004,설정!$C$8,예산_원본!$U$5:$U$3004,설정!$C$6,예산_원본!$C$5:$C$3004,$A18)*설정!$C$14 | L18: =SUMIFS(예산_원본!$O$5:$O$3004,예산_원본!$B$5:$B$3004,설정!$C$8,예산_원본!$U$5:$U$3004,설정!$C$6,예산_원본!$C$5:$C$3004,$A18)*설정!$C$14 | M18: =SUMIFS(예산_원본!$P$5:$P$3004,예산_원본!$B$5:$B$3004,설정!$C$8,예산_원본!$U$5:$U$3004,설정!$C$6,예산_원본!$C$5:$C$3004,$A18)*설정!$C$14 | N18: =SUMIFS(예산_원본!$Q$5:$Q$3004,예산_원본!$B$5:$B$3004,설정!$C$8,예산_원본!$U$5:$U$3004,설정!$C$6,예산_원본!$C$5:$C$3004,$A18)*설정!$C$14 | O18: =SUMIFS(예산_원본!$R$5:$R$3004,예산_원본!$B$5:$B$3004,설정!$C$8,예산_원본!$U$5:$U$3004,설정!$C$6,예산_원본!$C$5:$C$3004,$A18)*설정!$C$14 | P18: =SUM(D18:O18)
A19: D400 | B19: =IFERROR(INDEX(부서매핑!$D$5:$D$504,MATCH($A19,부서매핑!$C$5:$C$504,0)),"") | C19: 실적 | D19: =IF(D$5>설정!$C$7,"",SUMIFS(실적_원본!$N$5:$N$100000,실적_원본!$L$5:$L$100000,설정!$C$6,실적_원본!$M$5:$M$100000,D$5,실적_원본!$J$5:$J$100000,$A19)) | E19: =IF(E$5>설정!$C$7,"",SUMIFS(실적_원본!$N$5:$N$100000,실적_원본!$L$5:$L$100000,설정!$C$6,실적_원본!$M$5:$M$100000,E$5,실적_원본!$J$5:$J$100000,$A19)) | F19: =IF(F$5>설정!$C$7,"",SUMIFS(실적_원본!$N$5:$N$100000,실적_원본!$L$5:$L$100000,설정!$C$6,실적_원본!$M$5:$M$100000,F$5,실적_원본!$J$5:$J$100000,$A19)) | G19: =IF(G$5>설정!$C$7,"",SUMIFS(실적_원본!$N$5:$N$100000,실적_원본!$L$5:$L$100000,설정!$C$6,실적_원본!$M$5:$M$100000,G$5,실적_원본!$J$5:$J$100000,$A19)) | H19: =IF(H$5>설정!$C$7,"",SUMIFS(실적_원본!$N$5:$N$100000,실적_원본!$L$5:$L$100000,설정!$C$6,실적_원본!$M$5:$M$100000,H$5,실적_원본!$J$5:$J$100000,$A19)) | I19: =IF(I$5>설정!$C$7,"",SUMIFS(실적_원본!$N$5:$N$100000,실적_원본!$L$5:$L$100000,설정!$C$6,실적_원본!$M$5:$M$100000,I$5,실적_원본!$J$5:$J$100000,$A19)) | J19: =IF(J$5>설정!$C$7,"",SUMIFS(실적_원본!$N$5:$N$100000,실적_원본!$L$5:$L$100000,설정!$C$6,실적_원본!$M$5:$M$100000,J$5,실적_원본!$J$5:$J$100000,$A19)) | K19: =IF(K$5>설정!$C$7,"",SUMIFS(실적_원본!$N$5:$N$100000,실적_원본!$L$5:$L$100000,설정!$C$6,실적_원본!$M$5:$M$100000,K$5,실적_원본!$J$5:$J$100000,$A19)) | ... O19: =IF(O$5>설정!$C$7,"",SUMIFS(실적_원본!$N$5:$N$100000,실적_원본!$L$5:$L$100000,설정!$C$6,실적_원본!$M$5:$M$100000,O$5,실적_원본!$J$5:$J$100000,$A19)) | P19: =SUM(D19:O19)
A20: D400 | B20: =IFERROR(INDEX(부서매핑!$D$5:$D$504,MATCH($A20,부서매핑!$C$5:$C$504,0)),"") | C20: 전년실적 | D20: =SUMIFS(실적_원본!$N$5:$N$100000,실적_원본!$L$5:$L$100000,설정!$C$6-1,실적_원본!$M$5:$M$100000,D$5,실적_원본!$J$5:$J$100000,$A20) | E20: =SUMIFS(실적_원본!$N$5:$N$100000,실적_원본!$L$5:$L$100000,설정!$C$6-1,실적_원본!$M$5:$M$100000,E$5,실적_원본!$J$5:$J$100000,$A20) | F20: =SUMIFS(실적_원본!$N$5:$N$100000,실적_원본!$L$5:$L$100000,설정!$C$6-1,실적_원본!$M$5:$M$100000,F$5,실적_원본!$J$5:$J$100000,$A20) | G20: =SUMIFS(실적_원본!$N$5:$N$100000,실적_원본!$L$5:$L$100000,설정!$C$6-1,실적_원본!$M$5:$M$100000,G$5,실적_원본!$J$5:$J$100000,$A20) | H20: =SUMIFS(실적_원본!$N$5:$N$100000,실적_원본!$L$5:$L$100000,설정!$C$6-1,실적_원본!$M$5:$M$100000,H$5,실적_원본!$J$5:$J$100000,$A20) | I20: =SUMIFS(실적_원본!$N$5:$N$100000,실적_원본!$L$5:$L$100000,설정!$C$6-1,실적_원본!$M$5:$M$100000,I$5,실적_원본!$J$5:$J$100000,$A20) | J20: =SUMIFS(실적_원본!$N$5:$N$100000,실적_원본!$L$5:$L$100000,설정!$C$6-1,실적_원본!$M$5:$M$100000,J$5,실적_원본!$J$5:$J$100000,$A20) | K20: =SUMIFS(실적_원본!$N$5:$N$100000,실적_원본!$L$5:$L$100000,설정!$C$6-1,실적_원본!$M$5:$M$100000,K$5,실적_원본!$J$5:$J$100000,$A20) | ... O20: =SUMIFS(실적_원본!$N$5:$N$100000,실적_원본!$L$5:$L$100000,설정!$C$6-1,실적_원본!$M$5:$M$100000,O$5,실적_원본!$J$5:$J$100000,$A20) | P20: =SUM(D20:O20)
A21: D500 | B21: =IFERROR(INDEX(부서매핑!$D$5:$D$504,MATCH($A21,부서매핑!$C$5:$C$504,0)),"") | C21: 예산 | D21: =SUMIFS(예산_원본!$G$5:$G$3004,예산_원본!$B$5:$B$3004,설정!$C$8,예산_원본!$U$5:$U$3004,설정!$C$6,예산_원본!$C$5:$C$3004,$A21)*설정!$C$14 | E21: =SUMIFS(예산_원본!$H$5:$H$3004,예산_원본!$B$5:$B$3004,설정!$C$8,예산_원본!$U$5:$U$3004,설정!$C$6,예산_원본!$C$5:$C$3004,$A21)*설정!$C$14 | F21: =SUMIFS(예산_원본!$I$5:$I$3004,예산_원본!$B$5:$B$3004,설정!$C$8,예산_원본!$U$5:$U$3004,설정!$C$6,예산_원본!$C$5:$C$3004,$A21)*설정!$C$14 | G21: =SUMIFS(예산_원본!$J$5:$J$3004,예산_원본!$B$5:$B$3004,설정!$C$8,예산_원본!$U$5:$U$3004,설정!$C$6,예산_원본!$C$5:$C$3004,$A21)*설정!$C$14 | H21: =SUMIFS(예산_원본!$K$5:$K$3004,예산_원본!$B$5:$B$3004,설정!$C$8,예산_원본!$U$5:$U$3004,설정!$C$6,예산_원본!$C$5:$C$3004,$A21)*설정!$C$14 | I21: =SUMIFS(예산_원본!$L$5:$L$3004,예산_원본!$B$5:$B$3004,설정!$C$8,예산_원본!$U$5:$U$3004,설정!$C$6,예산_원본!$C$5:$C$3004,$A21)*설정!$C$14 | J21: =SUMIFS(예산_원본!$M$5:$M$3004,예산_원본!$B$5:$B$3004,설정!$C$8,예산_원본!$U$5:$U$3004,설정!$C$6,예산_원본!$C$5:$C$3004,$A21)*설정!$C$14 | K21: =SUMIFS(예산_원본!$N$5:$N$3004,예산_원본!$B$5:$B$3004,설정!$C$8,예산_원본!$U$5:$U$3004,설정!$C$6,예산_원본!$C$5:$C$3004,$A21)*설정!$C$14 | L21: =SUMIFS(예산_원본!$O$5:$O$3004,예산_원본!$B$5:$B$3004,설정!$C$8,예산_원본!$U$5:$U$3004,설정!$C$6,예산_원본!$C$5:$C$3004,$A21)*설정!$C$14 | M21: =SUMIFS(예산_원본!$P$5:$P$3004,예산_원본!$B$5:$B$3004,설정!$C$8,예산_원본!$U$5:$U$3004,설정!$C$6,예산_원본!$C$5:$C$3004,$A21)*설정!$C$14 | N21: =SUMIFS(예산_원본!$Q$5:$Q$3004,예산_원본!$B$5:$B$3004,설정!$C$8,예산_원본!$U$5:$U$3004,설정!$C$6,예산_원본!$C$5:$C$3004,$A21)*설정!$C$14 | O21: =SUMIFS(예산_원본!$R$5:$R$3004,예산_원본!$B$5:$B$3004,설정!$C$8,예산_원본!$U$5:$U$3004,설정!$C$6,예산_원본!$C$5:$C$3004,$A21)*설정!$C$14 | P21: =SUM(D21:O21)
A22: D500 | B22: =IFERROR(INDEX(부서매핑!$D$5:$D$504,MATCH($A22,부서매핑!$C$5:$C$504,0)),"") | C22: 실적 | D22: =IF(D$5>설정!$C$7,"",SUMIFS(실적_원본!$N$5:$N$100000,실적_원본!$L$5:$L$100000,설정!$C$6,실적_원본!$M$5:$M$100000,D$5,실적_원본!$J$5:$J$100000,$A22)) | E22: =IF(E$5>설정!$C$7,"",SUMIFS(실적_원본!$N$5:$N$100000,실적_원본!$L$5:$L$100000,설정!$C$6,실적_원본!$M$5:$M$100000,E$5,실적_원본!$J$5:$J$100000,$A22)) | F22: =IF(F$5>설정!$C$7,"",SUMIFS(실적_원본!$N$5:$N$100000,실적_원본!$L$5:$L$100000,설정!$C$6,실적_원본!$M$5:$M$100000,F$5,실적_원본!$J$5:$J$100000,$A22)) | G22: =IF(G$5>설정!$C$7,"",SUMIFS(실적_원본!$N$5:$N$100000,실적_원본!$L$5:$L$100000,설정!$C$6,실적_원본!$M$5:$M$100000,G$5,실적_원본!$J$5:$J$100000,$A22)) | H22: =IF(H$5>설정!$C$7,"",SUMIFS(실적_원본!$N$5:$N$100000,실적_원본!$L$5:$L$100000,설정!$C$6,실적_원본!$M$5:$M$100000,H$5,실적_원본!$J$5:$J$100000,$A22)) | I22: =IF(I$5>설정!$C$7,"",SUMIFS(실적_원본!$N$5:$N$100000,실적_원본!$L$5:$L$100000,설정!$C$6,실적_원본!$M$5:$M$100000,I$5,실적_원본!$J$5:$J$100000,$A22)) | J22: =IF(J$5>설정!$C$7,"",SUMIFS(실적_원본!$N$5:$N$100000,실적_원본!$L$5:$L$100000,설정!$C$6,실적_원본!$M$5:$M$100000,J$5,실적_원본!$J$5:$J$100000,$A22)) | K22: =IF(K$5>설정!$C$7,"",SUMIFS(실적_원본!$N$5:$N$100000,실적_원본!$L$5:$L$100000,설정!$C$6,실적_원본!$M$5:$M$100000,K$5,실적_원본!$J$5:$J$100000,$A22)) | ... O22: =IF(O$5>설정!$C$7,"",SUMIFS(실적_원본!$N$5:$N$100000,실적_원본!$L$5:$L$100000,설정!$C$6,실적_원본!$M$5:$M$100000,O$5,실적_원본!$J$5:$J$100000,$A22)) | P22: =SUM(D22:O22)
A23: D500 | B23: =IFERROR(INDEX(부서매핑!$D$5:$D$504,MATCH($A23,부서매핑!$C$5:$C$504,0)),"") | C23: 전년실적 | D23: =SUMIFS(실적_원본!$N$5:$N$100000,실적_원본!$L$5:$L$100000,설정!$C$6-1,실적_원본!$M$5:$M$100000,D$5,실적_원본!$J$5:$J$100000,$A23) | E23: =SUMIFS(실적_원본!$N$5:$N$100000,실적_원본!$L$5:$L$100000,설정!$C$6-1,실적_원본!$M$5:$M$100000,E$5,실적_원본!$J$5:$J$100000,$A23) | F23: =SUMIFS(실적_원본!$N$5:$N$100000,실적_원본!$L$5:$L$100000,설정!$C$6-1,실적_원본!$M$5:$M$100000,F$5,실적_원본!$J$5:$J$100000,$A23) | G23: =SUMIFS(실적_원본!$N$5:$N$100000,실적_원본!$L$5:$L$100000,설정!$C$6-1,실적_원본!$M$5:$M$100000,G$5,실적_원본!$J$5:$J$100000,$A23) | H23: =SUMIFS(실적_원본!$N$5:$N$100000,실적_원본!$L$5:$L$100000,설정!$C$6-1,실적_원본!$M$5:$M$100000,H$5,실적_원본!$J$5:$J$100000,$A23) | I23: =SUMIFS(실적_원본!$N$5:$N$100000,실적_원본!$L$5:$L$100000,설정!$C$6-1,실적_원본!$M$5:$M$100000,I$5,실적_원본!$J$5:$J$100000,$A23) | J23: =SUMIFS(실적_원본!$N$5:$N$100000,실적_원본!$L$5:$L$100000,설정!$C$6-1,실적_원본!$M$5:$M$100000,J$5,실적_원본!$J$5:$J$100000,$A23) | K23: =SUMIFS(실적_원본!$N$5:$N$100000,실적_원본!$L$5:$L$100000,설정!$C$6-1,실적_원본!$M$5:$M$100000,K$5,실적_원본!$J$5:$J$100000,$A23) | ... O23: =SUMIFS(실적_원본!$N$5:$N$100000,실적_원본!$L$5:$L$100000,설정!$C$6-1,실적_원본!$M$5:$M$100000,O$5,실적_원본!$J$5:$J$100000,$A23) | P23: =SUM(D23:O23)
A24: D600 | B24: =IFERROR(INDEX(부서매핑!$D$5:$D$504,MATCH($A24,부서매핑!$C$5:$C$504,0)),"") | C24: 예산 | D24: =SUMIFS(예산_원본!$G$5:$G$3004,예산_원본!$B$5:$B$3004,설정!$C$8,예산_원본!$U$5:$U$3004,설정!$C$6,예산_원본!$C$5:$C$3004,$A24)*설정!$C$14 | E24: =SUMIFS(예산_원본!$H$5:$H$3004,예산_원본!$B$5:$B$3004,설정!$C$8,예산_원본!$U$5:$U$3004,설정!$C$6,예산_원본!$C$5:$C$3004,$A24)*설정!$C$14 | F24: =SUMIFS(예산_원본!$I$5:$I$3004,예산_원본!$B$5:$B$3004,설정!$C$8,예산_원본!$U$5:$U$3004,설정!$C$6,예산_원본!$C$5:$C$3004,$A24)*설정!$C$14 | G24: =SUMIFS(예산_원본!$J$5:$J$3004,예산_원본!$B$5:$B$3004,설정!$C$8,예산_원본!$U$5:$U$3004,설정!$C$6,예산_원본!$C$5:$C$3004,$A24)*설정!$C$14 | H24: =SUMIFS(예산_원본!$K$5:$K$3004,예산_원본!$B$5:$B$3004,설정!$C$8,예산_원본!$U$5:$U$3004,설정!$C$6,예산_원본!$C$5:$C$3004,$A24)*설정!$C$14 | I24: =SUMIFS(예산_원본!$L$5:$L$3004,예산_원본!$B$5:$B$3004,설정!$C$8,예산_원본!$U$5:$U$3004,설정!$C$6,예산_원본!$C$5:$C$3004,$A24)*설정!$C$14 | J24: =SUMIFS(예산_원본!$M$5:$M$3004,예산_원본!$B$5:$B$3004,설정!$C$8,예산_원본!$U$5:$U$3004,설정!$C$6,예산_원본!$C$5:$C$3004,$A24)*설정!$C$14 | K24: =SUMIFS(예산_원본!$N$5:$N$3004,예산_원본!$B$5:$B$3004,설정!$C$8,예산_원본!$U$5:$U$3004,설정!$C$6,예산_원본!$C$5:$C$3004,$A24)*설정!$C$14 | L24: =SUMIFS(예산_원본!$O$5:$O$3004,예산_원본!$B$5:$B$3004,설정!$C$8,예산_원본!$U$5:$U$3004,설정!$C$6,예산_원본!$C$5:$C$3004,$A24)*설정!$C$14 | M24: =SUMIFS(예산_원본!$P$5:$P$3004,예산_원본!$B$5:$B$3004,설정!$C$8,예산_원본!$U$5:$U$3004,설정!$C$6,예산_원본!$C$5:$C$3004,$A24)*설정!$C$14 | N24: =SUMIFS(예산_원본!$Q$5:$Q$3004,예산_원본!$B$5:$B$3004,설정!$C$8,예산_원본!$U$5:$U$3004,설정!$C$6,예산_원본!$C$5:$C$3004,$A24)*설정!$C$14 | O24: =SUMIFS(예산_원본!$R$5:$R$3004,예산_원본!$B$5:$B$3004,설정!$C$8,예산_원본!$U$5:$U$3004,설정!$C$6,예산_원본!$C$5:$C$3004,$A24)*설정!$C$14 | P24: =SUM(D24:O24)
A25: D600 | B25: =IFERROR(INDEX(부서매핑!$D$5:$D$504,MATCH($A25,부서매핑!$C$5:$C$504,0)),"") | C25: 실적 | D25: =IF(D$5>설정!$C$7,"",SUMIFS(실적_원본!$N$5:$N$100000,실적_원본!$L$5:$L$100000,설정!$C$6,실적_원본!$M$5:$M$100000,D$5,실적_원본!$J$5:$J$100000,$A25)) | E25: =IF(E$5>설정!$C$7,"",SUMIFS(실적_원본!$N$5:$N$100000,실적_원본!$L$5:$L$100000,설정!$C$6,실적_원본!$M$5:$M$100000,E$5,실적_원본!$J$5:$J$100000,$A25)) | F25: =IF(F$5>설정!$C$7,"",SUMIFS(실적_원본!$N$5:$N$100000,실적_원본!$L$5:$L$100000,설정!$C$6,실적_원본!$M$5:$M$100000,F$5,실적_원본!$J$5:$J$100000,$A25)) | G25: =IF(G$5>설정!$C$7,"",SUMIFS(실적_원본!$N$5:$N$100000,실적_원본!$L$5:$L$100000,설정!$C$6,실적_원본!$M$5:$M$100000,G$5,실적_원본!$J$5:$J$100000,$A25)) | H25: =IF(H$5>설정!$C$7,"",SUMIFS(실적_원본!$N$5:$N$100000,실적_원본!$L$5:$L$100000,설정!$C$6,실적_원본!$M$5:$M$100000,H$5,실적_원본!$J$5:$J$100000,$A25)) | I25: =IF(I$5>설정!$C$7,"",SUMIFS(실적_원본!$N$5:$N$100000,실적_원본!$L$5:$L$100000,설정!$C$6,실적_원본!$M$5:$M$100000,I$5,실적_원본!$J$5:$J$100000,$A25)) | J25: =IF(J$5>설정!$C$7,"",SUMIFS(실적_원본!$N$5:$N$100000,실적_원본!$L$5:$L$100000,설정!$C$6,실적_원본!$M$5:$M$100000,J$5,실적_원본!$J$5:$J$100000,$A25)) | K25: =IF(K$5>설정!$C$7,"",SUMIFS(실적_원본!$N$5:$N$100000,실적_원본!$L$5:$L$100000,설정!$C$6,실적_원본!$M$5:$M$100000,K$5,실적_원본!$J$5:$J$100000,$A25)) | ... O25: =IF(O$5>설정!$C$7,"",SUMIFS(실적_원본!$N$5:$N$100000,실적_원본!$L$5:$L$100000,설정!$C$6,실적_원본!$M$5:$M$100000,O$5,실적_원본!$J$5:$J$100000,$A25)) | P25: =SUM(D25:O25)
A26: D600 | B26: =IFERROR(INDEX(부서매핑!$D$5:$D$504,MATCH($A26,부서매핑!$C$5:$C$504,0)),"") | C26: 전년실적 | D26: =SUMIFS(실적_원본!$N$5:$N$100000,실적_원본!$L$5:$L$100000,설정!$C$6-1,실적_원본!$M$5:$M$100000,D$5,실적_원본!$J$5:$J$100000,$A26) | E26: =SUMIFS(실적_원본!$N$5:$N$100000,실적_원본!$L$5:$L$100000,설정!$C$6-1,실적_원본!$M$5:$M$100000,E$5,실적_원본!$J$5:$J$100000,$A26) | F26: =SUMIFS(실적_원본!$N$5:$N$100000,실적_원본!$L$5:$L$100000,설정!$C$6-1,실적_원본!$M$5:$M$100000,F$5,실적_원본!$J$5:$J$100000,$A26) | G26: =SUMIFS(실적_원본!$N$5:$N$100000,실적_원본!$L$5:$L$100000,설정!$C$6-1,실적_원본!$M$5:$M$100000,G$5,실적_원본!$J$5:$J$100000,$A26) | H26: =SUMIFS(실적_원본!$N$5:$N$100000,실적_원본!$L$5:$L$100000,설정!$C$6-1,실적_원본!$M$5:$M$100000,H$5,실적_원본!$J$5:$J$100000,$A26) | I26: =SUMIFS(실적_원본!$N$5:$N$100000,실적_원본!$L$5:$L$100000,설정!$C$6-1,실적_원본!$M$5:$M$100000,I$5,실적_원본!$J$5:$J$100000,$A26) | J26: =SUMIFS(실적_원본!$N$5:$N$100000,실적_원본!$L$5:$L$100000,설정!$C$6-1,실적_원본!$M$5:$M$100000,J$5,실적_원본!$J$5:$J$100000,$A26) | K26: =SUMIFS(실적_원본!$N$5:$N$100000,실적_원본!$L$5:$L$100000,설정!$C$6-1,실적_원본!$M$5:$M$100000,K$5,실적_원본!$J$5:$J$100000,$A26) | ... O26: =SUMIFS(실적_원본!$N$5:$N$100000,실적_원본!$L$5:$L$100000,설정!$C$6-1,실적_원본!$M$5:$M$100000,O$5,실적_원본!$J$5:$J$100000,$A26) | P26: =SUM(D26:O26)
A27: D700 | B27: =IFERROR(INDEX(부서매핑!$D$5:$D$504,MATCH($A27,부서매핑!$C$5:$C$504,0)),"") | C27: 예산 | D27: =SUMIFS(예산_원본!$G$5:$G$3004,예산_원본!$B$5:$B$3004,설정!$C$8,예산_원본!$U$5:$U$3004,설정!$C$6,예산_원본!$C$5:$C$3004,$A27)*설정!$C$14 | E27: =SUMIFS(예산_원본!$H$5:$H$3004,예산_원본!$B$5:$B$3004,설정!$C$8,예산_원본!$U$5:$U$3004,설정!$C$6,예산_원본!$C$5:$C$3004,$A27)*설정!$C$14 | F27: =SUMIFS(예산_원본!$I$5:$I$3004,예산_원본!$B$5:$B$3004,설정!$C$8,예산_원본!$U$5:$U$3004,설정!$C$6,예산_원본!$C$5:$C$3004,$A27)*설정!$C$14 | G27: =SUMIFS(예산_원본!$J$5:$J$3004,예산_원본!$B$5:$B$3004,설정!$C$8,예산_원본!$U$5:$U$3004,설정!$C$6,예산_원본!$C$5:$C$3004,$A27)*설정!$C$14 | H27: =SUMIFS(예산_원본!$K$5:$K$3004,예산_원본!$B$5:$B$3004,설정!$C$8,예산_원본!$U$5:$U$3004,설정!$C$6,예산_원본!$C$5:$C$3004,$A27)*설정!$C$14 | I27: =SUMIFS(예산_원본!$L$5:$L$3004,예산_원본!$B$5:$B$3004,설정!$C$8,예산_원본!$U$5:$U$3004,설정!$C$6,예산_원본!$C$5:$C$3004,$A27)*설정!$C$14 | J27: =SUMIFS(예산_원본!$M$5:$M$3004,예산_원본!$B$5:$B$3004,설정!$C$8,예산_원본!$U$5:$U$3004,설정!$C$6,예산_원본!$C$5:$C$3004,$A27)*설정!$C$14 | K27: =SUMIFS(예산_원본!$N$5:$N$3004,예산_원본!$B$5:$B$3004,설정!$C$8,예산_원본!$U$5:$U$3004,설정!$C$6,예산_원본!$C$5:$C$3004,$A27)*설정!$C$14 | L27: =SUMIFS(예산_원본!$O$5:$O$3004,예산_원본!$B$5:$B$3004,설정!$C$8,예산_원본!$U$5:$U$3004,설정!$C$6,예산_원본!$C$5:$C$3004,$A27)*설정!$C$14 | M27: =SUMIFS(예산_원본!$P$5:$P$3004,예산_원본!$B$5:$B$3004,설정!$C$8,예산_원본!$U$5:$U$3004,설정!$C$6,예산_원본!$C$5:$C$3004,$A27)*설정!$C$14 | N27: =SUMIFS(예산_원본!$Q$5:$Q$3004,예산_원본!$B$5:$B$3004,설정!$C$8,예산_원본!$U$5:$U$3004,설정!$C$6,예산_원본!$C$5:$C$3004,$A27)*설정!$C$14 | O27: =SUMIFS(예산_원본!$R$5:$R$3004,예산_원본!$B$5:$B$3004,설정!$C$8,예산_원본!$U$5:$U$3004,설정!$C$6,예산_원본!$C$5:$C$3004,$A27)*설정!$C$14 | P27: =SUM(D27:O27)
A28: D700 | B28: =IFERROR(INDEX(부서매핑!$D$5:$D$504,MATCH($A28,부서매핑!$C$5:$C$504,0)),"") | C28: 실적 | D28: =IF(D$5>설정!$C$7,"",SUMIFS(실적_원본!$N$5:$N$100000,실적_원본!$L$5:$L$100000,설정!$C$6,실적_원본!$M$5:$M$100000,D$5,실적_원본!$J$5:$J$100000,$A28)) | E28: =IF(E$5>설정!$C$7,"",SUMIFS(실적_원본!$N$5:$N$100000,실적_원본!$L$5:$L$100000,설정!$C$6,실적_원본!$M$5:$M$100000,E$5,실적_원본!$J$5:$J$100000,$A28)) | F28: =IF(F$5>설정!$C$7,"",SUMIFS(실적_원본!$N$5:$N$100000,실적_원본!$L$5:$L$100000,설정!$C$6,실적_원본!$M$5:$M$100000,F$5,실적_원본!$J$5:$J$100000,$A28)) | G28: =IF(G$5>설정!$C$7,"",SUMIFS(실적_원본!$N$5:$N$100000,실적_원본!$L$5:$L$100000,설정!$C$6,실적_원본!$M$5:$M$100000,G$5,실적_원본!$J$5:$J$100000,$A28)) | H28: =IF(H$5>설정!$C$7,"",SUMIFS(실적_원본!$N$5:$N$100000,실적_원본!$L$5:$L$100000,설정!$C$6,실적_원본!$M$5:$M$100000,H$5,실적_원본!$J$5:$J$100000,$A28)) | I28: =IF(I$5>설정!$C$7,"",SUMIFS(실적_원본!$N$5:$N$100000,실적_원본!$L$5:$L$100000,설정!$C$6,실적_원본!$M$5:$M$100000,I$5,실적_원본!$J$5:$J$100000,$A28)) | J28: =IF(J$5>설정!$C$7,"",SUMIFS(실적_원본!$N$5:$N$100000,실적_원본!$L$5:$L$100000,설정!$C$6,실적_원본!$M$5:$M$100000,J$5,실적_원본!$J$5:$J$100000,$A28)) | K28: =IF(K$5>설정!$C$7,"",SUMIFS(실적_원본!$N$5:$N$100000,실적_원본!$L$5:$L$100000,설정!$C$6,실적_원본!$M$5:$M$100000,K$5,실적_원본!$J$5:$J$100000,$A28)) | ... O28: =IF(O$5>설정!$C$7,"",SUMIFS(실적_원본!$N$5:$N$100000,실적_원본!$L$5:$L$100000,설정!$C$6,실적_원본!$M$5:$M$100000,O$5,실적_원본!$J$5:$J$100000,$A28)) | P28: =SUM(D28:O28)
A29: D700 | B29: =IFERROR(INDEX(부서매핑!$D$5:$D$504,MATCH($A29,부서매핑!$C$5:$C$504,0)),"") | C29: 전년실적 | D29: =SUMIFS(실적_원본!$N$5:$N$100000,실적_원본!$L$5:$L$100000,설정!$C$6-1,실적_원본!$M$5:$M$100000,D$5,실적_원본!$J$5:$J$100000,$A29) | E29: =SUMIFS(실적_원본!$N$5:$N$100000,실적_원본!$L$5:$L$100000,설정!$C$6-1,실적_원본!$M$5:$M$100000,E$5,실적_원본!$J$5:$J$100000,$A29) | F29: =SUMIFS(실적_원본!$N$5:$N$100000,실적_원본!$L$5:$L$100000,설정!$C$6-1,실적_원본!$M$5:$M$100000,F$5,실적_원본!$J$5:$J$100000,$A29) | G29: =SUMIFS(실적_원본!$N$5:$N$100000,실적_원본!$L$5:$L$100000,설정!$C$6-1,실적_원본!$M$5:$M$100000,G$5,실적_원본!$J$5:$J$100000,$A29) | H29: =SUMIFS(실적_원본!$N$5:$N$100000,실적_원본!$L$5:$L$100000,설정!$C$6-1,실적_원본!$M$5:$M$100000,H$5,실적_원본!$J$5:$J$100000,$A29) | I29: =SUMIFS(실적_원본!$N$5:$N$100000,실적_원본!$L$5:$L$100000,설정!$C$6-1,실적_원본!$M$5:$M$100000,I$5,실적_원본!$J$5:$J$100000,$A29) | J29: =SUMIFS(실적_원본!$N$5:$N$100000,실적_원본!$L$5:$L$100000,설정!$C$6-1,실적_원본!$M$5:$M$100000,J$5,실적_원본!$J$5:$J$100000,$A29) | K29: =SUMIFS(실적_원본!$N$5:$N$100000,실적_원본!$L$5:$L$100000,설정!$C$6-1,실적_원본!$M$5:$M$100000,K$5,실적_원본!$J$5:$J$100000,$A29) | ... O29: =SUMIFS(실적_원본!$N$5:$N$100000,실적_원본!$L$5:$L$100000,설정!$C$6-1,실적_원본!$M$5:$M$100000,O$5,실적_원본!$J$5:$J$100000,$A29) | P29: =SUM(D29:O29)
A30: D800 | B30: =IFERROR(INDEX(부서매핑!$D$5:$D$504,MATCH($A30,부서매핑!$C$5:$C$504,0)),"") | C30: 예산 | D30: =SUMIFS(예산_원본!$G$5:$G$3004,예산_원본!$B$5:$B$3004,설정!$C$8,예산_원본!$U$5:$U$3004,설정!$C$6,예산_원본!$C$5:$C$3004,$A30)*설정!$C$14 | E30: =SUMIFS(예산_원본!$H$5:$H$3004,예산_원본!$B$5:$B$3004,설정!$C$8,예산_원본!$U$5:$U$3004,설정!$C$6,예산_원본!$C$5:$C$3004,$A30)*설정!$C$14 | F30: =SUMIFS(예산_원본!$I$5:$I$3004,예산_원본!$B$5:$B$3004,설정!$C$8,예산_원본!$U$5:$U$3004,설정!$C$6,예산_원본!$C$5:$C$3004,$A30)*설정!$C$14 | G30: =SUMIFS(예산_원본!$J$5:$J$3004,예산_원본!$B$5:$B$3004,설정!$C$8,예산_원본!$U$5:$U$3004,설정!$C$6,예산_원본!$C$5:$C$3004,$A30)*설정!$C$14 | H30: =SUMIFS(예산_원본!$K$5:$K$3004,예산_원본!$B$5:$B$3004,설정!$C$8,예산_원본!$U$5:$U$3004,설정!$C$6,예산_원본!$C$5:$C$3004,$A30)*설정!$C$14 | I30: =SUMIFS(예산_원본!$L$5:$L$3004,예산_원본!$B$5:$B$3004,설정!$C$8,예산_원본!$U$5:$U$3004,설정!$C$6,예산_원본!$C$5:$C$3004,$A30)*설정!$C$14 | J30: =SUMIFS(예산_원본!$M$5:$M$3004,예산_원본!$B$5:$B$3004,설정!$C$8,예산_원본!$U$5:$U$3004,설정!$C$6,예산_원본!$C$5:$C$3004,$A30)*설정!$C$14 | K30: =SUMIFS(예산_원본!$N$5:$N$3004,예산_원본!$B$5:$B$3004,설정!$C$8,예산_원본!$U$5:$U$3004,설정!$C$6,예산_원본!$C$5:$C$3004,$A30)*설정!$C$14 | L30: =SUMIFS(예산_원본!$O$5:$O$3004,예산_원본!$B$5:$B$3004,설정!$C$8,예산_원본!$U$5:$U$3004,설정!$C$6,예산_원본!$C$5:$C$3004,$A30)*설정!$C$14 | M30: =SUMIFS(예산_원본!$P$5:$P$3004,예산_원본!$B$5:$B$3004,설정!$C$8,예산_원본!$U$5:$U$3004,설정!$C$6,예산_원본!$C$5:$C$3004,$A30)*설정!$C$14 | N30: =SUMIFS(예산_원본!$Q$5:$Q$3004,예산_원본!$B$5:$B$3004,설정!$C$8,예산_원본!$U$5:$U$3004,설정!$C$6,예산_원본!$C$5:$C$3004,$A30)*설정!$C$14 | O30: =SUMIFS(예산_원본!$R$5:$R$3004,예산_원본!$B$5:$B$3004,설정!$C$8,예산_원본!$U$5:$U$3004,설정!$C$6,예산_원본!$C$5:$C$3004,$A30)*설정!$C$14 | P30: =SUM(D30:O30)
A31: D800 | B31: =IFERROR(INDEX(부서매핑!$D$5:$D$504,MATCH($A31,부서매핑!$C$5:$C$504,0)),"") | C31: 실적 | D31: =IF(D$5>설정!$C$7,"",SUMIFS(실적_원본!$N$5:$N$100000,실적_원본!$L$5:$L$100000,설정!$C$6,실적_원본!$M$5:$M$100000,D$5,실적_원본!$J$5:$J$100000,$A31)) | E31: =IF(E$5>설정!$C$7,"",SUMIFS(실적_원본!$N$5:$N$100000,실적_원본!$L$5:$L$100000,설정!$C$6,실적_원본!$M$5:$M$100000,E$5,실적_원본!$J$5:$J$100000,$A31)) | F31: =IF(F$5>설정!$C$7,"",SUMIFS(실적_원본!$N$5:$N$100000,실적_원본!$L$5:$L$100000,설정!$C$6,실적_원본!$M$5:$M$100000,F$5,실적_원본!$J$5:$J$100000,$A31)) | G31: =IF(G$5>설정!$C$7,"",SUMIFS(실적_원본!$N$5:$N$100000,실적_원본!$L$5:$L$100000,설정!$C$6,실적_원본!$M$5:$M$100000,G$5,실적_원본!$J$5:$J$100000,$A31)) | H31: =IF(H$5>설정!$C$7,"",SUMIFS(실적_원본!$N$5:$N$100000,실적_원본!$L$5:$L$100000,설정!$C$6,실적_원본!$M$5:$M$100000,H$5,실적_원본!$J$5:$J$100000,$A31)) | I31: =IF(I$5>설정!$C$7,"",SUMIFS(실적_원본!$N$5:$N$100000,실적_원본!$L$5:$L$100000,설정!$C$6,실적_원본!$M$5:$M$100000,I$5,실적_원본!$J$5:$J$100000,$A31)) | J31: =IF(J$5>설정!$C$7,"",SUMIFS(실적_원본!$N$5:$N$100000,실적_원본!$L$5:$L$100000,설정!$C$6,실적_원본!$M$5:$M$100000,J$5,실적_원본!$J$5:$J$100000,$A31)) | K31: =IF(K$5>설정!$C$7,"",SUMIFS(실적_원본!$N$5:$N$100000,실적_원본!$L$5:$L$100000,설정!$C$6,실적_원본!$M$5:$M$100000,K$5,실적_원본!$J$5:$J$100000,$A31)) | ... O31: =IF(O$5>설정!$C$7,"",SUMIFS(실적_원본!$N$5:$N$100000,실적_원본!$L$5:$L$100000,설정!$C$6,실적_원본!$M$5:$M$100000,O$5,실적_원본!$J$5:$J$100000,$A31)) | P31: =SUM(D31:O31)
A32: D800 | B32: =IFERROR(INDEX(부서매핑!$D$5:$D$504,MATCH($A32,부서매핑!$C$5:$C$504,0)),"") | C32: 전년실적 | D32: =SUMIFS(실적_원본!$N$5:$N$100000,실적_원본!$L$5:$L$100000,설정!$C$6-1,실적_원본!$M$5:$M$100000,D$5,실적_원본!$J$5:$J$100000,$A32) | E32: =SUMIFS(실적_원본!$N$5:$N$100000,실적_원본!$L$5:$L$100000,설정!$C$6-1,실적_원본!$M$5:$M$100000,E$5,실적_원본!$J$5:$J$100000,$A32) | F32: =SUMIFS(실적_원본!$N$5:$N$100000,실적_원본!$L$5:$L$100000,설정!$C$6-1,실적_원본!$M$5:$M$100000,F$5,실적_원본!$J$5:$J$100000,$A32) | G32: =SUMIFS(실적_원본!$N$5:$N$100000,실적_원본!$L$5:$L$100000,설정!$C$6-1,실적_원본!$M$5:$M$100000,G$5,실적_원본!$J$5:$J$100000,$A32) | H32: =SUMIFS(실적_원본!$N$5:$N$100000,실적_원본!$L$5:$L$100000,설정!$C$6-1,실적_원본!$M$5:$M$100000,H$5,실적_원본!$J$5:$J$100000,$A32) | I32: =SUMIFS(실적_원본!$N$5:$N$100000,실적_원본!$L$5:$L$100000,설정!$C$6-1,실적_원본!$M$5:$M$100000,I$5,실적_원본!$J$5:$J$100000,$A32) | J32: =SUMIFS(실적_원본!$N$5:$N$100000,실적_원본!$L$5:$L$100000,설정!$C$6-1,실적_원본!$M$5:$M$100000,J$5,실적_원본!$J$5:$J$100000,$A32) | K32: =SUMIFS(실적_원본!$N$5:$N$100000,실적_원본!$L$5:$L$100000,설정!$C$6-1,실적_원본!$M$5:$M$100000,K$5,실적_원본!$J$5:$J$100000,$A32) | ... O32: =SUMIFS(실적_원본!$N$5:$N$100000,실적_원본!$L$5:$L$100000,설정!$C$6-1,실적_원본!$M$5:$M$100000,O$5,실적_원본!$J$5:$J$100000,$A32) | P32: =SUM(D32:O32)

Sheet 집계
A1: 집계 (부서 × 예산항목)
A2: A·C열(파란색)만 입력 · 새 부서/항목은 매크로가 자동 추가 (매크로 없이 쓰면 직접 추가) · 차이 = 실적 − 예산
A3: ="기준: "&설정!$C$6&"년 "&설정!$C$7&"월 · 예산버전: "&설정!$C$8&" · 단위: "&설정!$C$11
D4: 합계 | F4: =SUM(F7:F506) | G4: =SUM(G7:G506) | H4: =SUM(H7:H506) | I4: =SUM(I7:I506) | J4: =SUM(J7:J506) | K4: =SUM(K7:K506) | L4: =IF(I4=0,0,J4/I4) | M4: =SUM(M7:M506) | N4: =SUM(N7:N506) | O4: =IF(M4=0,0,J4/M4) | P4: =SUM(P7:P506) | Q4: =SUM(Q7:Q506) | R4: =IF(P4=0,0,J4/P4-1)
A6: 부서코드 | B6: 부서명 | C6: 예산항목 코드 | D6: 예산항목명 | E6: 키 | F6: 당월예산 | G6: 당월실적 | H6: 당월차이 | I6: 누계예산 | J6: 누계실적 | K6: 누계차이 | L6: 누계 집행률 | M6: 연간예산 | N6: 잔여예산 | O6: 연간 소진율 | P6: 전년동기 누계실적 | Q6: 전년비 증감 | R6: 전년비 증감률 | S6: 판정 | T6: 원인·조치 코멘트 | U6: 예외점수 | V6: 초과점수
A7: D100 | B7: =IF($A7="","",IFERROR(INDEX(부서매핑!$D$5:$D$504,MATCH($A7,부서매핑!$C$5:$C$504,0)),"부서매핑 없음")) | C7: B01 | D7: =IF($A7="","",IFERROR(INDEX(계정매핑!$D$5:$D$504,MATCH($C7,계정매핑!$C$5:$C$504,0)),"항목매핑 없음")) | E7: =IF($A7="","",$A7&"|"&$C7) | F7: =IF($A7="","",SUMIFS(예산_원본!$W$5:$W$3004,예산_원본!$T$5:$T$3004,$E7,예산_원본!$B$5:$B$3004,설정!$C$8,예산_원본!$U$5:$U$3004,설정!$C$6)) | G7: =IF($A7="","",SUMIFS(실적_원본!$N$5:$N$100000,실적_원본!$O$5:$O$100000,$E7,실적_원본!$L$5:$L$100000,설정!$C$6,실적_원본!$M$5:$M$100000,설정!$C$7)) | H7: =IF($A7="","",G7-F7) | I7: =IF($A7="","",SUMIFS(예산_원본!$X$5:$X$3004,예산_원본!$T$5:$T$3004,$E7,예산_원본!$B$5:$B$3004,설정!$C$8,예산_원본!$U$5:$U$3004,설정!$C$6)) | J7: =IF($A7="","",SUMIFS(실적_원본!$N$5:$N$100000,실적_원본!$O$5:$O$100000,$E7,실적_원본!$L$5:$L$100000,설정!$C$6,실적_원본!$M$5:$M$100000,"<="&설정!$C$7)) | K7: =IF($A7="","",J7-I7) | L7: =IF($A7="","",IF(I7=0,0,J7/I7)) | M7: =IF($A7="","",SUMIFS(예산_원본!$V$5:$V$3004,예산_원본!$T$5:$T$3004,$E7,예산_원본!$B$5:$B$3004,설정!$C$8,예산_원본!$U$5:$U$3004,설정!$C$6)) | N7: =IF($A7="","",M7-J7) | O7: =IF($A7="","",IF(M7=0,0,J7/M7)) | P7: =IF($A7="","",SUMIFS(실적_원본!$N$5:$N$100000,실적_원본!$O$5:$O$100000,$E7,실적_원본!$L$5:$L$100000,설정!$C$6-1,실적_원본!$M$5:$M$100000,"<="&설정!$C$7)) | Q7: =IF($A7="","",J7-P7) | R7: =IF($A7="","",IF(P7=0,0,J7/P7-1)) | S7: =IF($A7="","",IF(AND(I7=0,J7<>0),"무예산집행",IF(ABS(K7)<설정!$C$13,"정상",IF(L7>1+설정!$C$12,"초과",IF(L7<1-설정!$C$12,"과소","정상"))))) | T7: =IF($A7="","",IFERROR(INDEX(코멘트!$E$5:$E$2004,MATCH(설정!$C$6&"|"&설정!$C$7&"|"&$E7,코멘트!$H$5:$H$2004,0)),"")) | U7: =IF($A7="","",IF(S7="정상",-1,ABS(K7)+ROW()/1000000)) | V7: =IF($A7="",0,K7+ROW()/1000000)
A8: D100 | B8: =IF($A8="","",IFERROR(INDEX(부서매핑!$D$5:$D$504,MATCH($A8,부서매핑!$C$5:$C$504,0)),"부서매핑 없음")) | C8: B02 | D8: =IF($A8="","",IFERROR(INDEX(계정매핑!$D$5:$D$504,MATCH($C8,계정매핑!$C$5:$C$504,0)),"항목매핑 없음")) | E8: =IF($A8="","",$A8&"|"&$C8) | F8: =IF($A8="","",SUMIFS(예산_원본!$W$5:$W$3004,예산_원본!$T$5:$T$3004,$E8,예산_원본!$B$5:$B$3004,설정!$C$8,예산_원본!$U$5:$U$3004,설정!$C$6)) | G8: =IF($A8="","",SUMIFS(실적_원본!$N$5:$N$100000,실적_원본!$O$5:$O$100000,$E8,실적_원본!$L$5:$L$100000,설정!$C$6,실적_원본!$M$5:$M$100000,설정!$C$7)) | H8: =IF($A8="","",G8-F8) | I8: =IF($A8="","",SUMIFS(예산_원본!$X$5:$X$3004,예산_원본!$T$5:$T$3004,$E8,예산_원본!$B$5:$B$3004,설정!$C$8,예산_원본!$U$5:$U$3004,설정!$C$6)) | J8: =IF($A8="","",SUMIFS(실적_원본!$N$5:$N$100000,실적_원본!$O$5:$O$100000,$E8,실적_원본!$L$5:$L$100000,설정!$C$6,실적_원본!$M$5:$M$100000,"<="&설정!$C$7)) | K8: =IF($A8="","",J8-I8) | L8: =IF($A8="","",IF(I8=0,0,J8/I8)) | M8: =IF($A8="","",SUMIFS(예산_원본!$V$5:$V$3004,예산_원본!$T$5:$T$3004,$E8,예산_원본!$B$5:$B$3004,설정!$C$8,예산_원본!$U$5:$U$3004,설정!$C$6)) | N8: =IF($A8="","",M8-J8) | O8: =IF($A8="","",IF(M8=0,0,J8/M8)) | P8: =IF($A8="","",SUMIFS(실적_원본!$N$5:$N$100000,실적_원본!$O$5:$O$100000,$E8,실적_원본!$L$5:$L$100000,설정!$C$6-1,실적_원본!$M$5:$M$100000,"<="&설정!$C$7)) | Q8: =IF($A8="","",J8-P8) | R8: =IF($A8="","",IF(P8=0,0,J8/P8-1)) | S8: =IF($A8="","",IF(AND(I8=0,J8<>0),"무예산집행",IF(ABS(K8)<설정!$C$13,"정상",IF(L8>1+설정!$C$12,"초과",IF(L8<1-설정!$C$12,"과소","정상"))))) | T8: =IF($A8="","",IFERROR(INDEX(코멘트!$E$5:$E$2004,MATCH(설정!$C$6&"|"&설정!$C$7&"|"&$E8,코멘트!$H$5:$H$2004,0)),"")) | U8: =IF($A8="","",IF(S8="정상",-1,ABS(K8)+ROW()/1000000)) | V8: =IF($A8="",0,K8+ROW()/1000000)
A9: D100 | B9: =IF($A9="","",IFERROR(INDEX(부서매핑!$D$5:$D$504,MATCH($A9,부서매핑!$C$5:$C$504,0)),"부서매핑 없음")) | C9: B03 | D9: =IF($A9="","",IFERROR(INDEX(계정매핑!$D$5:$D$504,MATCH($C9,계정매핑!$C$5:$C$504,0)),"항목매핑 없음")) | E9: =IF($A9="","",$A9&"|"&$C9) | F9: =IF($A9="","",SUMIFS(예산_원본!$W$5:$W$3004,예산_원본!$T$5:$T$3004,$E9,예산_원본!$B$5:$B$3004,설정!$C$8,예산_원본!$U$5:$U$3004,설정!$C$6)) | G9: =IF($A9="","",SUMIFS(실적_원본!$N$5:$N$100000,실적_원본!$O$5:$O$100000,$E9,실적_원본!$L$5:$L$100000,설정!$C$6,실적_원본!$M$5:$M$100000,설정!$C$7)) | H9: =IF($A9="","",G9-F9) | I9: =IF($A9="","",SUMIFS(예산_원본!$X$5:$X$3004,예산_원본!$T$5:$T$3004,$E9,예산_원본!$B$5:$B$3004,설정!$C$8,예산_원본!$U$5:$U$3004,설정!$C$6)) | J9: =IF($A9="","",SUMIFS(실적_원본!$N$5:$N$100000,실적_원본!$O$5:$O$100000,$E9,실적_원본!$L$5:$L$100000,설정!$C$6,실적_원본!$M$5:$M$100000,"<="&설정!$C$7)) | K9: =IF($A9="","",J9-I9) | L9: =IF($A9="","",IF(I9=0,0,J9/I9)) | M9: =IF($A9="","",SUMIFS(예산_원본!$V$5:$V$3004,예산_원본!$T$5:$T$3004,$E9,예산_원본!$B$5:$B$3004,설정!$C$8,예산_원본!$U$5:$U$3004,설정!$C$6)) | N9: =IF($A9="","",M9-J9) | O9: =IF($A9="","",IF(M9=0,0,J9/M9)) | P9: =IF($A9="","",SUMIFS(실적_원본!$N$5:$N$100000,실적_원본!$O$5:$O$100000,$E9,실적_원본!$L$5:$L$100000,설정!$C$6-1,실적_원본!$M$5:$M$100000,"<="&설정!$C$7)) | Q9: =IF($A9="","",J9-P9) | R9: =IF($A9="","",IF(P9=0,0,J9/P9-1)) | S9: =IF($A9="","",IF(AND(I9=0,J9<>0),"무예산집행",IF(ABS(K9)<설정!$C$13,"정상",IF(L9>1+설정!$C$12,"초과",IF(L9<1-설정!$C$12,"과소","정상"))))) | T9: =IF($A9="","",IFERROR(INDEX(코멘트!$E$5:$E$2004,MATCH(설정!$C$6&"|"&설정!$C$7&"|"&$E9,코멘트!$H$5:$H$2004,0)),"")) | U9: =IF($A9="","",IF(S9="정상",-1,ABS(K9)+ROW()/1000000)) | V9: =IF($A9="",0,K9+ROW()/1000000)
A10: D100 | B10: =IF($A10="","",IFERROR(INDEX(부서매핑!$D$5:$D$504,MATCH($A10,부서매핑!$C$5:$C$504,0)),"부서매핑 없음")) | C10: B05 | D10: =IF($A10="","",IFERROR(INDEX(계정매핑!$D$5:$D$504,MATCH($C10,계정매핑!$C$5:$C$504,0)),"항목매핑 없음")) | E10: =IF($A10="","",$A10&"|"&$C10) | F10: =IF($A10="","",SUMIFS(예산_원본!$W$5:$W$3004,예산_원본!$T$5:$T$3004,$E10,예산_원본!$B$5:$B$3004,설정!$C$8,예산_원본!$U$5:$U$3004,설정!$C$6)) | G10: =IF($A10="","",SUMIFS(실적_원본!$N$5:$N$100000,실적_원본!$O$5:$O$100000,$E10,실적_원본!$L$5:$L$100000,설정!$C$6,실적_원본!$M$5:$M$100000,설정!$C$7)) | H10: =IF($A10="","",G10-F10) | I10: =IF($A10="","",SUMIFS(예산_원본!$X$5:$X$3004,예산_원본!$T$5:$T$3004,$E10,예산_원본!$B$5:$B$3004,설정!$C$8,예산_원본!$U$5:$U$3004,설정!$C$6)) | J10: =IF($A10="","",SUMIFS(실적_원본!$N$5:$N$100000,실적_원본!$O$5:$O$100000,$E10,실적_원본!$L$5:$L$100000,설정!$C$6,실적_원본!$M$5:$M$100000,"<="&설정!$C$7)) | K10: =IF($A10="","",J10-I10) | L10: =IF($A10="","",IF(I10=0,0,J10/I10)) | M10: =IF($A10="","",SUMIFS(예산_원본!$V$5:$V$3004,예산_원본!$T$5:$T$3004,$E10,예산_원본!$B$5:$B$3004,설정!$C$8,예산_원본!$U$5:$U$3004,설정!$C$6)) | N10: =IF($A10="","",M10-J10) | O10: =IF($A10="","",IF(M10=0,0,J10/M10)) | P10: =IF($A10="","",SUMIFS(실적_원본!$N$5:$N$100000,실적_원본!$O$5:$O$100000,$E10,실적_원본!$L$5:$L$100000,설정!$C$6-1,실적_원본!$M$5:$M$100000,"<="&설정!$C$7)) | Q10: =IF($A10="","",J10-P10) | R10: =IF($A10="","",IF(P10=0,0,J10/P10-1)) | S10: =IF($A10="","",IF(AND(I10=0,J10<>0),"무예산집행",IF(ABS(K10)<설정!$C$13,"정상",IF(L10>1+설정!$C$12,"초과",IF(L10<1-설정!$C$12,"과소","정상"))))) | T10: =IF($A10="","",IFERROR(INDEX(코멘트!$E$5:$E$2004,MATCH(설정!$C$6&"|"&설정!$C$7&"|"&$E10,코멘트!$H$5:$H$2004,0)),"")) | U10: =IF($A10="","",IF(S10="정상",-1,ABS(K10)+ROW()/1000000)) | V10: =IF($A10="",0,K10+ROW()/1000000)
A11: D100 | B11: =IF($A11="","",IFERROR(INDEX(부서매핑!$D$5:$D$504,MATCH($A11,부서매핑!$C$5:$C$504,0)),"부서매핑 없음")) | C11: B06 | D11: =IF($A11="","",IFERROR(INDEX(계정매핑!$D$5:$D$504,MATCH($C11,계정매핑!$C$5:$C$504,0)),"항목매핑 없음")) | E11: =IF($A11="","",$A11&"|"&$C11) | F11: =IF($A11="","",SUMIFS(예산_원본!$W$5:$W$3004,예산_원본!$T$5:$T$3004,$E11,예산_원본!$B$5:$B$3004,설정!$C$8,예산_원본!$U$5:$U$3004,설정!$C$6)) | G11: =IF($A11="","",SUMIFS(실적_원본!$N$5:$N$100000,실적_원본!$O$5:$O$100000,$E11,실적_원본!$L$5:$L$100000,설정!$C$6,실적_원본!$M$5:$M$100000,설정!$C$7)) | H11: =IF($A11="","",G11-F11) | I11: =IF($A11="","",SUMIFS(예산_원본!$X$5:$X$3004,예산_원본!$T$5:$T$3004,$E11,예산_원본!$B$5:$B$3004,설정!$C$8,예산_원본!$U$5:$U$3004,설정!$C$6)) | J11: =IF($A11="","",SUMIFS(실적_원본!$N$5:$N$100000,실적_원본!$O$5:$O$100000,$E11,실적_원본!$L$5:$L$100000,설정!$C$6,실적_원본!$M$5:$M$100000,"<="&설정!$C$7)) | K11: =IF($A11="","",J11-I11) | L11: =IF($A11="","",IF(I11=0,0,J11/I11)) | M11: =IF($A11="","",SUMIFS(예산_원본!$V$5:$V$3004,예산_원본!$T$5:$T$3004,$E11,예산_원본!$B$5:$B$3004,설정!$C$8,예산_원본!$U$5:$U$3004,설정!$C$6)) | N11: =IF($A11="","",M11-J11) | O11: =IF($A11="","",IF(M11=0,0,J11/M11)) | P11: =IF($A11="","",SUMIFS(실적_원본!$N$5:$N$100000,실적_원본!$O$5:$O$100000,$E11,실적_원본!$L$5:$L$100000,설정!$C$6-1,실적_원본!$M$5:$M$100000,"<="&설정!$C$7)) | Q11: =IF($A11="","",J11-P11) | R11: =IF($A11="","",IF(P11=0,0,J11/P11-1)) | S11: =IF($A11="","",IF(AND(I11=0,J11<>0),"무예산집행",IF(ABS(K11)<설정!$C$13,"정상",IF(L11>1+설정!$C$12,"초과",IF(L11<1-설정!$C$12,"과소","정상"))))) | T11: =IF($A11="","",IFERROR(INDEX(코멘트!$E$5:$E$2004,MATCH(설정!$C$6&"|"&설정!$C$7&"|"&$E11,코멘트!$H$5:$H$2004,0)),"")) | U11: =IF($A11="","",IF(S11="정상",-1,ABS(K11)+ROW()/1000000)) | V11: =IF($A11="",0,K11+ROW()/1000000)
A12: D100 | B12: =IF($A12="","",IFERROR(INDEX(부서매핑!$D$5:$D$504,MATCH($A12,부서매핑!$C$5:$C$504,0)),"부서매핑 없음")) | C12: B09 | D12: =IF($A12="","",IFERROR(INDEX(계정매핑!$D$5:$D$504,MATCH($C12,계정매핑!$C$5:$C$504,0)),"항목매핑 없음")) | E12: =IF($A12="","",$A12&"|"&$C12) | F12: =IF($A12="","",SUMIFS(예산_원본!$W$5:$W$3004,예산_원본!$T$5:$T$3004,$E12,예산_원본!$B$5:$B$3004,설정!$C$8,예산_원본!$U$5:$U$3004,설정!$C$6)) | G12: =IF($A12="","",SUMIFS(실적_원본!$N$5:$N$100000,실적_원본!$O$5:$O$100000,$E12,실적_원본!$L$5:$L$100000,설정!$C$6,실적_원본!$M$5:$M$100000,설정!$C$7)) | H12: =IF($A12="","",G12-F12) | I12: =IF($A12="","",SUMIFS(예산_원본!$X$5:$X$3004,예산_원본!$T$5:$T$3004,$E12,예산_원본!$B$5:$B$3004,설정!$C$8,예산_원본!$U$5:$U$3004,설정!$C$6)) | J12: =IF($A12="","",SUMIFS(실적_원본!$N$5:$N$100000,실적_원본!$O$5:$O$100000,$E12,실적_원본!$L$5:$L$100000,설정!$C$6,실적_원본!$M$5:$M$100000,"<="&설정!$C$7)) | K12: =IF($A12="","",J12-I12) | L12: =IF($A12="","",IF(I12=0,0,J12/I12)) | M12: =IF($A12="","",SUMIFS(예산_원본!$V$5:$V$3004,예산_원본!$T$5:$T$3004,$E12,예산_원본!$B$5:$B$3004,설정!$C$8,예산_원본!$U$5:$U$3004,설정!$C$6)) | N12: =IF($A12="","",M12-J12) | O12: =IF($A12="","",IF(M12=0,0,J12/M12)) | P12: =IF($A12="","",SUMIFS(실적_원본!$N$5:$N$100000,실적_원본!$O$5:$O$100000,$E12,실적_원본!$L$5:$L$100000,설정!$C$6-1,실적_원본!$M$5:$M$100000,"<="&설정!$C$7)) | Q12: =IF($A12="","",J12-P12) | R12: =IF($A12="","",IF(P12=0,0,J12/P12-1)) | S12: =IF($A12="","",IF(AND(I12=0,J12<>0),"무예산집행",IF(ABS(K12)<설정!$C$13,"정상",IF(L12>1+설정!$C$12,"초과",IF(L12<1-설정!$C$12,"과소","정상"))))) | T12: =IF($A12="","",IFERROR(INDEX(코멘트!$E$5:$E$2004,MATCH(설정!$C$6&"|"&설정!$C$7&"|"&$E12,코멘트!$H$5:$H$2004,0)),"")) | U12: =IF($A12="","",IF(S12="정상",-1,ABS(K12)+ROW()/1000000)) | V12: =IF($A12="",0,K12+ROW()/1000000)
A13: D200 | B13: =IF($A13="","",IFERROR(INDEX(부서매핑!$D$5:$D$504,MATCH($A13,부서매핑!$C$5:$C$504,0)),"부서매핑 없음")) | C13: B01 | D13: =IF($A13="","",IFERROR(INDEX(계정매핑!$D$5:$D$504,MATCH($C13,계정매핑!$C$5:$C$504,0)),"항목매핑 없음")) | E13: =IF($A13="","",$A13&"|"&$C13) | F13: =IF($A13="","",SUMIFS(예산_원본!$W$5:$W$3004,예산_원본!$T$5:$T$3004,$E13,예산_원본!$B$5:$B$3004,설정!$C$8,예산_원본!$U$5:$U$3004,설정!$C$6)) | G13: =IF($A13="","",SUMIFS(실적_원본!$N$5:$N$100000,실적_원본!$O$5:$O$100000,$E13,실적_원본!$L$5:$L$100000,설정!$C$6,실적_원본!$M$5:$M$100000,설정!$C$7)) | H13: =IF($A13="","",G13-F13) | I13: =IF($A13="","",SUMIFS(예산_원본!$X$5:$X$3004,예산_원본!$T$5:$T$3004,$E13,예산_원본!$B$5:$B$3004,설정!$C$8,예산_원본!$U$5:$U$3004,설정!$C$6)) | J13: =IF($A13="","",SUMIFS(실적_원본!$N$5:$N$100000,실적_원본!$O$5:$O$100000,$E13,실적_원본!$L$5:$L$100000,설정!$C$6,실적_원본!$M$5:$M$100000,"<="&설정!$C$7)) | K13: =IF($A13="","",J13-I13) | L13: =IF($A13="","",IF(I13=0,0,J13/I13)) | M13: =IF($A13="","",SUMIFS(예산_원본!$V$5:$V$3004,예산_원본!$T$5:$T$3004,$E13,예산_원본!$B$5:$B$3004,설정!$C$8,예산_원본!$U$5:$U$3004,설정!$C$6)) | N13: =IF($A13="","",M13-J13) | O13: =IF($A13="","",IF(M13=0,0,J13/M13)) | P13: =IF($A13="","",SUMIFS(실적_원본!$N$5:$N$100000,실적_원본!$O$5:$O$100000,$E13,실적_원본!$L$5:$L$100000,설정!$C$6-1,실적_원본!$M$5:$M$100000,"<="&설정!$C$7)) | Q13: =IF($A13="","",J13-P13) | R13: =IF($A13="","",IF(P13=0,0,J13/P13-1)) | S13: =IF($A13="","",IF(AND(I13=0,J13<>0),"무예산집행",IF(ABS(K13)<설정!$C$13,"정상",IF(L13>1+설정!$C$12,"초과",IF(L13<1-설정!$C$12,"과소","정상"))))) | T13: =IF($A13="","",IFERROR(INDEX(코멘트!$E$5:$E$2004,MATCH(설정!$C$6&"|"&설정!$C$7&"|"&$E13,코멘트!$H$5:$H$2004,0)),"")) | U13: =IF($A13="","",IF(S13="정상",-1,ABS(K13)+ROW()/1000000)) | V13: =IF($A13="",0,K13+ROW()/1000000)
A14: D200 | B14: =IF($A14="","",IFERROR(INDEX(부서매핑!$D$5:$D$504,MATCH($A14,부서매핑!$C$5:$C$504,0)),"부서매핑 없음")) | C14: B02 | D14: =IF($A14="","",IFERROR(INDEX(계정매핑!$D$5:$D$504,MATCH($C14,계정매핑!$C$5:$C$504,0)),"항목매핑 없음")) | E14: =IF($A14="","",$A14&"|"&$C14) | F14: =IF($A14="","",SUMIFS(예산_원본!$W$5:$W$3004,예산_원본!$T$5:$T$3004,$E14,예산_원본!$B$5:$B$3004,설정!$C$8,예산_원본!$U$5:$U$3004,설정!$C$6)) | G14: =IF($A14="","",SUMIFS(실적_원본!$N$5:$N$100000,실적_원본!$O$5:$O$100000,$E14,실적_원본!$L$5:$L$100000,설정!$C$6,실적_원본!$M$5:$M$100000,설정!$C$7)) | H14: =IF($A14="","",G14-F14) | I14: =IF($A14="","",SUMIFS(예산_원본!$X$5:$X$3004,예산_원본!$T$5:$T$3004,$E14,예산_원본!$B$5:$B$3004,설정!$C$8,예산_원본!$U$5:$U$3004,설정!$C$6)) | J14: =IF($A14="","",SUMIFS(실적_원본!$N$5:$N$100000,실적_원본!$O$5:$O$100000,$E14,실적_원본!$L$5:$L$100000,설정!$C$6,실적_원본!$M$5:$M$100000,"<="&설정!$C$7)) | K14: =IF($A14="","",J14-I14) | L14: =IF($A14="","",IF(I14=0,0,J14/I14)) | M14: =IF($A14="","",SUMIFS(예산_원본!$V$5:$V$3004,예산_원본!$T$5:$T$3004,$E14,예산_원본!$B$5:$B$3004,설정!$C$8,예산_원본!$U$5:$U$3004,설정!$C$6)) | N14: =IF($A14="","",M14-J14) | O14: =IF($A14="","",IF(M14=0,0,J14/M14)) | P14: =IF($A14="","",SUMIFS(실적_원본!$N$5:$N$100000,실적_원본!$O$5:$O$100000,$E14,실적_원본!$L$5:$L$100000,설정!$C$6-1,실적_원본!$M$5:$M$100000,"<="&설정!$C$7)) | Q14: =IF($A14="","",J14-P14) | R14: =IF($A14="","",IF(P14=0,0,J14/P14-1)) | S14: =IF($A14="","",IF(AND(I14=0,J14<>0),"무예산집행",IF(ABS(K14)<설정!$C$13,"정상",IF(L14>1+설정!$C$12,"초과",IF(L14<1-설정!$C$12,"과소","정상"))))) | T14: =IF($A14="","",IFERROR(INDEX(코멘트!$E$5:$E$2004,MATCH(설정!$C$6&"|"&설정!$C$7&"|"&$E14,코멘트!$H$5:$H$2004,0)),"")) | U14: =IF($A14="","",IF(S14="정상",-1,ABS(K14)+ROW()/1000000)) | V14: =IF($A14="",0,K14+ROW()/1000000)
A15: D200 | B15: =IF($A15="","",IFERROR(INDEX(부서매핑!$D$5:$D$504,MATCH($A15,부서매핑!$C$5:$C$504,0)),"부서매핑 없음")) | C15: B03 | D15: =IF($A15="","",IFERROR(INDEX(계정매핑!$D$5:$D$504,MATCH($C15,계정매핑!$C$5:$C$504,0)),"항목매핑 없음")) | E15: =IF($A15="","",$A15&"|"&$C15) | F15: =IF($A15="","",SUMIFS(예산_원본!$W$5:$W$3004,예산_원본!$T$5:$T$3004,$E15,예산_원본!$B$5:$B$3004,설정!$C$8,예산_원본!$U$5:$U$3004,설정!$C$6)) | G15: =IF($A15="","",SUMIFS(실적_원본!$N$5:$N$100000,실적_원본!$O$5:$O$100000,$E15,실적_원본!$L$5:$L$100000,설정!$C$6,실적_원본!$M$5:$M$100000,설정!$C$7)) | H15: =IF($A15="","",G15-F15) | I15: =IF($A15="","",SUMIFS(예산_원본!$X$5:$X$3004,예산_원본!$T$5:$T$3004,$E15,예산_원본!$B$5:$B$3004,설정!$C$8,예산_원본!$U$5:$U$3004,설정!$C$6)) | J15: =IF($A15="","",SUMIFS(실적_원본!$N$5:$N$100000,실적_원본!$O$5:$O$100000,$E15,실적_원본!$L$5:$L$100000,설정!$C$6,실적_원본!$M$5:$M$100000,"<="&설정!$C$7)) | K15: =IF($A15="","",J15-I15) | L15: =IF($A15="","",IF(I15=0,0,J15/I15)) | M15: =IF($A15="","",SUMIFS(예산_원본!$V$5:$V$3004,예산_원본!$T$5:$T$3004,$E15,예산_원본!$B$5:$B$3004,설정!$C$8,예산_원본!$U$5:$U$3004,설정!$C$6)) | N15: =IF($A15="","",M15-J15) | O15: =IF($A15="","",IF(M15=0,0,J15/M15)) | P15: =IF($A15="","",SUMIFS(실적_원본!$N$5:$N$100000,실적_원본!$O$5:$O$100000,$E15,실적_원본!$L$5:$L$100000,설정!$C$6-1,실적_원본!$M$5:$M$100000,"<="&설정!$C$7)) | Q15: =IF($A15="","",J15-P15) | R15: =IF($A15="","",IF(P15=0,0,J15/P15-1)) | S15: =IF($A15="","",IF(AND(I15=0,J15<>0),"무예산집행",IF(ABS(K15)<설정!$C$13,"정상",IF(L15>1+설정!$C$12,"초과",IF(L15<1-설정!$C$12,"과소","정상"))))) | T15: =IF($A15="","",IFERROR(INDEX(코멘트!$E$5:$E$2004,MATCH(설정!$C$6&"|"&설정!$C$7&"|"&$E15,코멘트!$H$5:$H$2004,0)),"")) | U15: =IF($A15="","",IF(S15="정상",-1,ABS(K15)+ROW()/1000000)) | V15: =IF($A15="",0,K15+ROW()/1000000)
A16: D200 | B16: =IF($A16="","",IFERROR(INDEX(부서매핑!$D$5:$D$504,MATCH($A16,부서매핑!$C$5:$C$504,0)),"부서매핑 없음")) | C16: B05 | D16: =IF($A16="","",IFERROR(INDEX(계정매핑!$D$5:$D$504,MATCH($C16,계정매핑!$C$5:$C$504,0)),"항목매핑 없음")) | E16: =IF($A16="","",$A16&"|"&$C16) | F16: =IF($A16="","",SUMIFS(예산_원본!$W$5:$W$3004,예산_원본!$T$5:$T$3004,$E16,예산_원본!$B$5:$B$3004,설정!$C$8,예산_원본!$U$5:$U$3004,설정!$C$6)) | G16: =IF($A16="","",SUMIFS(실적_원본!$N$5:$N$100000,실적_원본!$O$5:$O$100000,$E16,실적_원본!$L$5:$L$100000,설정!$C$6,실적_원본!$M$5:$M$100000,설정!$C$7)) | H16: =IF($A16="","",G16-F16) | I16: =IF($A16="","",SUMIFS(예산_원본!$X$5:$X$3004,예산_원본!$T$5:$T$3004,$E16,예산_원본!$B$5:$B$3004,설정!$C$8,예산_원본!$U$5:$U$3004,설정!$C$6)) | J16: =IF($A16="","",SUMIFS(실적_원본!$N$5:$N$100000,실적_원본!$O$5:$O$100000,$E16,실적_원본!$L$5:$L$100000,설정!$C$6,실적_원본!$M$5:$M$100000,"<="&설정!$C$7)) | K16: =IF($A16="","",J16-I16) | L16: =IF($A16="","",IF(I16=0,0,J16/I16)) | M16: =IF($A16="","",SUMIFS(예산_원본!$V$5:$V$3004,예산_원본!$T$5:$T$3004,$E16,예산_원본!$B$5:$B$3004,설정!$C$8,예산_원본!$U$5:$U$3004,설정!$C$6)) | N16: =IF($A16="","",M16-J16) | O16: =IF($A16="","",IF(M16=0,0,J16/M16)) | P16: =IF($A16="","",SUMIFS(실적_원본!$N$5:$N$100000,실적_원본!$O$5:$O$100000,$E16,실적_원본!$L$5:$L$100000,설정!$C$6-1,실적_원본!$M$5:$M$100000,"<="&설정!$C$7)) | Q16: =IF($A16="","",J16-P16) | R16: =IF($A16="","",IF(P16=0,0,J16/P16-1)) | S16: =IF($A16="","",IF(AND(I16=0,J16<>0),"무예산집행",IF(ABS(K16)<설정!$C$13,"정상",IF(L16>1+설정!$C$12,"초과",IF(L16<1-설정!$C$12,"과소","정상"))))) | T16: =IF($A16="","",IFERROR(INDEX(코멘트!$E$5:$E$2004,MATCH(설정!$C$6&"|"&설정!$C$7&"|"&$E16,코멘트!$H$5:$H$2004,0)),"")) | U16: =IF($A16="","",IF(S16="정상",-1,ABS(K16)+ROW()/1000000)) | V16: =IF($A16="",0,K16+ROW()/1000000)
A17: D200 | B17: =IF($A17="","",IFERROR(INDEX(부서매핑!$D$5:$D$504,MATCH($A17,부서매핑!$C$5:$C$504,0)),"부서매핑 없음")) | C17: B09 | D17: =IF($A17="","",IFERROR(INDEX(계정매핑!$D$5:$D$504,MATCH($C17,계정매핑!$C$5:$C$504,0)),"항목매핑 없음")) | E17: =IF($A17="","",$A17&"|"&$C17) | F17: =IF($A17="","",SUMIFS(예산_원본!$W$5:$W$3004,예산_원본!$T$5:$T$3004,$E17,예산_원본!$B$5:$B$3004,설정!$C$8,예산_원본!$U$5:$U$3004,설정!$C$6)) | G17: =IF($A17="","",SUMIFS(실적_원본!$N$5:$N$100000,실적_원본!$O$5:$O$100000,$E17,실적_원본!$L$5:$L$100000,설정!$C$6,실적_원본!$M$5:$M$100000,설정!$C$7)) | H17: =IF($A17="","",G17-F17) | I17: =IF($A17="","",SUMIFS(예산_원본!$X$5:$X$3004,예산_원본!$T$5:$T$3004,$E17,예산_원본!$B$5:$B$3004,설정!$C$8,예산_원본!$U$5:$U$3004,설정!$C$6)) | J17: =IF($A17="","",SUMIFS(실적_원본!$N$5:$N$100000,실적_원본!$O$5:$O$100000,$E17,실적_원본!$L$5:$L$100000,설정!$C$6,실적_원본!$M$5:$M$100000,"<="&설정!$C$7)) | K17: =IF($A17="","",J17-I17) | L17: =IF($A17="","",IF(I17=0,0,J17/I17)) | M17: =IF($A17="","",SUMIFS(예산_원본!$V$5:$V$3004,예산_원본!$T$5:$T$3004,$E17,예산_원본!$B$5:$B$3004,설정!$C$8,예산_원본!$U$5:$U$3004,설정!$C$6)) | N17: =IF($A17="","",M17-J17) | O17: =IF($A17="","",IF(M17=0,0,J17/M17)) | P17: =IF($A17="","",SUMIFS(실적_원본!$N$5:$N$100000,실적_원본!$O$5:$O$100000,$E17,실적_원본!$L$5:$L$100000,설정!$C$6-1,실적_원본!$M$5:$M$100000,"<="&설정!$C$7)) | Q17: =IF($A17="","",J17-P17) | R17: =IF($A17="","",IF(P17=0,0,J17/P17-1)) | S17: =IF($A17="","",IF(AND(I17=0,J17<>0),"무예산집행",IF(ABS(K17)<설정!$C$13,"정상",IF(L17>1+설정!$C$12,"초과",IF(L17<1-설정!$C$12,"과소","정상"))))) | T17: =IF($A17="","",IFERROR(INDEX(코멘트!$E$5:$E$2004,MATCH(설정!$C$6&"|"&설정!$C$7&"|"&$E17,코멘트!$H$5:$H$2004,0)),"")) | U17: =IF($A17="","",IF(S17="정상",-1,ABS(K17)+ROW()/1000000)) | V17: =IF($A17="",0,K17+ROW()/1000000)
A18: D300 | B18: =IF($A18="","",IFERROR(INDEX(부서매핑!$D$5:$D$504,MATCH($A18,부서매핑!$C$5:$C$504,0)),"부서매핑 없음")) | C18: B01 | D18: =IF($A18="","",IFERROR(INDEX(계정매핑!$D$5:$D$504,MATCH($C18,계정매핑!$C$5:$C$504,0)),"항목매핑 없음")) | E18: =IF($A18="","",$A18&"|"&$C18) | F18: =IF($A18="","",SUMIFS(예산_원본!$W$5:$W$3004,예산_원본!$T$5:$T$3004,$E18,예산_원본!$B$5:$B$3004,설정!$C$8,예산_원본!$U$5:$U$3004,설정!$C$6)) | G18: =IF($A18="","",SUMIFS(실적_원본!$N$5:$N$100000,실적_원본!$O$5:$O$100000,$E18,실적_원본!$L$5:$L$100000,설정!$C$6,실적_원본!$M$5:$M$100000,설정!$C$7)) | H18: =IF($A18="","",G18-F18) | I18: =IF($A18="","",SUMIFS(예산_원본!$X$5:$X$3004,예산_원본!$T$5:$T$3004,$E18,예산_원본!$B$5:$B$3004,설정!$C$8,예산_원본!$U$5:$U$3004,설정!$C$6)) | J18: =IF($A18="","",SUMIFS(실적_원본!$N$5:$N$100000,실적_원본!$O$5:$O$100000,$E18,실적_원본!$L$5:$L$100000,설정!$C$6,실적_원본!$M$5:$M$100000,"<="&설정!$C$7)) | K18: =IF($A18="","",J18-I18) | L18: =IF($A18="","",IF(I18=0,0,J18/I18)) | M18: =IF($A18="","",SUMIFS(예산_원본!$V$5:$V$3004,예산_원본!$T$5:$T$3004,$E18,예산_원본!$B$5:$B$3004,설정!$C$8,예산_원본!$U$5:$U$3004,설정!$C$6)) | N18: =IF($A18="","",M18-J18) | O18: =IF($A18="","",IF(M18=0,0,J18/M18)) | P18: =IF($A18="","",SUMIFS(실적_원본!$N$5:$N$100000,실적_원본!$O$5:$O$100000,$E18,실적_원본!$L$5:$L$100000,설정!$C$6-1,실적_원본!$M$5:$M$100000,"<="&설정!$C$7)) | Q18: =IF($A18="","",J18-P18) | R18: =IF($A18="","",IF(P18=0,0,J18/P18-1)) | S18: =IF($A18="","",IF(AND(I18=0,J18<>0),"무예산집행",IF(ABS(K18)<설정!$C$13,"정상",IF(L18>1+설정!$C$12,"초과",IF(L18<1-설정!$C$12,"과소","정상"))))) | T18: =IF($A18="","",IFERROR(INDEX(코멘트!$E$5:$E$2004,MATCH(설정!$C$6&"|"&설정!$C$7&"|"&$E18,코멘트!$H$5:$H$2004,0)),"")) | U18: =IF($A18="","",IF(S18="정상",-1,ABS(K18)+ROW()/1000000)) | V18: =IF($A18="",0,K18+ROW()/1000000)
... A55: D800 | B55: =IF($A55="","",IFERROR(INDEX(부서매핑!$D$5:$D$504,MATCH($A55,부서매핑!$C$5:$C$504,0)),"부서매핑 없음")) | C55: B09 | D55: =IF($A55="","",IFERROR(INDEX(계정매핑!$D$5:$D$504,MATCH($C55,계정매핑!$C$5:$C$504,0)),"항목매핑 없음")) | E55: =IF($A55="","",$A55&"|"&$C55) | F55: =IF($A55="","",SUMIFS(예산_원본!$W$5:$W$3004,예산_원본!$T$5:$T$3004,$E55,예산_원본!$B$5:$B$3004,설정!$C$8,예산_원본!$U$5:$U$3004,설정!$C$6)) | G55: =IF($A55="","",SUMIFS(실적_원본!$N$5:$N$100000,실적_원본!$O$5:$O$100000,$E55,실적_원본!$L$5:$L$100000,설정!$C$6,실적_원본!$M$5:$M$100000,설정!$C$7)) | H55: =IF($A55="","",G55-F55) | I55: =IF($A55="","",SUMIFS(예산_원본!$X$5:$X$3004,예산_원본!$T$5:$T$3004,$E55,예산_원본!$B$5:$B$3004,설정!$C$8,예산_원본!$U$5:$U$3004,설정!$C$6)) | J55: =IF($A55="","",SUMIFS(실적_원본!$N$5:$N$100000,실적_원본!$O$5:$O$100000,$E55,실적_원본!$L$5:$L$100000,설정!$C$6,실적_원본!$M$5:$M$100000,"<="&설정!$C$7)) | K55: =IF($A55="","",J55-I55) | L55: =IF($A55="","",IF(I55=0,0,J55/I55)) | M55: =IF($A55="","",SUMIFS(예산_원본!$V$5:$V$3004,예산_원본!$T$5:$T$3004,$E55,예산_원본!$B$5:$B$3004,설정!$C$8,예산_원본!$U$5:$U$3004,설정!$C$6)) | N55: =IF($A55="","",M55-J55) | O55: =IF($A55="","",IF(M55=0,0,J55/M55)) | P55: =IF($A55="","",SUMIFS(실적_원본!$N$5:$N$100000,실적_원본!$O$5:$O$100000,$E55,실적_원본!$L$5:$L$100000,설정!$C$6-1,실적_원본!$M$5:$M$100000,"<="&설정!$C$7)) | Q55: =IF($A55="","",J55-P55) | R55: =IF($A55="","",IF(P55=0,0,J55/P55-1)) | S55: =IF($A55="","",IF(AND(I55=0,J55<>0),"무예산집행",IF(ABS(K55)<설정!$C$13,"정상",IF(L55>1+설정!$C$12,"초과",IF(L55<1-설정!$C$12,"과소","정상"))))) | T55: =IF($A55="","",IFERROR(INDEX(코멘트!$E$5:$E$2004,MATCH(설정!$C$6&"|"&설정!$C$7&"|"&$E55,코멘트!$H$5:$H$2004,0)),"")) | U55: =IF($A55="","",IF(S55="정상",-1,ABS(K55)+ROW()/1000000)) | V55: =IF($A55="",0,K55+ROW()/1000000)
B56: =IF($A56="","",IFERROR(INDEX(부서매핑!$D$5:$D$504,MATCH($A56,부서매핑!$C$5:$C$504,0)),"부서매핑 없음")) | D56: =IF($A56="","",IFERROR(INDEX(계정매핑!$D$5:$D$504,MATCH($C56,계정매핑!$C$5:$C$504,0)),"항목매핑 없음")) | E56: =IF($A56="","",$A56&"|"&$C56) | F56: =IF($A56="","",SUMIFS(예산_원본!$W$5:$W$3004,예산_원본!$T$5:$T$3004,$E56,예산_원본!$B$5:$B$3004,설정!$C$8,예산_원본!$U$5:$U$3004,설정!$C$6)) | G56: =IF($A56="","",SUMIFS(실적_원본!$N$5:$N$100000,실적_원본!$O$5:$O$100000,$E56,실적_원본!$L$5:$L$100000,설정!$C$6,실적_원본!$M$5:$M$100000,설정!$C$7)) | H56: =IF($A56="","",G56-F56) | I56: =IF($A56="","",SUMIFS(예산_원본!$X$5:$X$3004,예산_원본!$T$5:$T$3004,$E56,예산_원본!$B$5:$B$3004,설정!$C$8,예산_원본!$U$5:$U$3004,설정!$C$6)) | J56: =IF($A56="","",SUMIFS(실적_원본!$N$5:$N$100000,실적_원본!$O$5:$O$100000,$E56,실적_원본!$L$5:$L$100000,설정!$C$6,실적_원본!$M$5:$M$100000,"<="&설정!$C$7)) | K56: =IF($A56="","",J56-I56) | L56: =IF($A56="","",IF(I56=0,0,J56/I56)) | M56: =IF($A56="","",SUMIFS(예산_원본!$V$5:$V$3004,예산_원본!$T$5:$T$3004,$E56,예산_원본!$B$5:$B$3004,설정!$C$8,예산_원본!$U$5:$U$3004,설정!$C$6)) | N56: =IF($A56="","",M56-J56) | O56: =IF($A56="","",IF(M56=0,0,J56/M56)) | P56: =IF($A56="","",SUMIFS(실적_원본!$N$5:$N$100000,실적_원본!$O$5:$O$100000,$E56,실적_원본!$L$5:$L$100000,설정!$C$6-1,실적_원본!$M$5:$M$100000,"<="&설정!$C$7)) | Q56: =IF($A56="","",J56-P56) | R56: =IF($A56="","",IF(P56=0,0,J56/P56-1)) | S56: =IF($A56="","",IF(AND(I56=0,J56<>0),"무예산집행",IF(ABS(K56)<설정!$C$13,"정상",IF(L56>1+설정!$C$12,"초과",IF(L56<1-설정!$C$12,"과소","정상"))))) | T56: =IF($A56="","",IFERROR(INDEX(코멘트!$E$5:$E$2004,MATCH(설정!$C$6&"|"&설정!$C$7&"|"&$E56,코멘트!$H$5:$H$2004,0)),"")) | U56: =IF($A56="","",IF(S56="정상",-1,ABS(K56)+ROW()/1000000)) | V56: =IF($A56="",0,K56+ROW()/1000000)
B57: =IF($A57="","",IFERROR(INDEX(부서매핑!$D$5:$D$504,MATCH($A57,부서매핑!$C$5:$C$504,0)),"부서매핑 없음")) | D57: =IF($A57="","",IFERROR(INDEX(계정매핑!$D$5:$D$504,MATCH($C57,계정매핑!$C$5:$C$504,0)),"항목매핑 없음")) | E57: =IF($A57="","",$A57&"|"&$C57) | F57: =IF($A57="","",SUMIFS(예산_원본!$W$5:$W$3004,예산_원본!$T$5:$T$3004,$E57,예산_원본!$B$5:$B$3004,설정!$C$8,예산_원본!$U$5:$U$3004,설정!$C$6)) | G57: =IF($A57="","",SUMIFS(실적_원본!$N$5:$N$100000,실적_원본!$O$5:$O$100000,$E57,실적_원본!$L$5:$L$100000,설정!$C$6,실적_원본!$M$5:$M$100000,설정!$C$7)) | H57: =IF($A57="","",G57-F57) | I57: =IF($A57="","",SUMIFS(예산_원본!$X$5:$X$3004,예산_원본!$T$5:$T$3004,$E57,예산_원본!$B$5:$B$3004,설정!$C$8,예산_원본!$U$5:$U$3004,설정!$C$6)) | J57: =IF($A57="","",SUMIFS(실적_원본!$N$5:$N$100000,실적_원본!$O$5:$O$100000,$E57,실적_원본!$L$5:$L$100000,설정!$C$6,실적_원본!$M$5:$M$100000,"<="&설정!$C$7)) | K57: =IF($A57="","",J57-I57) | L57: =IF($A57="","",IF(I57=0,0,J57/I57)) | M57: =IF($A57="","",SUMIFS(예산_원본!$V$5:$V$3004,예산_원본!$T$5:$T$3004,$E57,예산_원본!$B$5:$B$3004,설정!$C$8,예산_원본!$U$5:$U$3004,설정!$C$6)) | N57: =IF($A57="","",M57-J57) | O57: =IF($A57="","",IF(M57=0,0,J57/M57)) | P57: =IF($A57="","",SUMIFS(실적_원본!$N$5:$N$100000,실적_원본!$O$5:$O$100000,$E57,실적_원본!$L$5:$L$100000,설정!$C$6-1,실적_원본!$M$5:$M$100000,"<="&설정!$C$7)) | Q57: =IF($A57="","",J57-P57) | R57: =IF($A57="","",IF(P57=0,0,J57/P57-1)) | S57: =IF($A57="","",IF(AND(I57=0,J57<>0),"무예산집행",IF(ABS(K57)<설정!$C$13,"정상",IF(L57>1+설정!$C$12,"초과",IF(L57<1-설정!$C$12,"과소","정상"))))) | T57: =IF($A57="","",IFERROR(INDEX(코멘트!$E$5:$E$2004,MATCH(설정!$C$6&"|"&설정!$C$7&"|"&$E57,코멘트!$H$5:$H$2004,0)),"")) | U57: =IF($A57="","",IF(S57="정상",-1,ABS(K57)+ROW()/1000000)) | V57: =IF($A57="",0,K57+ROW()/1000000)
B58: =IF($A58="","",IFERROR(INDEX(부서매핑!$D$5:$D$504,MATCH($A58,부서매핑!$C$5:$C$504,0)),"부서매핑 없음")) | D58: =IF($A58="","",IFERROR(INDEX(계정매핑!$D$5:$D$504,MATCH($C58,계정매핑!$C$5:$C$504,0)),"항목매핑 없음")) | E58: =IF($A58="","",$A58&"|"&$C58) | F58: =IF($A58="","",SUMIFS(예산_원본!$W$5:$W$3004,예산_원본!$T$5:$T$3004,$E58,예산_원본!$B$5:$B$3004,설정!$C$8,예산_원본!$U$5:$U$3004,설정!$C$6)) | G58: =IF($A58="","",SUMIFS(실적_원본!$N$5:$N$100000,실적_원본!$O$5:$O$100000,$E58,실적_원본!$L$5:$L$100000,설정!$C$6,실적_원본!$M$5:$M$100000,설정!$C$7)) | H58: =IF($A58="","",G58-F58) | I58: =IF($A58="","",SUMIFS(예산_원본!$X$5:$X$3004,예산_원본!$T$5:$T$3004,$E58,예산_원본!$B$5:$B$3004,설정!$C$8,예산_원본!$U$5:$U$3004,설정!$C$6)) | J58: =IF($A58="","",SUMIFS(실적_원본!$N$5:$N$100000,실적_원본!$O$5:$O$100000,$E58,실적_원본!$L$5:$L$100000,설정!$C$6,실적_원본!$M$5:$M$100000,"<="&설정!$C$7)) | K58: =IF($A58="","",J58-I58) | L58: =IF($A58="","",IF(I58=0,0,J58/I58)) | M58: =IF($A58="","",SUMIFS(예산_원본!$V$5:$V$3004,예산_원본!$T$5:$T$3004,$E58,예산_원본!$B$5:$B$3004,설정!$C$8,예산_원본!$U$5:$U$3004,설정!$C$6)) | N58: =IF($A58="","",M58-J58) | O58: =IF($A58="","",IF(M58=0,0,J58/M58)) | P58: =IF($A58="","",SUMIFS(실적_원본!$N$5:$N$100000,실적_원본!$O$5:$O$100000,$E58,실적_원본!$L$5:$L$100000,설정!$C$6-1,실적_원본!$M$5:$M$100000,"<="&설정!$C$7)) | Q58: =IF($A58="","",J58-P58) | R58: =IF($A58="","",IF(P58=0,0,J58/P58-1)) | S58: =IF($A58="","",IF(AND(I58=0,J58<>0),"무예산집행",IF(ABS(K58)<설정!$C$13,"정상",IF(L58>1+설정!$C$12,"초과",IF(L58<1-설정!$C$12,"과소","정상"))))) | T58: =IF($A58="","",IFERROR(INDEX(코멘트!$E$5:$E$2004,MATCH(설정!$C$6&"|"&설정!$C$7&"|"&$E58,코멘트!$H$5:$H$2004,0)),"")) | U58: =IF($A58="","",IF(S58="정상",-1,ABS(K58)+ROW()/1000000)) | V58: =IF($A58="",0,K58+ROW()/1000000)
B59: =IF($A59="","",IFERROR(INDEX(부서매핑!$D$5:$D$504,MATCH($A59,부서매핑!$C$5:$C$504,0)),"부서매핑 없음")) | D59: =IF($A59="","",IFERROR(INDEX(계정매핑!$D$5:$D$504,MATCH($C59,계정매핑!$C$5:$C$504,0)),"항목매핑 없음")) | E59: =IF($A59="","",$A59&"|"&$C59) | F59: =IF($A59="","",SUMIFS(예산_원본!$W$5:$W$3004,예산_원본!$T$5:$T$3004,$E59,예산_원본!$B$5:$B$3004,설정!$C$8,예산_원본!$U$5:$U$3004,설정!$C$6)) | G59: =IF($A59="","",SUMIFS(실적_원본!$N$5:$N$100000,실적_원본!$O$5:$O$100000,$E59,실적_원본!$L$5:$L$100000,설정!$C$6,실적_원본!$M$5:$M$100000,설정!$C$7)) | H59: =IF($A59="","",G59-F59) | I59: =IF($A59="","",SUMIFS(예산_원본!$X$5:$X$3004,예산_원본!$T$5:$T$3004,$E59,예산_원본!$B$5:$B$3004,설정!$C$8,예산_원본!$U$5:$U$3004,설정!$C$6)) | J59: =IF($A59="","",SUMIFS(실적_원본!$N$5:$N$100000,실적_원본!$O$5:$O$100000,$E59,실적_원본!$L$5:$L$100000,설정!$C$6,실적_원본!$M$5:$M$100000,"<="&설정!$C$7)) | K59: =IF($A59="","",J59-I59) | L59: =IF($A59="","",IF(I59=0,0,J59/I59)) | M59: =IF($A59="","",SUMIFS(예산_원본!$V$5:$V$3004,예산_원본!$T$5:$T$3004,$E59,예산_원본!$B$5:$B$3004,설정!$C$8,예산_원본!$U$5:$U$3004,설정!$C$6)) | N59: =IF($A59="","",M59-J59) | O59: =IF($A59="","",IF(M59=0,0,J59/M59)) | P59: =IF($A59="","",SUMIFS(실적_원본!$N$5:$N$100000,실적_원본!$O$5:$O$100000,$E59,실적_원본!$L$5:$L$100000,설정!$C$6-1,실적_원본!$M$5:$M$100000,"<="&설정!$C$7)) | Q59: =IF($A59="","",J59-P59) | R59: =IF($A59="","",IF(P59=0,0,J59/P59-1)) | S59: =IF($A59="","",IF(AND(I59=0,J59<>0),"무예산집행",IF(ABS(K59)<설정!$C$13,"정상",IF(L59>1+설정!$C$12,"초과",IF(L59<1-설정!$C$12,"과소","정상"))))) | T59: =IF($A59="","",IFERROR(INDEX(코멘트!$E$5:$E$2004,MATCH(설정!$C$6&"|"&설정!$C$7&"|"&$E59,코멘트!$H$5:$H$2004,0)),"")) | U59: =IF($A59="","",IF(S59="정상",-1,ABS(K59)+ROW()/1000000)) | V59: =IF($A59="",0,K59+ROW()/1000000)
B60: =IF($A60="","",IFERROR(INDEX(부서매핑!$D$5:$D$504,MATCH($A60,부서매핑!$C$5:$C$504,0)),"부서매핑 없음")) | D60: =IF($A60="","",IFERROR(INDEX(계정매핑!$D$5:$D$504,MATCH($C60,계정매핑!$C$5:$C$504,0)),"항목매핑 없음")) | E60: =IF($A60="","",$A60&"|"&$C60) | F60: =IF($A60="","",SUMIFS(예산_원본!$W$5:$W$3004,예산_원본!$T$5:$T$3004,$E60,예산_원본!$B$5:$B$3004,설정!$C$8,예산_원본!$U$5:$U$3004,설정!$C$6)) | G60: =IF($A60="","",SUMIFS(실적_원본!$N$5:$N$100000,실적_원본!$O$5:$O$100000,$E60,실적_원본!$L$5:$L$100000,설정!$C$6,실적_원본!$M$5:$M$100000,설정!$C$7)) | H60: =IF($A60="","",G60-F60) | I60: =IF($A60="","",SUMIFS(예산_원본!$X$5:$X$3004,예산_원본!$T$5:$T$3004,$E60,예산_원본!$B$5:$B$3004,설정!$C$8,예산_원본!$U$5:$U$3004,설정!$C$6)) | J60: =IF($A60="","",SUMIFS(실적_원본!$N$5:$N$100000,실적_원본!$O$5:$O$100000,$E60,실적_원본!$L$5:$L$100000,설정!$C$6,실적_원본!$M$5:$M$100000,"<="&설정!$C$7)) | K60: =IF($A60="","",J60-I60) | L60: =IF($A60="","",IF(I60=0,0,J60/I60)) | M60: =IF($A60="","",SUMIFS(예산_원본!$V$5:$V$3004,예산_원본!$T$5:$T$3004,$E60,예산_원본!$B$5:$B$3004,설정!$C$8,예산_원본!$U$5:$U$3004,설정!$C$6)) | N60: =IF($A60="","",M60-J60) | O60: =IF($A60="","",IF(M60=0,0,J60/M60)) | P60: =IF($A60="","",SUMIFS(실적_원본!$N$5:$N$100000,실적_원본!$O$5:$O$100000,$E60,실적_원본!$L$5:$L$100000,설정!$C$6-1,실적_원본!$M$5:$M$100000,"<="&설정!$C$7)) | Q60: =IF($A60="","",J60-P60) | R60: =IF($A60="","",IF(P60=0,0,J60/P60-1)) | S60: =IF($A60="","",IF(AND(I60=0,J60<>0),"무예산집행",IF(ABS(K60)<설정!$C$13,"정상",IF(L60>1+설정!$C$12,"초과",IF(L60<1-설정!$C$12,"과소","정상"))))) | T60: =IF($A60="","",IFERROR(INDEX(코멘트!$E$5:$E$2004,MATCH(설정!$C$6&"|"&설정!$C$7&"|"&$E60,코멘트!$H$5:$H$2004,0)),"")) | U60: =IF($A60="","",IF(S60="정상",-1,ABS(K60)+ROW()/1000000)) | V60: =IF($A60="",0,K60+ROW()/1000000)
B61: =IF($A61="","",IFERROR(INDEX(부서매핑!$D$5:$D$504,MATCH($A61,부서매핑!$C$5:$C$504,0)),"부서매핑 없음")) | D61: =IF($A61="","",IFERROR(INDEX(계정매핑!$D$5:$D$504,MATCH($C61,계정매핑!$C$5:$C$504,0)),"항목매핑 없음")) | E61: =IF($A61="","",$A61&"|"&$C61) | F61: =IF($A61="","",SUMIFS(예산_원본!$W$5:$W$3004,예산_원본!$T$5:$T$3004,$E61,예산_원본!$B$5:$B$3004,설정!$C$8,예산_원본!$U$5:$U$3004,설정!$C$6)) | G61: =IF($A61="","",SUMIFS(실적_원본!$N$5:$N$100000,실적_원본!$O$5:$O$100000,$E61,실적_원본!$L$5:$L$100000,설정!$C$6,실적_원본!$M$5:$M$100000,설정!$C$7)) | H61: =IF($A61="","",G61-F61) | I61: =IF($A61="","",SUMIFS(예산_원본!$X$5:$X$3004,예산_원본!$T$5:$T$3004,$E61,예산_원본!$B$5:$B$3004,설정!$C$8,예산_원본!$U$5:$U$3004,설정!$C$6)) | J61: =IF($A61="","",SUMIFS(실적_원본!$N$5:$N$100000,실적_원본!$O$5:$O$100000,$E61,실적_원본!$L$5:$L$100000,설정!$C$6,실적_원본!$M$5:$M$100000,"<="&설정!$C$7)) | K61: =IF($A61="","",J61-I61) | L61: =IF($A61="","",IF(I61=0,0,J61/I61)) | M61: =IF($A61="","",SUMIFS(예산_원본!$V$5:$V$3004,예산_원본!$T$5:$T$3004,$E61,예산_원본!$B$5:$B$3004,설정!$C$8,예산_원본!$U$5:$U$3004,설정!$C$6)) | N61: =IF($A61="","",M61-J61) | O61: =IF($A61="","",IF(M61=0,0,J61/M61)) | P61: =IF($A61="","",SUMIFS(실적_원본!$N$5:$N$100000,실적_원본!$O$5:$O$100000,$E61,실적_원본!$L$5:$L$100000,설정!$C$6-1,실적_원본!$M$5:$M$100000,"<="&설정!$C$7)) | Q61: =IF($A61="","",J61-P61) | R61: =IF($A61="","",IF(P61=0,0,J61/P61-1)) | S61: =IF($A61="","",IF(AND(I61=0,J61<>0),"무예산집행",IF(ABS(K61)<설정!$C$13,"정상",IF(L61>1+설정!$C$12,"초과",IF(L61<1-설정!$C$12,"과소","정상"))))) | T61: =IF($A61="","",IFERROR(INDEX(코멘트!$E$5:$E$2004,MATCH(설정!$C$6&"|"&설정!$C$7&"|"&$E61,코멘트!$H$5:$H$2004,0)),"")) | U61: =IF($A61="","",IF(S61="정상",-1,ABS(K61)+ROW()/1000000)) | V61: =IF($A61="",0,K61+ROW()/1000000)
B62: =IF($A62="","",IFERROR(INDEX(부서매핑!$D$5:$D$504,MATCH($A62,부서매핑!$C$5:$C$504,0)),"부서매핑 없음")) | D62: =IF($A62="","",IFERROR(INDEX(계정매핑!$D$5:$D$504,MATCH($C62,계정매핑!$C$5:$C$504,0)),"항목매핑 없음")) | E62: =IF($A62="","",$A62&"|"&$C62) | F62: =IF($A62="","",SUMIFS(예산_원본!$W$5:$W$3004,예산_원본!$T$5:$T$3004,$E62,예산_원본!$B$5:$B$3004,설정!$C$8,예산_원본!$U$5:$U$3004,설정!$C$6)) | G62: =IF($A62="","",SUMIFS(실적_원본!$N$5:$N$100000,실적_원본!$O$5:$O$100000,$E62,실적_원본!$L$5:$L$100000,설정!$C$6,실적_원본!$M$5:$M$100000,설정!$C$7)) | H62: =IF($A62="","",G62-F62) | I62: =IF($A62="","",SUMIFS(예산_원본!$X$5:$X$3004,예산_원본!$T$5:$T$3004,$E62,예산_원본!$B$5:$B$3004,설정!$C$8,예산_원본!$U$5:$U$3004,설정!$C$6)) | J62: =IF($A62="","",SUMIFS(실적_원본!$N$5:$N$100000,실적_원본!$O$5:$O$100000,$E62,실적_원본!$L$5:$L$100000,설정!$C$6,실적_원본!$M$5:$M$100000,"<="&설정!$C$7)) | K62: =IF($A62="","",J62-I62) | L62: =IF($A62="","",IF(I62=0,0,J62/I62)) | M62: =IF($A62="","",SUMIFS(예산_원본!$V$5:$V$3004,예산_원본!$T$5:$T$3004,$E62,예산_원본!$B$5:$B$3004,설정!$C$8,예산_원본!$U$5:$U$3004,설정!$C$6)) | N62: =IF($A62="","",M62-J62) | O62: =IF($A62="","",IF(M62=0,0,J62/M62)) | P62: =IF($A62="","",SUMIFS(실적_원본!$N$5:$N$100000,실적_원본!$O$5:$O$100000,$E62,실적_원본!$L$5:$L$100000,설정!$C$6-1,실적_원본!$M$5:$M$100000,"<="&설정!$C$7)) | Q62: =IF($A62="","",J62-P62) | R62: =IF($A62="","",IF(P62=0,0,J62/P62-1)) | S62: =IF($A62="","",IF(AND(I62=0,J62<>0),"무예산집행",IF(ABS(K62)<설정!$C$13,"정상",IF(L62>1+설정!$C$12,"초과",IF(L62<1-설정!$C$12,"과소","정상"))))) | T62: =IF($A62="","",IFERROR(INDEX(코멘트!$E$5:$E$2004,MATCH(설정!$C$6&"|"&설정!$C$7&"|"&$E62,코멘트!$H$5:$H$2004,0)),"")) | U62: =IF($A62="","",IF(S62="정상",-1,ABS(K62)+ROW()/1000000)) | V62: =IF($A62="",0,K62+ROW()/1000000)
B63: =IF($A63="","",IFERROR(INDEX(부서매핑!$D$5:$D$504,MATCH($A63,부서매핑!$C$5:$C$504,0)),"부서매핑 없음")) | D63: =IF($A63="","",IFERROR(INDEX(계정매핑!$D$5:$D$504,MATCH($C63,계정매핑!$C$5:$C$504,0)),"항목매핑 없음")) | E63: =IF($A63="","",$A63&"|"&$C63) | F63: =IF($A63="","",SUMIFS(예산_원본!$W$5:$W$3004,예산_원본!$T$5:$T$3004,$E63,예산_원본!$B$5:$B$3004,설정!$C$8,예산_원본!$U$5:$U$3004,설정!$C$6)) | G63: =IF($A63="","",SUMIFS(실적_원본!$N$5:$N$100000,실적_원본!$O$5:$O$100000,$E63,실적_원본!$L$5:$L$100000,설정!$C$6,실적_원본!$M$5:$M$100000,설정!$C$7)) | H63: =IF($A63="","",G63-F63) | I63: =IF($A63="","",SUMIFS(예산_원본!$X$5:$X$3004,예산_원본!$T$5:$T$3004,$E63,예산_원본!$B$5:$B$3004,설정!$C$8,예산_원본!$U$5:$U$3004,설정!$C$6)) | J63: =IF($A63="","",SUMIFS(실적_원본!$N$5:$N$100000,실적_원본!$O$5:$O$100000,$E63,실적_원본!$L$5:$L$100000,설정!$C$6,실적_원본!$M$5:$M$100000,"<="&설정!$C$7)) | K63: =IF($A63="","",J63-I63) | L63: =IF($A63="","",IF(I63=0,0,J63/I63)) | M63: =IF($A63="","",SUMIFS(예산_원본!$V$5:$V$3004,예산_원본!$T$5:$T$3004,$E63,예산_원본!$B$5:$B$3004,설정!$C$8,예산_원본!$U$5:$U$3004,설정!$C$6)) | N63: =IF($A63="","",M63-J63) | O63: =IF($A63="","",IF(M63=0,0,J63/M63)) | P63: =IF($A63="","",SUMIFS(실적_원본!$N$5:$N$100000,실적_원본!$O$5:$O$100000,$E63,실적_원본!$L$5:$L$100000,설정!$C$6-1,실적_원본!$M$5:$M$100000,"<="&설정!$C$7)) | Q63: =IF($A63="","",J63-P63) | R63: =IF($A63="","",IF(P63=0,0,J63/P63-1)) | S63: =IF($A63="","",IF(AND(I63=0,J63<>0),"무예산집행",IF(ABS(K63)<설정!$C$13,"정상",IF(L63>1+설정!$C$12,"초과",IF(L63<1-설정!$C$12,"과소","정상"))))) | T63: =IF($A63="","",IFERROR(INDEX(코멘트!$E$5:$E$2004,MATCH(설정!$C$6&"|"&설정!$C$7&"|"&$E63,코멘트!$H$5:$H$2004,0)),"")) | U63: =IF($A63="","",IF(S63="정상",-1,ABS(K63)+ROW()/1000000)) | V63: =IF($A63="",0,K63+ROW()/1000000)
B64: =IF($A64="","",IFERROR(INDEX(부서매핑!$D$5:$D$504,MATCH($A64,부서매핑!$C$5:$C$504,0)),"부서매핑 없음")) | D64: =IF($A64="","",IFERROR(INDEX(계정매핑!$D$5:$D$504,MATCH($C64,계정매핑!$C$5:$C$504,0)),"항목매핑 없음")) | E64: =IF($A64="","",$A64&"|"&$C64) | F64: =IF($A64="","",SUMIFS(예산_원본!$W$5:$W$3004,예산_원본!$T$5:$T$3004,$E64,예산_원본!$B$5:$B$3004,설정!$C$8,예산_원본!$U$5:$U$3004,설정!$C$6)) | G64: =IF($A64="","",SUMIFS(실적_원본!$N$5:$N$100000,실적_원본!$O$5:$O$100000,$E64,실적_원본!$L$5:$L$100000,설정!$C$6,실적_원본!$M$5:$M$100000,설정!$C$7)) | H64: =IF($A64="","",G64-F64) | I64: =IF($A64="","",SUMIFS(예산_원본!$X$5:$X$3004,예산_원본!$T$5:$T$3004,$E64,예산_원본!$B$5:$B$3004,설정!$C$8,예산_원본!$U$5:$U$3004,설정!$C$6)) | J64: =IF($A64="","",SUMIFS(실적_원본!$N$5:$N$100000,실적_원본!$O$5:$O$100000,$E64,실적_원본!$L$5:$L$100000,설정!$C$6,실적_원본!$M$5:$M$100000,"<="&설정!$C$7)) | K64: =IF($A64="","",J64-I64) | L64: =IF($A64="","",IF(I64=0,0,J64/I64)) | M64: =IF($A64="","",SUMIFS(예산_원본!$V$5:$V$3004,예산_원본!$T$5:$T$3004,$E64,예산_원본!$B$5:$B$3004,설정!$C$8,예산_원본!$U$5:$U$3004,설정!$C$6)) | N64: =IF($A64="","",M64-J64) | O64: =IF($A64="","",IF(M64=0,0,J64/M64)) | P64: =IF($A64="","",SUMIFS(실적_원본!$N$5:$N$100000,실적_원본!$O$5:$O$100000,$E64,실적_원본!$L$5:$L$100000,설정!$C$6-1,실적_원본!$M$5:$M$100000,"<="&설정!$C$7)) | Q64: =IF($A64="","",J64-P64) | R64: =IF($A64="","",IF(P64=0,0,J64/P64-1)) | S64: =IF($A64="","",IF(AND(I64=0,J64<>0),"무예산집행",IF(ABS(K64)<설정!$C$13,"정상",IF(L64>1+설정!$C$12,"초과",IF(L64<1-설정!$C$12,"과소","정상"))))) | T64: =IF($A64="","",IFERROR(INDEX(코멘트!$E$5:$E$2004,MATCH(설정!$C$6&"|"&설정!$C$7&"|"&$E64,코멘트!$H$5:$H$2004,0)),"")) | U64: =IF($A64="","",IF(S64="정상",-1,ABS(K64)+ROW()/1000000)) | V64: =IF($A64="",0,K64+ROW()/1000000)
B65: =IF($A65="","",IFERROR(INDEX(부서매핑!$D$5:$D$504,MATCH($A65,부서매핑!$C$5:$C$504,0)),"부서매핑 없음")) | D65: =IF($A65="","",IFERROR(INDEX(계정매핑!$D$5:$D$504,MATCH($C65,계정매핑!$C$5:$C$504,0)),"항목매핑 없음")) | E65: =IF($A65="","",$A65&"|"&$C65) | F65: =IF($A65="","",SUMIFS(예산_원본!$W$5:$W$3004,예산_원본!$T$5:$T$3004,$E65,예산_원본!$B$5:$B$3004,설정!$C$8,예산_원본!$U$5:$U$3004,설정!$C$6)) | G65: =IF($A65="","",SUMIFS(실적_원본!$N$5:$N$100000,실적_원본!$O$5:$O$100000,$E65,실적_원본!$L$5:$L$100000,설정!$C$6,실적_원본!$M$5:$M$100000,설정!$C$7)) | H65: =IF($A65="","",G65-F65) | I65: =IF($A65="","",SUMIFS(예산_원본!$X$5:$X$3004,예산_원본!$T$5:$T$3004,$E65,예산_원본!$B$5:$B$3004,설정!$C$8,예산_원본!$U$5:$U$3004,설정!$C$6)) | J65: =IF($A65="","",SUMIFS(실적_원본!$N$5:$N$100000,실적_원본!$O$5:$O$100000,$E65,실적_원본!$L$5:$L$100000,설정!$C$6,실적_원본!$M$5:$M$100000,"<="&설정!$C$7)) | K65: =IF($A65="","",J65-I65) | L65: =IF($A65="","",IF(I65=0,0,J65/I65)) | M65: =IF($A65="","",SUMIFS(예산_원본!$V$5:$V$3004,예산_원본!$T$5:$T$3004,$E65,예산_원본!$B$5:$B$3004,설정!$C$8,예산_원본!$U$5:$U$3004,설정!$C$6)) | N65: =IF($A65="","",M65-J65) | O65: =IF($A65="","",IF(M65=0,0,J65/M65)) | P65: =IF($A65="","",SUMIFS(실적_원본!$N$5:$N$100000,실적_원본!$O$5:$O$100000,$E65,실적_원본!$L$5:$L$100000,설정!$C$6-1,실적_원본!$M$5:$M$100000,"<="&설정!$C$7)) | Q65: =IF($A65="","",J65-P65) | R65: =IF($A65="","",IF(P65=0,0,J65/P65-1)) | S65: =IF($A65="","",IF(AND(I65=0,J65<>0),"무예산집행",IF(ABS(K65)<설정!$C$13,"정상",IF(L65>1+설정!$C$12,"초과",IF(L65<1-설정!$C$12,"과소","정상"))))) | T65: =IF($A65="","",IFERROR(INDEX(코멘트!$E$5:$E$2004,MATCH(설정!$C$6&"|"&설정!$C$7&"|"&$E65,코멘트!$H$5:$H$2004,0)),"")) | U65: =IF($A65="","",IF(S65="정상",-1,ABS(K65)+ROW()/1000000)) | V65: =IF($A65="",0,K65+ROW()/1000000)
B66: =IF($A66="","",IFERROR(INDEX(부서매핑!$D$5:$D$504,MATCH($A66,부서매핑!$C$5:$C$504,0)),"부서매핑 없음")) | D66: =IF($A66="","",IFERROR(INDEX(계정매핑!$D$5:$D$504,MATCH($C66,계정매핑!$C$5:$C$504,0)),"항목매핑 없음")) | E66: =IF($A66="","",$A66&"|"&$C66) | F66: =IF($A66="","",SUMIFS(예산_원본!$W$5:$W$3004,예산_원본!$T$5:$T$3004,$E66,예산_원본!$B$5:$B$3004,설정!$C$8,예산_원본!$U$5:$U$3004,설정!$C$6)) | G66: =IF($A66="","",SUMIFS(실적_원본!$N$5:$N$100000,실적_원본!$O$5:$O$100000,$E66,실적_원본!$L$5:$L$100000,설정!$C$6,실적_원본!$M$5:$M$100000,설정!$C$7)) | H66: =IF($A66="","",G66-F66) | I66: =IF($A66="","",SUMIFS(예산_원본!$X$5:$X$3004,예산_원본!$T$5:$T$3004,$E66,예산_원본!$B$5:$B$3004,설정!$C$8,예산_원본!$U$5:$U$3004,설정!$C$6)) | J66: =IF($A66="","",SUMIFS(실적_원본!$N$5:$N$100000,실적_원본!$O$5:$O$100000,$E66,실적_원본!$L$5:$L$100000,설정!$C$6,실적_원본!$M$5:$M$100000,"<="&설정!$C$7)) | K66: =IF($A66="","",J66-I66) | L66: =IF($A66="","",IF(I66=0,0,J66/I66)) | M66: =IF($A66="","",SUMIFS(예산_원본!$V$5:$V$3004,예산_원본!$T$5:$T$3004,$E66,예산_원본!$B$5:$B$3004,설정!$C$8,예산_원본!$U$5:$U$3004,설정!$C$6)) | N66: =IF($A66="","",M66-J66) | O66: =IF($A66="","",IF(M66=0,0,J66/M66)) | P66: =IF($A66="","",SUMIFS(실적_원본!$N$5:$N$100000,실적_원본!$O$5:$O$100000,$E66,실적_원본!$L$5:$L$100000,설정!$C$6-1,실적_원본!$M$5:$M$100000,"<="&설정!$C$7)) | Q66: =IF($A66="","",J66-P66) | R66: =IF($A66="","",IF(P66=0,0,J66/P66-1)) | S66: =IF($A66="","",IF(AND(I66=0,J66<>0),"무예산집행",IF(ABS(K66)<설정!$C$13,"정상",IF(L66>1+설정!$C$12,"초과",IF(L66<1-설정!$C$12,"과소","정상"))))) | T66: =IF($A66="","",IFERROR(INDEX(코멘트!$E$5:$E$2004,MATCH(설정!$C$6&"|"&설정!$C$7&"|"&$E66,코멘트!$H$5:$H$2004,0)),"")) | U66: =IF($A66="","",IF(S66="정상",-1,ABS(K66)+ROW()/1000000)) | V66: =IF($A66="",0,K66+ROW()/1000000)
B67: =IF($A67="","",IFERROR(INDEX(부서매핑!$D$5:$D$504,MATCH($A67,부서매핑!$C$5:$C$504,0)),"부서매핑 없음")) | D67: =IF($A67="","",IFERROR(INDEX(계정매핑!$D$5:$D$504,MATCH($C67,계정매핑!$C$5:$C$504,0)),"항목매핑 없음")) | E67: =IF($A67="","",$A67&"|"&$C67) | F67: =IF($A67="","",SUMIFS(예산_원본!$W$5:$W$3004,예산_원본!$T$5:$T$3004,$E67,예산_원본!$B$5:$B$3004,설정!$C$8,예산_원본!$U$5:$U$3004,설정!$C$6)) | G67: =IF($A67="","",SUMIFS(실적_원본!$N$5:$N$100000,실적_원본!$O$5:$O$100000,$E67,실적_원본!$L$5:$L$100000,설정!$C$6,실적_원본!$M$5:$M$100000,설정!$C$7)) | H67: =IF($A67="","",G67-F67) | I67: =IF($A67="","",SUMIFS(예산_원본!$X$5:$X$3004,예산_원본!$T$5:$T$3004,$E67,예산_원본!$B$5:$B$3004,설정!$C$8,예산_원본!$U$5:$U$3004,설정!$C$6)) | J67: =IF($A67="","",SUMIFS(실적_원본!$N$5:$N$100000,실적_원본!$O$5:$O$100000,$E67,실적_원본!$L$5:$L$100000,설정!$C$6,실적_원본!$M$5:$M$100000,"<="&설정!$C$7)) | K67: =IF($A67="","",J67-I67) | L67: =IF($A67="","",IF(I67=0,0,J67/I67)) | M67: =IF($A67="","",SUMIFS(예산_원본!$V$5:$V$3004,예산_원본!$T$5:$T$3004,$E67,예산_원본!$B$5:$B$3004,설정!$C$8,예산_원본!$U$5:$U$3004,설정!$C$6)) | N67: =IF($A67="","",M67-J67) | O67: =IF($A67="","",IF(M67=0,0,J67/M67)) | P67: =IF($A67="","",SUMIFS(실적_원본!$N$5:$N$100000,실적_원본!$O$5:$O$100000,$E67,실적_원본!$L$5:$L$100000,설정!$C$6-1,실적_원본!$M$5:$M$100000,"<="&설정!$C$7)) | Q67: =IF($A67="","",J67-P67) | R67: =IF($A67="","",IF(P67=0,0,J67/P67-1)) | S67: =IF($A67="","",IF(AND(I67=0,J67<>0),"무예산집행",IF(ABS(K67)<설정!$C$13,"정상",IF(L67>1+설정!$C$12,"초과",IF(L67<1-설정!$C$12,"과소","정상"))))) | T67: =IF($A67="","",IFERROR(INDEX(코멘트!$E$5:$E$2004,MATCH(설정!$C$6&"|"&설정!$C$7&"|"&$E67,코멘트!$H$5:$H$2004,0)),"")) | U67: =IF($A67="","",IF(S67="정상",-1,ABS(K67)+ROW()/1000000)) | V67: =IF($A67="",0,K67+ROW()/1000000)
... B95: =IF($A95="","",IFERROR(INDEX(부서매핑!$D$5:$D$504,MATCH($A95,부서매핑!$C$5:$C$504,0)),"부서매핑 없음")) | D95: =IF($A95="","",IFERROR(INDEX(계정매핑!$D$5:$D$504,MATCH($C95,계정매핑!$C$5:$C$504,0)),"항목매핑 없음")) | E95: =IF($A95="","",$A95&"|"&$C95) | F95: =IF($A95="","",SUMIFS(예산_원본!$W$5:$W$3004,예산_원본!$T$5:$T$3004,$E95,예산_원본!$B$5:$B$3004,설정!$C$8,예산_원본!$U$5:$U$3004,설정!$C$6)) | G95: =IF($A95="","",SUMIFS(실적_원본!$N$5:$N$100000,실적_원본!$O$5:$O$100000,$E95,실적_원본!$L$5:$L$100000,설정!$C$6,실적_원본!$M$5:$M$100000,설정!$C$7)) | H95: =IF($A95="","",G95-F95) | I95: =IF($A95="","",SUMIFS(예산_원본!$X$5:$X$3004,예산_원본!$T$5:$T$3004,$E95,예산_원본!$B$5:$B$3004,설정!$C$8,예산_원본!$U$5:$U$3004,설정!$C$6)) | J95: =IF($A95="","",SUMIFS(실적_원본!$N$5:$N$100000,실적_원본!$O$5:$O$100000,$E95,실적_원본!$L$5:$L$100000,설정!$C$6,실적_원본!$M$5:$M$100000,"<="&설정!$C$7)) | K95: =IF($A95="","",J95-I95) | L95: =IF($A95="","",IF(I95=0,0,J95/I95)) | M95: =IF($A95="","",SUMIFS(예산_원본!$V$5:$V$3004,예산_원본!$T$5:$T$3004,$E95,예산_원본!$B$5:$B$3004,설정!$C$8,예산_원본!$U$5:$U$3004,설정!$C$6)) | N95: =IF($A95="","",M95-J95) | O95: =IF($A95="","",IF(M95=0,0,J95/M95)) | P95: =IF($A95="","",SUMIFS(실적_원본!$N$5:$N$100000,실적_원본!$O$5:$O$100000,$E95,실적_원본!$L$5:$L$100000,설정!$C$6-1,실적_원본!$M$5:$M$100000,"<="&설정!$C$7)) | Q95: =IF($A95="","",J95-P95) | R95: =IF($A95="","",IF(P95=0,0,J95/P95-1)) | S95: =IF($A95="","",IF(AND(I95=0,J95<>0),"무예산집행",IF(ABS(K95)<설정!$C$13,"정상",IF(L95>1+설정!$C$12,"초과",IF(L95<1-설정!$C$12,"과소","정상"))))) | T95: =IF($A95="","",IFERROR(INDEX(코멘트!$E$5:$E$2004,MATCH(설정!$C$6&"|"&설정!$C$7&"|"&$E95,코멘트!$H$5:$H$2004,0)),"")) | U95: =IF($A95="","",IF(S95="정상",-1,ABS(K95)+ROW()/1000000)) | V95: =IF($A95="",0,K95+ROW()/1000000)

Sheet 코멘트
A1: 원인·조치 코멘트
A2: 기준연도·기준월이 같은 코멘트가 집계·요약·예외목록·리포트에 표시됩니다 · 월별로 계속 쌓아 두세요
A4: 연도 | B4: 월 | C4: 부서코드 | D4: 예산항목코드 | E4: 원인·조치 코멘트 | F4: 작성자 | G4: 작성일 | H4: 키
A5: 2026 | B5: 9 | C5: D500 | D5: B07 | E5: 3분기 신상품 출시 캠페인(TV·디지털) 집행 앞당김. 4분기 집행분에서 조정 예정 | F5: 마케팅팀 김OO | G5: 46300 | H5: =IF($A5="","",$A5&"|"&$B5&"|"&$C5&"|"&$D5)
A6: 2026 | B6: 9 | C6: D700 | D6: B10 | E6: 클라우드 사용량 증가, SW 유지보수 단가 인상(연 8%). 수정예산 반영 요청 | F6: IT운영팀 이OO | G6: 46300 | H6: =IF($A6="","",$A6&"|"&$B6&"|"&$C6&"|"&$D6)
A7: 2026 | B7: 9 | C7: D400 | D7: B09 | E7: 계리 검증 컨설팅 계약 지연 (11월 착수 예정) | F7: 상품개발팀 박OO | G7: 46300 | H7: =IF($A7="","",$A7&"|"&$B7&"|"&$C7&"|"&$D7)
A8: 2026 | B8: 9 | C8: D300 | D8: B08 | E8: 외부 위탁교육을 하반기에 집중 편성 | F8: 인사팀 최OO | G8: 46300 | H8: =IF($A8="","",$A8&"|"&$B8&"|"&$C8&"|"&$D8)
A9: 2026 | B9: 9 | C9: D300 | D9: B07 | E9: 경력 채용 공고비. 예산 미편성 항목으로 전용 승인 진행 중 | F9: 인사팀 최OO | G9: 46300 | H9: =IF($A9="","",$A9&"|"&$B9&"|"&$C9&"|"&$D9)
A10: 2026 | B10: 9 | C10: D600 | D10: B12 | E10: 지역본부 업무차량 정비비 일시 발생 | F10: 영업지원팀 정OO | G10: 46300 | H10: =IF($A10="","",$A10&"|"&$B10&"|"&$C10&"|"&$D10)
H11: =IF($A11="","",$A11&"|"&$B11&"|"&$C11&"|"&$D11)
H12: =IF($A12="","",$A12&"|"&$B12&"|"&$C12&"|"&$D12)
H13: =IF($A13="","",$A13&"|"&$B13&"|"&$C13&"|"&$D13)
H14: =IF($A14="","",$A14&"|"&$B14&"|"&$C14&"|"&$D14)
H15: =IF($A15="","",$A15&"|"&$B15&"|"&$C15&"|"&$D15)
H16: =IF($A16="","",$A16&"|"&$B16&"|"&$C16&"|"&$D16)
H17: =IF($A17="","",$A17&"|"&$B17&"|"&$C17&"|"&$D17)
H18: =IF($A18="","",$A18&"|"&$B18&"|"&$C18&"|"&$D18)
H19: =IF($A19="","",$A19&"|"&$B19&"|"&$C19&"|"&$D19)
H20: =IF($A20="","",$A20&"|"&$B20&"|"&$C20&"|"&$D20)
H21: =IF($A21="","",$A21&"|"&$B21&"|"&$C21&"|"&$D21)
H22: =IF($A22="","",$A22&"|"&$B22&"|"&$C22&"|"&$D22)
... H2004: =IF($A2004="","",$A2004&"|"&$B2004&"|"&$C2004&"|"&$D2004)

Sheet 마감이력
A1: 월마감 이력
A2: [월마감 저장] 매크로가 집계 결과를 값으로 보관합니다 · 같은 월을 다시 저장하면 덮어쓰기 확인
A4: 연도 | B4: 월 | C4: 부서코드 | D4: 부서명 | E4: 예산항목코드 | F4: 예산항목명 | G4: 누계예산 | H4: 누계실적 | I4: 누계차이 | J4: 집행률 | K4: 판정 | L4: 코멘트 | M4: 저장일시

Sheet 예산_원본
A1: 예산 원본
A2: A~R열: 붙여넣기/불러오기 (금액은 설정의 '예산_원본 금액단위') · T~Y열: 보조수식 (회색, 수정 금지)
A4: 연도 | B4: 예산버전 | C4: 부서코드 | D4: 부서명 | E4: 예산항목코드 | F4: 예산항목명 | G4: 1 | H4: 2 | I4: 3 | J4: 4 | K4: 5 | L4: 6 | M4: 7 | N4: 8 | O4: 9 | P4: 10 | Q4: 11 | R4: 12 | S4: 비고 | T4: 키 | U4: 연도(숫자) | V4: 연간예산 (보고단위) | W4: 당월예산 (보고단위) | X4: 누계예산 (보고단위) | Y4: 집계포함
A5: 2026 | B5: 본예산 | C5: D100 | D5: 경영기획팀 | E5: B01 | F5: 여비교통비 | G5: 3000 | H5: 3000 | I5: 3000 | J5: 3000 | K5: 3000 | L5: 3000 | M5: 3000 | N5: 3000 | O5: 3000 | P5: 3000 | Q5: 3000 | R5: 3000 | T5: =IF($A5="","",$C5&"|"&$E5) | U5: =IF($A5="","",VALUE($A5&"")) | V5: =IF($A5="","",SUM($G5:$R5)*설정!$C$14) | W5: =IF($A5="","",INDEX($G5:$R5,설정!$C$7)*설정!$C$14) | X5: =IF($A5="","",SUMPRODUCT(($G$4:$R$4<=설정!$C$7)*$G5:$R5)*설정!$C$14) | Y5: =IF($A5="","",IF(COUNTIF(집계!$E$7:$E$506,$T5)>0,"Y","N"))
A6: 2026 | B6: 본예산 | C6: D100 | D6: 경영기획팀 | E6: B02 | F6: 통신비 | G6: 800 | H6: 800 | I6: 800 | J6: 800 | K6: 800 | L6: 800 | M6: 800 | N6: 800 | O6: 800 | P6: 800 | Q6: 800 | R6: 800 | T6: =IF($A6="","",$C6&"|"&$E6) | U6: =IF($A6="","",VALUE($A6&"")) | V6: =IF($A6="","",SUM($G6:$R6)*설정!$C$14) | W6: =IF($A6="","",INDEX($G6:$R6,설정!$C$7)*설정!$C$14) | X6: =IF($A6="","",SUMPRODUCT(($G$4:$R$4<=설정!$C$7)*$G6:$R6)*설정!$C$14) | Y6: =IF($A6="","",IF(COUNTIF(집계!$E$7:$E$506,$T6)>0,"Y","N"))
A7: 2026 | B7: 본예산 | C7: D100 | D7: 경영기획팀 | E7: B03 | F7: 소모품비 | G7: 500 | H7: 500 | I7: 500 | J7: 500 | K7: 500 | L7: 500 | M7: 500 | N7: 500 | O7: 500 | P7: 500 | Q7: 500 | R7: 500 | T7: =IF($A7="","",$C7&"|"&$E7) | U7: =IF($A7="","",VALUE($A7&"")) | V7: =IF($A7="","",SUM($G7:$R7)*설정!$C$14) | W7: =IF($A7="","",INDEX($G7:$R7,설정!$C$7)*설정!$C$14) | X7: =IF($A7="","",SUMPRODUCT(($G$4:$R$4<=설정!$C$7)*$G7:$R7)*설정!$C$14) | Y7: =IF($A7="","",IF(COUNTIF(집계!$E$7:$E$506,$T7)>0,"Y","N"))
A8: 2026 | B8: 본예산 | C8: D100 | D8: 경영기획팀 | E8: B05 | F8: 회의비 | G8: 1000 | H8: 1000 | I8: 1000 | J8: 1000 | K8: 1000 | L8: 1000 | M8: 1000 | N8: 1000 | O8: 1000 | P8: 1000 | Q8: 1000 | R8: 1000 | T8: =IF($A8="","",$C8&"|"&$E8) | U8: =IF($A8="","",VALUE($A8&"")) | V8: =IF($A8="","",SUM($G8:$R8)*설정!$C$14) | W8: =IF($A8="","",INDEX($G8:$R8,설정!$C$7)*설정!$C$14) | X8: =IF($A8="","",SUMPRODUCT(($G$4:$R$4<=설정!$C$7)*$G8:$R8)*설정!$C$14) | Y8: =IF($A8="","",IF(COUNTIF(집계!$E$7:$E$506,$T8)>0,"Y","N"))
A9: 2026 | B9: 본예산 | C9: D100 | D9: 경영기획팀 | E9: B06 | F9: 업무추진비 | G9: 4000 | H9: 4000 | I9: 4000 | J9: 4000 | K9: 4000 | L9: 4000 | M9: 4000 | N9: 4000 | O9: 4000 | P9: 4000 | Q9: 4000 | R9: 4000 | T9: =IF($A9="","",$C9&"|"&$E9) | U9: =IF($A9="","",VALUE($A9&"")) | V9: =IF($A9="","",SUM($G9:$R9)*설정!$C$14) | W9: =IF($A9="","",INDEX($G9:$R9,설정!$C$7)*설정!$C$14) | X9: =IF($A9="","",SUMPRODUCT(($G$4:$R$4<=설정!$C$7)*$G9:$R9)*설정!$C$14) | Y9: =IF($A9="","",IF(COUNTIF(집계!$E$7:$E$506,$T9)>0,"Y","N"))
A10: 2026 | B10: 본예산 | C10: D100 | D10: 경영기획팀 | E10: B09 | F10: 지급수수료 | G10: 20000 | H10: 20000 | I10: 20000 | J10: 20000 | K10: 20000 | L10: 20000 | M10: 20000 | N10: 20000 | O10: 20000 | P10: 20000 | Q10: 20000 | R10: 20000 | T10: =IF($A10="","",$C10&"|"&$E10) | U10: =IF($A10="","",VALUE($A10&"")) | V10: =IF($A10="","",SUM($G10:$R10)*설정!$C$14) | W10: =IF($A10="","",INDEX($G10:$R10,설정!$C$7)*설정!$C$14) | X10: =IF($A10="","",SUMPRODUCT(($G$4:$R$4<=설정!$C$7)*$G10:$R10)*설정!$C$14) | Y10: =IF($A10="","",IF(COUNTIF(집계!$E$7:$E$506,$T10)>0,"Y","N"))
A11: 2026 | B11: 본예산 | C11: D200 | D11: 재무회계팀 | E11: B01 | F11: 여비교통비 | G11: 1500 | H11: 1500 | I11: 1500 | J11: 1500 | K11: 1500 | L11: 1500 | M11: 1500 | N11: 1500 | O11: 1500 | P11: 1500 | Q11: 1500 | R11: 1500 | T11: =IF($A11="","",$C11&"|"&$E11) | U11: =IF($A11="","",VALUE($A11&"")) | V11: =IF($A11="","",SUM($G11:$R11)*설정!$C$14) | W11: =IF($A11="","",INDEX($G11:$R11,설정!$C$7)*설정!$C$14) | X11: =IF($A11="","",SUMPRODUCT(($G$4:$R$4<=설정!$C$7)*$G11:$R11)*설정!$C$14) | Y11: =IF($A11="","",IF(COUNTIF(집계!$E$7:$E$506,$T11)>0,"Y","N"))
A12: 2026 | B12: 본예산 | C12: D200 | D12: 재무회계팀 | E12: B02 | F12: 통신비 | G12: 600 | H12: 600 | I12: 600 | J12: 600 | K12: 600 | L12: 600 | M12: 600 | N12: 600 | O12: 600 | P12: 600 | Q12: 600 | R12: 600 | T12: =IF($A12="","",$C12&"|"&$E12) | U12: =IF($A12="","",VALUE($A12&"")) | V12: =IF($A12="","",SUM($G12:$R12)*설정!$C$14) | W12: =IF($A12="","",INDEX($G12:$R12,설정!$C$7)*설정!$C$14) | X12: =IF($A12="","",SUMPRODUCT(($G$4:$R$4<=설정!$C$7)*$G12:$R12)*설정!$C$14) | Y12: =IF($A12="","",IF(COUNTIF(집계!$E$7:$E$506,$T12)>0,"Y","N"))
A13: 2026 | B13: 본예산 | C13: D200 | D13: 재무회계팀 | E13: B03 | F13: 소모품비 | G13: 600 | H13: 600 | I13: 600 | J13: 600 | K13: 600 | L13: 600 | M13: 600 | N13: 600 | O13: 600 | P13: 600 | Q13: 600 | R13: 600 | T13: =IF($A13="","",$C13&"|"&$E13) | U13: =IF($A13="","",VALUE($A13&"")) | V13: =IF($A13="","",SUM($G13:$R13)*설정!$C$14) | W13: =IF($A13="","",INDEX($G13:$R13,설정!$C$7)*설정!$C$14) | X13: =IF($A13="","",SUMPRODUCT(($G$4:$R$4<=설정!$C$7)*$G13:$R13)*설정!$C$14) | Y13: =IF($A13="","",IF(COUNTIF(집계!$E$7:$E$506,$T13)>0,"Y","N"))
A14: 2026 | B14: 본예산 | C14: D200 | D14: 재무회계팀 | E14: B05 | F14: 회의비 | G14: 500 | H14: 500 | I14: 500 | J14: 500 | K14: 500 | L14: 500 | M14: 500 | N14: 500 | O14: 500 | P14: 500 | Q14: 500 | R14: 500 | T14: =IF($A14="","",$C14&"|"&$E14) | U14: =IF($A14="","",VALUE($A14&"")) | V14: =IF($A14="","",SUM($G14:$R14)*설정!$C$14) | W14: =IF($A14="","",INDEX($G14:$R14,설정!$C$7)*설정!$C$14) | X14: =IF($A14="","",SUMPRODUCT(($G$4:$R$4<=설정!$C$7)*$G14:$R14)*설정!$C$14) | Y14: =IF($A14="","",IF(COUNTIF(집계!$E$7:$E$506,$T14)>0,"Y","N"))
A15: 2026 | B15: 본예산 | C15: D200 | D15: 재무회계팀 | E15: B09 | F15: 지급수수료 | G15: 35000 | H15: 35000 | I15: 35000 | J15: 35000 | K15: 35000 | L15: 35000 | M15: 35000 | N15: 35000 | O15: 35000 | P15: 35000 | Q15: 35000 | R15: 35000 | T15: =IF($A15="","",$C15&"|"&$E15) | U15: =IF($A15="","",VALUE($A15&"")) | V15: =IF($A15="","",SUM($G15:$R15)*설정!$C$14) | W15: =IF($A15="","",INDEX($G15:$R15,설정!$C$7)*설정!$C$14) | X15: =IF($A15="","",SUMPRODUCT(($G$4:$R$4<=설정!$C$7)*$G15:$R15)*설정!$C$14) | Y15: =IF($A15="","",IF(COUNTIF(집계!$E$7:$E$506,$T15)>0,"Y","N"))
A16: 2026 | B16: 본예산 | C16: D300 | D16: 인사팀 | E16: B01 | F16: 여비교통비 | G16: 2000 | H16: 2000 | I16: 2000 | J16: 2000 | K16: 2000 | L16: 2000 | M16: 2000 | N16: 2000 | O16: 2000 | P16: 2000 | Q16: 2000 | R16: 2000 | T16: =IF($A16="","",$C16&"|"&$E16) | U16: =IF($A16="","",VALUE($A16&"")) | V16: =IF($A16="","",SUM($G16:$R16)*설정!$C$14) | W16: =IF($A16="","",INDEX($G16:$R16,설정!$C$7)*설정!$C$14) | X16: =IF($A16="","",SUMPRODUCT(($G$4:$R$4<=설정!$C$7)*$G16:$R16)*설정!$C$14) | Y16: =IF($A16="","",IF(COUNTIF(집계!$E$7:$E$506,$T16)>0,"Y","N"))
... A52: 2026 | B52: 본예산 | C52: D800 | D52: 고객서비스팀 | E52: B09 | F52: 지급수수료 | G52: 50000 | H52: 50000 | I52: 50000 | J52: 50000 | K52: 50000 | L52: 50000 | M52: 50000 | N52: 50000 | O52: 50000 | P52: 50000 | Q52: 50000 | R52: 50000 | T52: =IF($A52="","",$C52&"|"&$E52) | U52: =IF($A52="","",VALUE($A52&"")) | V52: =IF($A52="","",SUM($G52:$R52)*설정!$C$14) | W52: =IF($A52="","",INDEX($G52:$R52,설정!$C$7)*설정!$C$14) | X52: =IF($A52="","",SUMPRODUCT(($G$4:$R$4<=설정!$C$7)*$G52:$R52)*설정!$C$14) | Y52: =IF($A52="","",IF(COUNTIF(집계!$E$7:$E$506,$T52)>0,"Y","N"))

Sheet 실적_원본
A1: 실적 원본 (자체 화면 추출)
A2: A~H열: 붙여넣기/불러오기 · J~Q열: 보조수식 (회색, 수정 금지) · 전년 실적도 함께 넣으세요
A4: 회계연도 | B4: 기간 | C4: 회사코드 | D4: 코스트센터 | E4: 코스트센터명 | F4: G/L계정 | G4: 계정명 | H4: 금액 | J4: 부서코드 | K4: 예산항목코드 | L4: 연도(숫자) | M4: 월(숫자) | N4: 금액(보고단위) | O4: 키 | P4: 예산유무 | Q4: 집계포함
A5: 2025 | B5: 1 | C5: 1000 | D5: 1101 | E5: 경영기획 | F5: 62101000 | G5: 여비교통비-국내 | H5: 2127060 | J5: =IF($A5="","",IFERROR(INDEX(부서매핑!$C$5:$C$504,MATCH($D5&"",부서매핑!$A$5:$A$504,0)),"미매핑")) | K5: =IF($A5="","",IFERROR(INDEX(계정매핑!$C$5:$C$504,MATCH($F5&"",계정매핑!$A$5:$A$504,0)),"미매핑")) | L5: =IF($A5="","",VALUE($A5&"")) | M5: =IF($A5="","",VALUE($B5&"")) | N5: =IF($A5="","",$H5*설정!$C$15) | O5: =IF($A5="","",J5&"|"&K5) | P5: =IF($A5="","",IF(COUNTIFS(예산_원본!$T$5:$T$3004,O5,예산_원본!$B$5:$B$3004,설정!$C$8,예산_원본!$U$5:$U$3004,L5)>0,"Y","N")) | Q5: =IF($A5="","",IF(COUNTIF(집계!$E$7:$E$506,O5)>0,"Y","N"))
A6: 2025 | B6: 1 | C6: 1000 | D6: 1101 | E6: 경영기획 | F6: 62102000 | G6: 여비교통비-해외 | H6: 413410 | J6: =IF($A6="","",IFERROR(INDEX(부서매핑!$C$5:$C$504,MATCH($D6&"",부서매핑!$A$5:$A$504,0)),"미매핑")) | K6: =IF($A6="","",IFERROR(INDEX(계정매핑!$C$5:$C$504,MATCH($F6&"",계정매핑!$A$5:$A$504,0)),"미매핑")) | L6: =IF($A6="","",VALUE($A6&"")) | M6: =IF($A6="","",VALUE($B6&"")) | N6: =IF($A6="","",$H6*설정!$C$15) | O6: =IF($A6="","",J6&"|"&K6) | P6: =IF($A6="","",IF(COUNTIFS(예산_원본!$T$5:$T$3004,O6,예산_원본!$B$5:$B$3004,설정!$C$8,예산_원본!$U$5:$U$3004,L6)>0,"Y","N")) | Q6: =IF($A6="","",IF(COUNTIF(집계!$E$7:$E$506,O6)>0,"Y","N"))
A7: 2025 | B7: 1 | C7: 1000 | D7: 1101 | E7: 경영기획 | F7: 62201000 | G7: 통신비 | H7: 880370 | J7: =IF($A7="","",IFERROR(INDEX(부서매핑!$C$5:$C$504,MATCH($D7&"",부서매핑!$A$5:$A$504,0)),"미매핑")) | K7: =IF($A7="","",IFERROR(INDEX(계정매핑!$C$5:$C$504,MATCH($F7&"",계정매핑!$A$5:$A$504,0)),"미매핑")) | L7: =IF($A7="","",VALUE($A7&"")) | M7: =IF($A7="","",VALUE($B7&"")) | N7: =IF($A7="","",$H7*설정!$C$15) | O7: =IF($A7="","",J7&"|"&K7) | P7: =IF($A7="","",IF(COUNTIFS(예산_원본!$T$5:$T$3004,O7,예산_원본!$B$5:$B$3004,설정!$C$8,예산_원본!$U$5:$U$3004,L7)>0,"Y","N")) | Q7: =IF($A7="","",IF(COUNTIF(집계!$E$7:$E$506,O7)>0,"Y","N"))
A8: 2025 | B8: 1 | C8: 1000 | D8: 1101 | E8: 경영기획 | F8: 62301000 | G8: 소모품비 | H8: 526480 | J8: =IF($A8="","",IFERROR(INDEX(부서매핑!$C$5:$C$504,MATCH($D8&"",부서매핑!$A$5:$A$504,0)),"미매핑")) | K8: =IF($A8="","",IFERROR(INDEX(계정매핑!$C$5:$C$504,MATCH($F8&"",계정매핑!$A$5:$A$504,0)),"미매핑")) | L8: =IF($A8="","",VALUE($A8&"")) | M8: =IF($A8="","",VALUE($B8&"")) | N8: =IF($A8="","",$H8*설정!$C$15) | O8: =IF($A8="","",J8&"|"&K8) | P8: =IF($A8="","",IF(COUNTIFS(예산_원본!$T$5:$T$3004,O8,예산_원본!$B$5:$B$3004,설정!$C$8,예산_원본!$U$5:$U$3004,L8)>0,"Y","N")) | Q8: =IF($A8="","",IF(COUNTIF(집계!$E$7:$E$506,O8)>0,"Y","N"))
A9: 2025 | B9: 1 | C9: 1000 | D9: 1101 | E9: 경영기획 | F9: 62501000 | G9: 회의비 | H9: 837890 | J9: =IF($A9="","",IFERROR(INDEX(부서매핑!$C$5:$C$504,MATCH($D9&"",부서매핑!$A$5:$A$504,0)),"미매핑")) | K9: =IF($A9="","",IFERROR(INDEX(계정매핑!$C$5:$C$504,MATCH($F9&"",계정매핑!$A$5:$A$504,0)),"미매핑")) | L9: =IF($A9="","",VALUE($A9&"")) | M9: =IF($A9="","",VALUE($B9&"")) | N9: =IF($A9="","",$H9*설정!$C$15) | O9: =IF($A9="","",J9&"|"&K9) | P9: =IF($A9="","",IF(COUNTIFS(예산_원본!$T$5:$T$3004,O9,예산_원본!$B$5:$B$3004,설정!$C$8,예산_원본!$U$5:$U$3004,L9)>0,"Y","N")) | Q9: =IF($A9="","",IF(COUNTIF(집계!$E$7:$E$506,O9)>0,"Y","N"))
A10: 2025 | B10: 1 | C10: 1000 | D10: 1101 | E10: 경영기획 | F10: 62601000 | G10: 업무추진비 | H10: 3789450 | J10: =IF($A10="","",IFERROR(INDEX(부서매핑!$C$5:$C$504,MATCH($D10&"",부서매핑!$A$5:$A$504,0)),"미매핑")) | K10: =IF($A10="","",IFERROR(INDEX(계정매핑!$C$5:$C$504,MATCH($F10&"",계정매핑!$A$5:$A$504,0)),"미매핑")) | L10: =IF($A10="","",VALUE($A10&"")) | M10: =IF($A10="","",VALUE($B10&"")) | N10: =IF($A10="","",$H10*설정!$C$15) | O10: =IF($A10="","",J10&"|"&K10) | P10: =IF($A10="","",IF(COUNTIFS(예산_원본!$T$5:$T$3004,O10,예산_원본!$B$5:$B$3004,설정!$C$8,예산_원본!$U$5:$U$3004,L10)>0,"Y","N")) | Q10: =IF($A10="","",IF(COUNTIF(집계!$E$7:$E$506,O10)>0,"Y","N"))
A11: 2025 | B11: 1 | C11: 1000 | D11: 1101 | E11: 경영기획 | F11: 62901000 | G11: 지급수수료-컨설팅 | H11: 13273030 | J11: =IF($A11="","",IFERROR(INDEX(부서매핑!$C$5:$C$504,MATCH($D11&"",부서매핑!$A$5:$A$504,0)),"미매핑")) | K11: =IF($A11="","",IFERROR(INDEX(계정매핑!$C$5:$C$504,MATCH($F11&"",계정매핑!$A$5:$A$504,0)),"미매핑")) | L11: =IF($A11="","",VALUE($A11&"")) | M11: =IF($A11="","",VALUE($B11&"")) | N11: =IF($A11="","",$H11*설정!$C$15) | O11: =IF($A11="","",J11&"|"&K11) | P11: =IF($A11="","",IF(COUNTIFS(예산_원본!$T$5:$T$3004,O11,예산_원본!$B$5:$B$3004,설정!$C$8,예산_원본!$U$5:$U$3004,L11)>0,"Y","N")) | Q11: =IF($A11="","",IF(COUNTIF(집계!$E$7:$E$506,O11)>0,"Y","N"))
A12: 2025 | B12: 1 | C12: 1000 | D12: 1101 | E12: 경영기획 | F12: 62902000 | G12: 지급수수료-기타 | H12: 5810770 | J12: =IF($A12="","",IFERROR(INDEX(부서매핑!$C$5:$C$504,MATCH($D12&"",부서매핑!$A$5:$A$504,0)),"미매핑")) | K12: =IF($A12="","",IFERROR(INDEX(계정매핑!$C$5:$C$504,MATCH($F12&"",계정매핑!$A$5:$A$504,0)),"미매핑")) | L12: =IF($A12="","",VALUE($A12&"")) | M12: =IF($A12="","",VALUE($B12&"")) | N12: =IF($A12="","",$H12*설정!$C$15) | O12: =IF($A12="","",J12&"|"&K12) | P12: =IF($A12="","",IF(COUNTIFS(예산_원본!$T$5:$T$3004,O12,예산_원본!$B$5:$B$3004,설정!$C$8,예산_원본!$U$5:$U$3004,L12)>0,"Y","N")) | Q12: =IF($A12="","",IF(COUNTIF(집계!$E$7:$E$506,O12)>0,"Y","N"))
A13: 2025 | B13: 1 | C13: 1000 | D13: 1201 | E13: 재무회계 | F13: 62101000 | G13: 여비교통비-국내 | H13: 1224150 | J13: =IF($A13="","",IFERROR(INDEX(부서매핑!$C$5:$C$504,MATCH($D13&"",부서매핑!$A$5:$A$504,0)),"미매핑")) | K13: =IF($A13="","",IFERROR(INDEX(계정매핑!$C$5:$C$504,MATCH($F13&"",계정매핑!$A$5:$A$504,0)),"미매핑")) | L13: =IF($A13="","",VALUE($A13&"")) | M13: =IF($A13="","",VALUE($B13&"")) | N13: =IF($A13="","",$H13*설정!$C$15) | O13: =IF($A13="","",J13&"|"&K13) | P13: =IF($A13="","",IF(COUNTIFS(예산_원본!$T$5:$T$3004,O13,예산_원본!$B$5:$B$3004,설정!$C$8,예산_원본!$U$5:$U$3004,L13)>0,"Y","N")) | Q13: =IF($A13="","",IF(COUNTIF(집계!$E$7:$E$506,O13)>0,"Y","N"))
A14: 2025 | B14: 1 | C14: 1000 | D14: 1201 | E14: 재무회계 | F14: 62102000 | G14: 여비교통비-해외 | H14: 237800 | J14: =IF($A14="","",IFERROR(INDEX(부서매핑!$C$5:$C$504,MATCH($D14&"",부서매핑!$A$5:$A$504,0)),"미매핑")) | K14: =IF($A14="","",IFERROR(INDEX(계정매핑!$C$5:$C$504,MATCH($F14&"",계정매핑!$A$5:$A$504,0)),"미매핑")) | L14: =IF($A14="","",VALUE($A14&"")) | M14: =IF($A14="","",VALUE($B14&"")) | N14: =IF($A14="","",$H14*설정!$C$15) | O14: =IF($A14="","",J14&"|"&K14) | P14: =IF($A14="","",IF(COUNTIFS(예산_원본!$T$5:$T$3004,O14,예산_원본!$B$5:$B$3004,설정!$C$8,예산_원본!$U$5:$U$3004,L14)>0,"Y","N")) | Q14: =IF($A14="","",IF(COUNTIF(집계!$E$7:$E$506,O14)>0,"Y","N"))
A15: 2025 | B15: 1 | C15: 1000 | D15: 1201 | E15: 재무회계 | F15: 62201000 | G15: 통신비 | H15: 486040 | J15: =IF($A15="","",IFERROR(INDEX(부서매핑!$C$5:$C$504,MATCH($D15&"",부서매핑!$A$5:$A$504,0)),"미매핑")) | K15: =IF($A15="","",IFERROR(INDEX(계정매핑!$C$5:$C$504,MATCH($F15&"",계정매핑!$A$5:$A$504,0)),"미매핑")) | L15: =IF($A15="","",VALUE($A15&"")) | M15: =IF($A15="","",VALUE($B15&"")) | N15: =IF($A15="","",$H15*설정!$C$15) | O15: =IF($A15="","",J15&"|"&K15) | P15: =IF($A15="","",IF(COUNTIFS(예산_원본!$T$5:$T$3004,O15,예산_원본!$B$5:$B$3004,설정!$C$8,예산_원본!$U$5:$U$3004,L15)>0,"Y","N")) | Q15: =IF($A15="","",IF(COUNTIF(집계!$E$7:$E$506,O15)>0,"Y","N"))
A16: 2025 | B16: 1 | C16: 1000 | D16: 1201 | E16: 재무회계 | F16: 62301000 | G16: 소모품비 | H16: 575000 | J16: =IF($A16="","",IFERROR(INDEX(부서매핑!$C$5:$C$504,MATCH($D16&"",부서매핑!$A$5:$A$504,0)),"미매핑")) | K16: =IF($A16="","",IFERROR(INDEX(계정매핑!$C$5:$C$504,MATCH($F16&"",계정매핑!$A$5:$A$504,0)),"미매핑")) | L16: =IF($A16="","",VALUE($A16&"")) | M16: =IF($A16="","",VALUE($B16&"")) | N16: =IF($A16="","",$H16*설정!$C$15) | O16: =IF($A16="","",J16&"|"&K16) | P16: =IF($A16="","",IF(COUNTIFS(예산_원본!$T$5:$T$3004,O16,예산_원본!$B$5:$B$3004,설정!$C$8,예산_원본!$U$5:$U$3004,L16)>0,"Y","N")) | Q16: =IF($A16="","",IF(COUNTIF(집계!$E$7:$E$506,O16)>0,"Y","N"))
... A1645: 2026 | B1645: 9 | C1645: 1000 | D1645: 1801 | E1645: 고객서비스 | F1645: 62902000 | G1645: 지급수수료-기타 | H1645: 13646370 | J1645: =IF($A1645="","",IFERROR(INDEX(부서매핑!$C$5:$C$504,MATCH($D1645&"",부서매핑!$A$5:$A$504,0)),"미매핑")) | K1645: =IF($A1645="","",IFERROR(INDEX(계정매핑!$C$5:$C$504,MATCH($F1645&"",계정매핑!$A$5:$A$504,0)),"미매핑")) | L1645: =IF($A1645="","",VALUE($A1645&"")) | M1645: =IF($A1645="","",VALUE($B1645&"")) | N1645: =IF($A1645="","",$H1645*설정!$C$15) | O1645: =IF($A1645="","",J1645&"|"&K1645) | P1645: =IF($A1645="","",IF(COUNTIFS(예산_원본!$T$5:$T$3004,O1645,예산_원본!$B$5:$B$3004,설정!$C$8,예산_원본!$U$5:$U$3004,L1645)>0,"Y","N")) | Q1645: =IF($A1645="","",IF(COUNTIF(집계!$E$7:$E$506,O1645)>0,"Y","N"))

Sheet 계정매핑
A1: 계정 매핑 (G/L 계정 → 예산항목)
A2: 코드 칸은 텍스트 형식 · 새 계정이 생기면 여기에 추가 (자가진단이 미매핑 계정을 알려줌)
A4: G/L 계정 | B4: 계정명 | C4: 예산항목코드 | D4: 예산항목명 | E4: 비고
A5: 62101000 | B5: 여비교통비-국내 | C5: B01 | D5: 여비교통비
A6: 62102000 | B6: 여비교통비-해외 | C6: B01 | D6: 여비교통비
A7: 62201000 | B7: 통신비 | C7: B02 | D7: 통신비
A8: 62301000 | B8: 소모품비 | C8: B03 | D8: 소모품비
A9: 62401000 | B9: 도서인쇄비 | C9: B04 | D9: 도서인쇄비
A10: 62501000 | B10: 회의비 | C10: B05 | D10: 회의비
A11: 62601000 | B11: 업무추진비 | C11: B06 | D11: 업무추진비
A12: 62701000 | B12: 광고선전비 | C12: B07 | D12: 광고선전비
A13: 62801000 | B13: 교육훈련비-사내 | C13: B08 | D13: 교육훈련비
A14: 62802000 | B14: 교육훈련비-외부위탁 | C14: B08 | D14: 교육훈련비
A15: 62901000 | B15: 지급수수료-컨설팅 | C15: B09 | D15: 지급수수료
A16: 62902000 | B16: 지급수수료-기타 | C16: B09 | D16: 지급수수료
... A20: 63201000 | B20: 차량유지비 | C20: B12 | D20: 차량유지비

Sheet 부서매핑
A1: 부서 매핑 (코스트센터 → 부서)
A2: 코드 칸은 텍스트 형식 · 조직개편 시 여기만 고치면 전체 반영
A4: 코스트센터 | B4: 코스트센터명 | C4: 부서코드 | D4: 부서명 | E4: 비고
A5: 1101 | B5: 경영기획 | C5: D100 | D5: 경영기획팀
A6: 1201 | B6: 재무회계 | C6: D200 | D6: 재무회계팀
A7: 1301 | B7: 인사 | C7: D300 | D7: 인사팀
A8: 1401 | B8: 상품개발 | C8: D400 | D8: 상품개발팀
A9: 1501 | B9: 마케팅전략 | C9: D500 | D9: 마케팅팀
A10: 1502 | B10: 디지털마케팅 | C10: D500 | D10: 마케팅팀
A11: 1601 | B11: 영업지원-본사 | C11: D600 | D11: 영업지원팀
A12: 1602 | B12: 영업지원-지역본부 | C12: D600 | D12: 영업지원팀
A13: 1701 | B13: IT운영 | C13: D700 | D13: IT운영팀
A14: 1801 | B14: 고객서비스 | C14: D800 | D14: 고객서비스팀
