Workbook

Sheet 안내
A1: SAP 보험사 시산표 · 자산운용 테이블 예시 양식
A2: K-IFRS 17(보험계약) / K-IFRS 9(금융상품) 기준 · 예시 데이터는 가상 수치입니다
A4: 기본 정보 (노란 칸을 수정하면 전 시트에 반영)
A5: 회사코드 (BUKRS) | B5: 1000
A6: 회사명 | B6: 예시보험㈜
A7: 원장 (RLDNR) | B7: 0L
A8: 회계연도 (GJAHR) | B8: 2026
A9: 기간 (POPER) | B9: 009
A10: 기준일 | B10: 46295
A11: 금액 단위 | B11: 백만원 (KRW mn)
A13: 시트 구성
A14: 시트 | B14: 내용
A15: 계정과목 | B15: G/L 계정 마스터 (SKA1/SKAT/SKB1 대응). 보험사 K-IFRS 17·9 계정 체계 예시
A16: 전표 | B16: 분개 라인 (BKPF/BSEG, S/4HANA는 ACDOCA). 시산표의 당기 차변·대변이 여기서 집계됨
A17: 시산표 | B17: 합계잔액시산표 (FAGLFLEXT/ACDOCA, T-code FAGLB03·S_ALR_87012277 결과와 같은 형태)
A18: 자산운용명세 | B18: 종목별 운용자산 포지션 (SAP TRM 증권·FS-CML 대출 등 서브원장 추출 형태)
A19: 자산운용요약 | B19: 자산군별·IFRS 9 분류별 요약, 듀레이션/금리 가중평균, 명세 ↔ 시산표 GL 대사
A21: 셀 색상 규칙
A22: 파란 글씨 | B22: 직접 입력하는 값 (예시 데이터를 지우고 실제 값으로 교체)
A23: 검정 글씨 | B23: 수식 (수정하지 마세요)
A24: 초록 글씨 | B24: 다른 시트를 참조하는 수식
A25: 노란 배경 | B25: 기본 정보 · 핵심 가정
A27: SAP 필드 매핑 (시산표)
A28: 양식 열 | B28: SAP 필드 (ECC FAGLFLEXT / S/4 ACDOCA)
A29: 회사코드 | B29: RBUKRS
A30: 원장 | B30: RLDNR (선행원장 0L)
A31: 회계연도 | B31: RYEAR / GJAHR
A32: 기간 | B32: POPER (001~012, 특별기간 013~016)
A33: G/L 계정 | B33: RACCT
A34: 기초잔액 | B34: HSLVT (이월잔액) + 직전기간까지 HSL01~HSLnn 누계
A35: 당기 차변 / 대변 | B35: DRCRK = S(차변) / H(대변) 기준 HSL 합계
A36: 금액 | B36: HSL (회사코드 통화), 거래통화는 WSL / TSL
A37: 부호 규칙 | B37: SAP는 차변 +, 대변 − 로 저장. 이 양식도 동일 (기말잔액 음수 = 대변잔액)
A39: ※ 자산운용 서브원장은 회사별로 SAP TRM, FS-CML, 외부 운용시스템(인터페이스) 등 구성이 달라 테이블·필드명이 다릅니다. 자산운용명세 시트의 열 구성은 공통적으로 쓰는 항목 기준입니다.

Sheet 계정과목
A1: G/L 계정과목 마스터
A2: SAP 대응: SKA1(계정과목표) · SKAT(계정명) · SKB1(회사코드별 설정)
A4: G/L 계정 (SAKNR) | B4: 계정명 (TXT50) | C4: 대분류 | D4: 중분류 | E4: 재무제표 (BS/PL) | F4: 정상잔액 (차/대) | G4: 비고
A5: 10101000 | B5: 현금및현금성자산 | C5: 자산 | D5: 현금성자산 | E5: BS | F5: 차
A6: 11101000 | B6: FVPL금융자산-주식 | C6: 자산 | D6: 운용자산 | E6: BS | F6: 차
A7: 11102000 | B7: FVPL금융자산-수익증권 | C7: 자산 | D7: 운용자산 | E7: BS | F7: 차
A8: 11201000 | B8: FVOCI금융자산-국공채 | C8: 자산 | D8: 운용자산 | E8: BS | F8: 차
A9: 11202000 | B9: FVOCI금융자산-회사채 | C9: 자산 | D9: 운용자산 | E9: BS | F9: 차
A10: 11203000 | B10: FVOCI금융자산-외화채권 | C10: 자산 | D10: 운용자산 | E10: BS | F10: 차
A11: 11301000 | B11: AC금융자산-채권 | C11: 자산 | D11: 운용자산 | E11: BS | F11: 차
A12: 11309000 | B12: AC금융자산 손실충당금 | C12: 자산 | D12: 운용자산(차감) | E12: BS | F12: 대
A13: 11401000 | B13: 대출채권-기업대출 | C13: 자산 | D13: 운용자산 | E13: BS | F13: 차
A14: 11402000 | B14: 대출채권-부동산담보대출 | C14: 자산 | D14: 운용자산 | E14: BS | F14: 차
A15: 11409000 | B15: 대출채권 손실충당금 | C15: 자산 | D15: 운용자산(차감) | E15: BS | F15: 대
A16: 11501000 | B16: 투자부동산 | C16: 자산 | D16: 운용자산 | E16: BS | F16: 차
... A48: 53101000 | B48: 법인세비용 | C48: 비용 | D48: 법인세 | E48: PL | F48: 차

Sheet 전표
A1: 분개 라인 (전표)
A2: SAP 대응: BKPF(전표헤더)·BSEG(라인) / S/4HANA ACDOCA · 금액 단위: 백만원
A4: 회사코드 (BUKRS) | B4: 전표번호 (BELNR) | C4: 회계연도 (GJAHR) | D4: 기간 (POPER) | E4: 전기일 (BUDAT) | F4: 전표유형 (BLART) | G4: 라인 (BUZEI) | H4: G/L 계정 (HKONT) | I4: 계정명 | J4: 차대 (SHKZG) | K4: 금액 (DMBTR) | L4: 부호금액 (차+/대−) | M4: 적요 (SGTXT)
A5: =안내!$B$5 | B5: 100000001 | C5: =안내!$B$8 | D5: =TEXT(MONTH(E5),"000") | E5: 46266 | F5: SA | G5: 001 | H5: 10101000 | I5: =IFERROR(INDEX(계정과목!$B$5:$B$78,MATCH(H5,계정과목!$A$5:$A$78,0)),"계정 없음") | J5: S | K5: 95000 | L5: =IF(J5="S",K5,-K5) | M5: 보험료 수취 (보험계약부채 계상)
A6: =안내!$B$5 | B6: 100000001 | C6: =안내!$B$8 | D6: =TEXT(MONTH(E6),"000") | E6: 46266 | F6: SA | G6: 002 | H6: 21101000 | I6: =IFERROR(INDEX(계정과목!$B$5:$B$78,MATCH(H6,계정과목!$A$5:$A$78,0)),"계정 없음") | J6: H | K6: 95000 | L6: =IF(J6="S",K6,-K6) | M6: 보험료 수취 (보험계약부채 계상)
A7: =안내!$B$5 | B7: 100000002 | C7: =안내!$B$8 | D7: =TEXT(MONTH(E7),"000") | E7: 46295 | F7: SA | G7: 001 | H7: 21101000 | I7: =IFERROR(INDEX(계정과목!$B$5:$B$78,MATCH(H7,계정과목!$A$5:$A$78,0)),"계정 없음") | J7: S | K7: 62000 | L7: =IF(J7="S",K7,-K7) | M7: 보험수익 인식 - 예상 보험금·비용 해제
A8: =안내!$B$5 | B8: 100000002 | C8: =안내!$B$8 | D8: =TEXT(MONTH(E8),"000") | E8: 46295 | F8: SA | G8: 002 | H8: 41101000 | I8: =IFERROR(INDEX(계정과목!$B$5:$B$78,MATCH(H8,계정과목!$A$5:$A$78,0)),"계정 없음") | J8: H | K8: 62000 | L8: =IF(J8="S",K8,-K8) | M8: 보험수익 인식 - 예상 보험금·비용 해제
A9: =안내!$B$5 | B9: 100000003 | C9: =안내!$B$8 | D9: =TEXT(MONTH(E9),"000") | E9: 46295 | F9: SA | G9: 001 | H9: 21103000 | I9: =IFERROR(INDEX(계정과목!$B$5:$B$78,MATCH(H9,계정과목!$A$5:$A$78,0)),"계정 없음") | J9: S | K9: 6500 | L9: =IF(J9="S",K9,-K9) | M9: 보험수익 인식 - CSM 상각
A10: =안내!$B$5 | B10: 100000003 | C10: =안내!$B$8 | D10: =TEXT(MONTH(E10),"000") | E10: 46295 | F10: SA | G10: 002 | H10: 41101000 | I10: =IFERROR(INDEX(계정과목!$B$5:$B$78,MATCH(H10,계정과목!$A$5:$A$78,0)),"계정 없음") | J10: H | K10: 6500 | L10: =IF(J10="S",K10,-K10) | M10: 보험수익 인식 - CSM 상각
A11: =안내!$B$5 | B11: 100000004 | C11: =안내!$B$8 | D11: =TEXT(MONTH(E11),"000") | E11: 46295 | F11: SA | G11: 001 | H11: 21102000 | I11: =IFERROR(INDEX(계정과목!$B$5:$B$78,MATCH(H11,계정과목!$A$5:$A$78,0)),"계정 없음") | J11: S | K11: 1800 | L11: =IF(J11="S",K11,-K11) | M11: 보험수익 인식 - RA 해제
A12: =안내!$B$5 | B12: 100000004 | C12: =안내!$B$8 | D12: =TEXT(MONTH(E12),"000") | E12: 46295 | F12: SA | G12: 002 | H12: 41101000 | I12: =IFERROR(INDEX(계정과목!$B$5:$B$78,MATCH(H12,계정과목!$A$5:$A$78,0)),"계정 없음") | J12: H | K12: 1800 | L12: =IF(J12="S",K12,-K12) | M12: 보험수익 인식 - RA 해제
A13: =안내!$B$5 | B13: 100000005 | C13: =안내!$B$8 | D13: =TEXT(MONTH(E13),"000") | E13: 46280 | F13: SA | G13: 001 | H13: 51101000 | I13: =IFERROR(INDEX(계정과목!$B$5:$B$78,MATCH(H13,계정과목!$A$5:$A$78,0)),"계정 없음") | J13: S | K13: 48000 | L13: =IF(J13="S",K13,-K13) | M13: 보험금 지급
A14: =안내!$B$5 | B14: 100000005 | C14: =안내!$B$8 | D14: =TEXT(MONTH(E14),"000") | E14: 46280 | F14: SA | G14: 002 | H14: 10101000 | I14: =IFERROR(INDEX(계정과목!$B$5:$B$78,MATCH(H14,계정과목!$A$5:$A$78,0)),"계정 없음") | J14: H | K14: 48000 | L14: =IF(J14="S",K14,-K14) | M14: 보험금 지급
A15: =안내!$B$5 | B15: 100000006 | C15: =안내!$B$8 | D15: =TEXT(MONTH(E15),"000") | E15: 46295 | F15: SA | G15: 001 | H15: 51101000 | I15: =IFERROR(INDEX(계정과목!$B$5:$B$78,MATCH(H15,계정과목!$A$5:$A$78,0)),"계정 없음") | J15: S | K15: 9500 | L15: =IF(J15="S",K15,-K15) | M15: 사업비 발생 (미지급)
A16: =안내!$B$5 | B16: 100000006 | C16: =안내!$B$8 | D16: =TEXT(MONTH(E16),"000") | E16: 46295 | F16: SA | G16: 002 | H16: 22201000 | I16: =IFERROR(INDEX(계정과목!$B$5:$B$78,MATCH(H16,계정과목!$A$5:$A$78,0)),"계정 없음") | J16: H | K16: 9500 | L16: =IF(J16="S",K16,-K16) | M16: 사업비 발생 (미지급)
... A56: =안내!$B$5 | B56: 100000026 | C56: =안내!$B$8 | D56: =TEXT(MONTH(E56),"000") | E56: 46293 | F56: SA | G56: 002 | H56: 10101000 | I56: =IFERROR(INDEX(계정과목!$B$5:$B$78,MATCH(H56,계정과목!$A$5:$A$78,0)),"계정 없음") | J56: H | K56: 8000 | L56: =IF(J56="S",K56,-K56) | M56: 미지급비용 지급
I57: 합계 | J57: 차변 | K57: =SUMIF(J5:J56,"S",K5:K56) | L57: =SUM(L5:L56) | M57: =IF(ABS(L57)<0.5,"OK - 차대 일치","ERROR - 차대 불일치")
J58: 대변 | K58: =SUMIF(J5:J56,"H",K5:K56)
A60: ※ 행을 추가할 때는 합계 행 위에 삽입하세요. 시산표는 이 시트의 5~1000행을 집계합니다.

Sheet 시산표
A1: 합계잔액시산표 (Trial Balance)
A2: SAP 대응: FAGLFLEXT / ACDOCA · T-code FAGLB03, S_ALR_87012277 · 부호: 차변 +, 대변 −
A3: ="회사: "&안내!$B$6&" ("&안내!$B$5&") 회계연도: "&안내!$B$8&" 기간: "&안내!$B$9&" 기준일: "&TEXT(안내!$B$10,"yyyy-mm-dd")&" 단위: "&안내!$B$11
A5: 회사코드 (RBUKRS) | B5: 원장 (RLDNR) | C5: 회계연도 (RYEAR) | D5: 기간 (POPER) | E5: G/L 계정 (RACCT) | F5: 계정명 | G5: 대분류 | H5: BS/PL | I5: 기초잔액 (전기말 누계) | J5: 당기 차변 | K5: 당기 대변 | L5: 기말잔액 (차+/대−) | M5: 차변잔액 | N5: 대변잔액
A6: =안내!$B$5 | B6: =안내!$B$7 | C6: =안내!$B$8 | D6: =안내!$B$9 | E6: 10101000 | F6: =IFERROR(INDEX(계정과목!$B$5:$B$78,MATCH(E6,계정과목!$A$5:$A$78,0)),"계정 없음") | G6: =IFERROR(INDEX(계정과목!$C$5:$C$78,MATCH(E6,계정과목!$A$5:$A$78,0)),"계정 없음") | H6: =IFERROR(INDEX(계정과목!$E$5:$E$78,MATCH(E6,계정과목!$A$5:$A$78,0)),"계정 없음") | I6: 168000 | J6: =SUMIFS(전표!$K$5:$K$1000,전표!$H$5:$H$1000,E6,전표!$J$5:$J$1000,"S") | K6: =SUMIFS(전표!$K$5:$K$1000,전표!$H$5:$H$1000,E6,전표!$J$5:$J$1000,"H") | L6: =I6+J6-K6 | M6: =MAX(L6,0) | N6: =MAX(-L6,0)
A7: =안내!$B$5 | B7: =안내!$B$7 | C7: =안내!$B$8 | D7: =안내!$B$9 | E7: 11101000 | F7: =IFERROR(INDEX(계정과목!$B$5:$B$78,MATCH(E7,계정과목!$A$5:$A$78,0)),"계정 없음") | G7: =IFERROR(INDEX(계정과목!$C$5:$C$78,MATCH(E7,계정과목!$A$5:$A$78,0)),"계정 없음") | H7: =IFERROR(INDEX(계정과목!$E$5:$E$78,MATCH(E7,계정과목!$A$5:$A$78,0)),"계정 없음") | I7: 131700 | J7: =SUMIFS(전표!$K$5:$K$1000,전표!$H$5:$H$1000,E7,전표!$J$5:$J$1000,"S") | K7: =SUMIFS(전표!$K$5:$K$1000,전표!$H$5:$H$1000,E7,전표!$J$5:$J$1000,"H") | L7: =I7+J7-K7 | M7: =MAX(L7,0) | N7: =MAX(-L7,0)
A8: =안내!$B$5 | B8: =안내!$B$7 | C8: =안내!$B$8 | D8: =안내!$B$9 | E8: 11102000 | F8: =IFERROR(INDEX(계정과목!$B$5:$B$78,MATCH(E8,계정과목!$A$5:$A$78,0)),"계정 없음") | G8: =IFERROR(INDEX(계정과목!$C$5:$C$78,MATCH(E8,계정과목!$A$5:$A$78,0)),"계정 없음") | H8: =IFERROR(INDEX(계정과목!$E$5:$E$78,MATCH(E8,계정과목!$A$5:$A$78,0)),"계정 없음") | I8: 275000 | J8: =SUMIFS(전표!$K$5:$K$1000,전표!$H$5:$H$1000,E8,전표!$J$5:$J$1000,"S") | K8: =SUMIFS(전표!$K$5:$K$1000,전표!$H$5:$H$1000,E8,전표!$J$5:$J$1000,"H") | L8: =I8+J8-K8 | M8: =MAX(L8,0) | N8: =MAX(-L8,0)
A9: =안내!$B$5 | B9: =안내!$B$7 | C9: =안내!$B$8 | D9: =안내!$B$9 | E9: 11201000 | F9: =IFERROR(INDEX(계정과목!$B$5:$B$78,MATCH(E9,계정과목!$A$5:$A$78,0)),"계정 없음") | G9: =IFERROR(INDEX(계정과목!$C$5:$C$78,MATCH(E9,계정과목!$A$5:$A$78,0)),"계정 없음") | H9: =IFERROR(INDEX(계정과목!$E$5:$E$78,MATCH(E9,계정과목!$A$5:$A$78,0)),"계정 없음") | I9: 743900 | J9: =SUMIFS(전표!$K$5:$K$1000,전표!$H$5:$H$1000,E9,전표!$J$5:$J$1000,"S") | K9: =SUMIFS(전표!$K$5:$K$1000,전표!$H$5:$H$1000,E9,전표!$J$5:$J$1000,"H") | L9: =I9+J9-K9 | M9: =MAX(L9,0) | N9: =MAX(-L9,0)
A10: =안내!$B$5 | B10: =안내!$B$7 | C10: =안내!$B$8 | D10: =안내!$B$9 | E10: 11202000 | F10: =IFERROR(INDEX(계정과목!$B$5:$B$78,MATCH(E10,계정과목!$A$5:$A$78,0)),"계정 없음") | G10: =IFERROR(INDEX(계정과목!$C$5:$C$78,MATCH(E10,계정과목!$A$5:$A$78,0)),"계정 없음") | H10: =IFERROR(INDEX(계정과목!$E$5:$E$78,MATCH(E10,계정과목!$A$5:$A$78,0)),"계정 없음") | I10: 296100 | J10: =SUMIFS(전표!$K$5:$K$1000,전표!$H$5:$H$1000,E10,전표!$J$5:$J$1000,"S") | K10: =SUMIFS(전표!$K$5:$K$1000,전표!$H$5:$H$1000,E10,전표!$J$5:$J$1000,"H") | L10: =I10+J10-K10 | M10: =MAX(L10,0) | N10: =MAX(-L10,0)
A11: =안내!$B$5 | B11: =안내!$B$7 | C11: =안내!$B$8 | D11: =안내!$B$9 | E11: 11203000 | F11: =IFERROR(INDEX(계정과목!$B$5:$B$78,MATCH(E11,계정과목!$A$5:$A$78,0)),"계정 없음") | G11: =IFERROR(INDEX(계정과목!$C$5:$C$78,MATCH(E11,계정과목!$A$5:$A$78,0)),"계정 없음") | H11: =IFERROR(INDEX(계정과목!$E$5:$E$78,MATCH(E11,계정과목!$A$5:$A$78,0)),"계정 없음") | I11: 360500 | J11: =SUMIFS(전표!$K$5:$K$1000,전표!$H$5:$H$1000,E11,전표!$J$5:$J$1000,"S") | K11: =SUMIFS(전표!$K$5:$K$1000,전표!$H$5:$H$1000,E11,전표!$J$5:$J$1000,"H") | L11: =I11+J11-K11 | M11: =MAX(L11,0) | N11: =MAX(-L11,0)
A12: =안내!$B$5 | B12: =안내!$B$7 | C12: =안내!$B$8 | D12: =안내!$B$9 | E12: 11301000 | F12: =IFERROR(INDEX(계정과목!$B$5:$B$78,MATCH(E12,계정과목!$A$5:$A$78,0)),"계정 없음") | G12: =IFERROR(INDEX(계정과목!$C$5:$C$78,MATCH(E12,계정과목!$A$5:$A$78,0)),"계정 없음") | H12: =IFERROR(INDEX(계정과목!$E$5:$E$78,MATCH(E12,계정과목!$A$5:$A$78,0)),"계정 없음") | I12: 496090 | J12: =SUMIFS(전표!$K$5:$K$1000,전표!$H$5:$H$1000,E12,전표!$J$5:$J$1000,"S") | K12: =SUMIFS(전표!$K$5:$K$1000,전표!$H$5:$H$1000,E12,전표!$J$5:$J$1000,"H") | L12: =I12+J12-K12 | M12: =MAX(L12,0) | N12: =MAX(-L12,0)
A13: =안내!$B$5 | B13: =안내!$B$7 | C13: =안내!$B$8 | D13: =안내!$B$9 | E13: 11309000 | F13: =IFERROR(INDEX(계정과목!$B$5:$B$78,MATCH(E13,계정과목!$A$5:$A$78,0)),"계정 없음") | G13: =IFERROR(INDEX(계정과목!$C$5:$C$78,MATCH(E13,계정과목!$A$5:$A$78,0)),"계정 없음") | H13: =IFERROR(INDEX(계정과목!$E$5:$E$78,MATCH(E13,계정과목!$A$5:$A$78,0)),"계정 없음") | I13: -18 | J13: =SUMIFS(전표!$K$5:$K$1000,전표!$H$5:$H$1000,E13,전표!$J$5:$J$1000,"S") | K13: =SUMIFS(전표!$K$5:$K$1000,전표!$H$5:$H$1000,E13,전표!$J$5:$J$1000,"H") | L13: =I13+J13-K13 | M13: =MAX(L13,0) | N13: =MAX(-L13,0)
A14: =안내!$B$5 | B14: =안내!$B$7 | C14: =안내!$B$8 | D14: =안내!$B$9 | E14: 11401000 | F14: =IFERROR(INDEX(계정과목!$B$5:$B$78,MATCH(E14,계정과목!$A$5:$A$78,0)),"계정 없음") | G14: =IFERROR(INDEX(계정과목!$C$5:$C$78,MATCH(E14,계정과목!$A$5:$A$78,0)),"계정 없음") | H14: =IFERROR(INDEX(계정과목!$E$5:$E$78,MATCH(E14,계정과목!$A$5:$A$78,0)),"계정 없음") | I14: 140000 | J14: =SUMIFS(전표!$K$5:$K$1000,전표!$H$5:$H$1000,E14,전표!$J$5:$J$1000,"S") | K14: =SUMIFS(전표!$K$5:$K$1000,전표!$H$5:$H$1000,E14,전표!$J$5:$J$1000,"H") | L14: =I14+J14-K14 | M14: =MAX(L14,0) | N14: =MAX(-L14,0)
A15: =안내!$B$5 | B15: =안내!$B$7 | C15: =안내!$B$8 | D15: =안내!$B$9 | E15: 11402000 | F15: =IFERROR(INDEX(계정과목!$B$5:$B$78,MATCH(E15,계정과목!$A$5:$A$78,0)),"계정 없음") | G15: =IFERROR(INDEX(계정과목!$C$5:$C$78,MATCH(E15,계정과목!$A$5:$A$78,0)),"계정 없음") | H15: =IFERROR(INDEX(계정과목!$E$5:$E$78,MATCH(E15,계정과목!$A$5:$A$78,0)),"계정 없음") | I15: 150000 | J15: =SUMIFS(전표!$K$5:$K$1000,전표!$H$5:$H$1000,E15,전표!$J$5:$J$1000,"S") | K15: =SUMIFS(전표!$K$5:$K$1000,전표!$H$5:$H$1000,E15,전표!$J$5:$J$1000,"H") | L15: =I15+J15-K15 | M15: =MAX(L15,0) | N15: =MAX(-L15,0)
A16: =안내!$B$5 | B16: =안내!$B$7 | C16: =안내!$B$8 | D16: =안내!$B$9 | E16: 11409000 | F16: =IFERROR(INDEX(계정과목!$B$5:$B$78,MATCH(E16,계정과목!$A$5:$A$78,0)),"계정 없음") | G16: =IFERROR(INDEX(계정과목!$C$5:$C$78,MATCH(E16,계정과목!$A$5:$A$78,0)),"계정 없음") | H16: =IFERROR(INDEX(계정과목!$E$5:$E$78,MATCH(E16,계정과목!$A$5:$A$78,0)),"계정 없음") | I16: -1870 | J16: =SUMIFS(전표!$K$5:$K$1000,전표!$H$5:$H$1000,E16,전표!$J$5:$J$1000,"S") | K16: =SUMIFS(전표!$K$5:$K$1000,전표!$H$5:$H$1000,E16,전표!$J$5:$J$1000,"H") | L16: =I16+J16-K16 | M16: =MAX(L16,0) | N16: =MAX(-L16,0)
A17: =안내!$B$5 | B17: =안내!$B$7 | C17: =안내!$B$8 | D17: =안내!$B$9 | E17: 11501000 | F17: =IFERROR(INDEX(계정과목!$B$5:$B$78,MATCH(E17,계정과목!$A$5:$A$78,0)),"계정 없음") | G17: =IFERROR(INDEX(계정과목!$C$5:$C$78,MATCH(E17,계정과목!$A$5:$A$78,0)),"계정 없음") | H17: =IFERROR(INDEX(계정과목!$E$5:$E$78,MATCH(E17,계정과목!$A$5:$A$78,0)),"계정 없음") | I17: 183050 | J17: =SUMIFS(전표!$K$5:$K$1000,전표!$H$5:$H$1000,E17,전표!$J$5:$J$1000,"S") | K17: =SUMIFS(전표!$K$5:$K$1000,전표!$H$5:$H$1000,E17,전표!$J$5:$J$1000,"H") | L17: =I17+J17-K17 | M17: =MAX(L17,0) | N17: =MAX(-L17,0)
... A49: =안내!$B$5 | B49: =안내!$B$7 | C49: =안내!$B$8 | D49: =안내!$B$9 | E49: 53101000 | F49: =IFERROR(INDEX(계정과목!$B$5:$B$78,MATCH(E49,계정과목!$A$5:$A$78,0)),"계정 없음") | G49: =IFERROR(INDEX(계정과목!$C$5:$C$78,MATCH(E49,계정과목!$A$5:$A$78,0)),"계정 없음") | H49: =IFERROR(INDEX(계정과목!$E$5:$E$78,MATCH(E49,계정과목!$A$5:$A$78,0)),"계정 없음") | I49: 17600 | J49: =SUMIFS(전표!$K$5:$K$1000,전표!$H$5:$H$1000,E49,전표!$J$5:$J$1000,"S") | K49: =SUMIFS(전표!$K$5:$K$1000,전표!$H$5:$H$1000,E49,전표!$J$5:$J$1000,"H") | L49: =I49+J49-K49 | M49: =MAX(L49,0) | N49: =MAX(-L49,0)
F50: 합계 | I50: =SUM(I6:I49) | J50: =SUM(J6:J49) | K50: =SUM(K6:K49) | L50: =SUM(L6:L49) | M50: =SUM(M6:M49) | N50: =SUM(N6:N49)
F51: 검증 | I51: =IF(ABS(I50)<0.5,"OK","기초 불일치") | J51: =IF(ABS(J50-K50)<0.5,"OK","차대 불일치") | L51: =IF(ABS(L50)<0.5,"OK","기말 불일치") | M51: =IF(ABS(M50-N50)<0.5,"OK","잔액 불일치")
F53: 대분류별 요약 (재무제표 표시 부호: 양수)
F54: 대분류 | I54: 기초 | J54: 당기 차변 | K54: 당기 대변 | L54: 기말
F55: 자산 | I55: =SUMIFS(I$6:I$49,$G$6:$G$49,$F55) | J55: =SUMIFS(J$6:J$49,$G$6:$G$49,$F55) | K55: =SUMIFS(K$6:K$49,$G$6:$G$49,$F55) | L55: =SUMIFS(L$6:L$49,$G$6:$G$49,$F55)
F56: 부채 | I56: =-SUMIFS(I$6:I$49,$G$6:$G$49,$F56) | J56: =SUMIFS(J$6:J$49,$G$6:$G$49,$F56) | K56: =SUMIFS(K$6:K$49,$G$6:$G$49,$F56) | L56: =-SUMIFS(L$6:L$49,$G$6:$G$49,$F56)
F57: 자본 | I57: =-SUMIFS(I$6:I$49,$G$6:$G$49,$F57) | J57: =SUMIFS(J$6:J$49,$G$6:$G$49,$F57) | K57: =SUMIFS(K$6:K$49,$G$6:$G$49,$F57) | L57: =-SUMIFS(L$6:L$49,$G$6:$G$49,$F57)
F58: 수익 | I58: =-SUMIFS(I$6:I$49,$G$6:$G$49,$F58) | J58: =SUMIFS(J$6:J$49,$G$6:$G$49,$F58) | K58: =SUMIFS(K$6:K$49,$G$6:$G$49,$F58) | L58: =-SUMIFS(L$6:L$49,$G$6:$G$49,$F58)
F59: 비용 | I59: =SUMIFS(I$6:I$49,$G$6:$G$49,$F59) | J59: =SUMIFS(J$6:J$49,$G$6:$G$49,$F59) | K59: =SUMIFS(K$6:K$49,$G$6:$G$49,$F59) | L59: =SUMIFS(L$6:L$49,$G$6:$G$49,$F59)
F60: 당기순이익 (수익−비용, 연누계) | I60: =I58-I59 | L60: =L58-L59
F61: 대차검증 (자산 = 부채+자본+순이익) | L61: =IF(ABS(L55-L56-L57-L60)<0.5,"OK","불일치")
F63: ※ 기초잔액은 전기말까지의 누계(손익계정은 연초~전월 누계)입니다. 당기 차변·대변은 '전표' 시트에서 자동 집계됩니다.

Sheet 자산운용명세
A1: 운용자산 종목별 명세 (Investment Holdings)
A2: 서브원장 추출 형태: SAP TRM(증권) · FS-CML(대출) · 부동산 관리 등 · 금액 단위: 백만원
A3: ="회사: "&안내!$B$6&" ("&안내!$B$5&") 기준일: "&TEXT(안내!$B$10,"yyyy-mm-dd")&" 단위: "&안내!$B$11
A5: 포지션번호 | B5: 회사코드 | C5: 포트폴리오 (계정구분) | D5: 종목코드 (ISIN 등) | E5: 종목명 | F5: 자산군 | G5: IFRS 9 분류 | H5: 통화 | I5: 액면금액 (통화, 백만) | J5: 환율 (KRW/통화) | K5: 취득원가 | L5: 상각후원가 | M5: 공정가치 | N5: 장부금액 (총액) | O5: 평가손익 (FV−상각후원가) | P5: 기대신용손실 (ECL) | Q5: 순장부금액 | R5: 미수이자 | S5: 표면금리 | T5: 신용등급 | U5: 만기일 | V5: 잔존만기 (년) | W5: 수정 듀레이션 | X5: 자산 G/L | Y5: 충당금 G/L
A6: P0001 | B6: =안내!$B$5 | C6: 일반계정 | D6: KR7000000001 | E6: 국내상장주식 A (전기전자) | F6: 주식 | G6: FVPL | H6: KRW | K6: 85000 | L6: 85000 | M6: 97400 | N6: =IF(OR(G6="AC",G6="원가모형"),L6,M6) | O6: =M6-L6 | P6: 0 | Q6: =N6-IF(G6="AC",P6,0) | R6: 0 | T6: - | V6: =IF(U6="","",ROUND((U6-안내!$B$10)/365.25,2)) | X6: 11101000
A7: P0002 | B7: =안내!$B$5 | C7: 일반계정 | D7: KR7000000002 | E7: 국내상장주식 B (금융) | F7: 주식 | G7: FVPL | H7: KRW | K7: 42000 | L7: 42000 | M7: 38600 | N7: =IF(OR(G7="AC",G7="원가모형"),L7,M7) | O7: =M7-L7 | P7: 0 | Q7: =N7-IF(G7="AC",P7,0) | R7: 0 | T7: - | V7: =IF(U7="","",ROUND((U7-안내!$B$10)/365.25,2)) | X7: 11101000
A8: P0003 | B8: =안내!$B$5 | C8: 일반계정 | D8: KRZ500000003 | E8: 국내채권형 사모펀드 | F8: 수익증권 | G8: FVPL | H8: KRW | K8: 120000 | L8: 120000 | M8: 123500 | N8: =IF(OR(G8="AC",G8="원가모형"),L8,M8) | O8: =M8-L8 | P8: 0 | Q8: =N8-IF(G8="AC",P8,0) | R8: 0 | T8: - | V8: =IF(U8="","",ROUND((U8-안내!$B$10)/365.25,2)) | W8: 3.1 | X8: 11102000
A9: P0004 | B9: =안내!$B$5 | C9: 일반계정 | D9: KYG000000004 | E9: 해외인프라 블라인드펀드 | F9: 수익증권 | G9: FVPL | H9: USD | I9: 60 | J9: 1380 | K9: 79800 | L9: 79800 | M9: 84200 | N9: =IF(OR(G9="AC",G9="원가모형"),L9,M9) | O9: =M9-L9 | P9: 0 | Q9: =N9-IF(G9="AC",P9,0) | R9: 0 | T9: - | V9: =IF(U9="","",ROUND((U9-안내!$B$10)/365.25,2)) | X9: 11102000
A10: P0005 | B10: =안내!$B$5 | C10: 일반계정 | D10: KRZ500000005 | E10: 국내 오피스 부동산펀드 | F10: 수익증권 | G10: FVPL | H10: KRW | K10: 65000 | L10: 65000 | M10: 66100 | N10: =IF(OR(G10="AC",G10="원가모형"),L10,M10) | O10: =M10-L10 | P10: 0 | Q10: =N10-IF(G10="AC",P10,0) | R10: 0 | T10: - | V10: =IF(U10="","",ROUND((U10-안내!$B$10)/365.25,2)) | X10: 11102000
A11: P0006 | B11: =안내!$B$5 | C11: 일반계정 | D11: KR1035000006 | E11: 국고채권 30년 | F11: 국공채 | G11: FVOCI | H11: KRW | I11: 500000 | J11: 1 | K11: 486200 | L11: 488900 | M11: 452300 | N11: =IF(OR(G11="AC",G11="원가모형"),L11,M11) | O11: =M11-L11 | P11: 0 | Q11: =N11-IF(G11="AC",P11,0) | R11: 8460 | S11: 0.0325 | T11: AAA | U11: 57049 | V11: =IF(U11="","",ROUND((U11-안내!$B$10)/365.25,2)) | W11: 19.8 | X11: 11201000
A12: P0007 | B12: =안내!$B$5 | C12: 일반계정 | D12: KR1035000007 | E12: 국고채권 20년 | F12: 국공채 | G12: FVOCI | H12: KRW | I12: 300000 | J12: 1 | K12: 301500 | L12: 301100 | M12: 288400 | N12: =IF(OR(G12="AC",G12="원가모형"),L12,M12) | O12: =M12-L12 | P12: 0 | Q12: =N12-IF(G12="AC",P12,0) | R12: 450 | S12: 0.0275 | T12: AAA | U12: 52850 | V12: =IF(U12="","",ROUND((U12-안내!$B$10)/365.25,2)) | W12: 14.6 | X12: 11201000
A13: P0008 | B13: =안내!$B$5 | C13: 일반계정 | D13: KR3500000008 | E13: 공사채 A (특수채) | F13: 국공채 | G13: FVOCI | H13: KRW | I13: 200000 | J13: 1 | K13: 199400 | L13: 199400 | M13: 196800 | N13: =IF(OR(G13="AC",G13="원가모형"),L13,M13) | O13: =M13-L13 | P13: 12 | Q13: =N13-IF(G13="AC",P13,0) | R13: 2240 | S13: 0.034 | T13: AAA | U13: 49110 | V13: =IF(U13="","",ROUND((U13-안내!$B$10)/365.25,2)) | W13: 7 | X13: 11201000
A14: P0009 | B14: =안내!$B$5 | C14: 일반계정 | D14: KR6000000009 | E14: 회사채 A (AA+) | F14: 회사채 | G14: FVOCI | H14: KRW | I14: 150000 | J14: 1 | K14: 150000 | L14: 150000 | M14: 148200 | N14: =IF(OR(G14="AC",G14="원가모형"),L14,M14) | O14: =M14-L14 | P14: 45 | Q14: =N14-IF(G14="AC",P14,0) | R14: 2560 | S14: 0.0385 | T14: AA+ | U14: 47958 | V14: =IF(U14="","",ROUND((U14-안내!$B$10)/365.25,2)) | W14: 4.2 | X14: 11202000
A15: P0010 | B15: =안내!$B$5 | C15: 일반계정 | D15: KR6000000010 | E15: 회사채 B (AA-) | F15: 회사채 | G15: FVOCI | H15: KRW | I15: 100000 | J15: 1 | K15: 99800 | L15: 99880 | M15: 97900 | N15: =IF(OR(G15="AC",G15="원가모형"),L15,M15) | O15: =M15-L15 | P15: 85 | Q15: =N15-IF(G15="AC",P15,0) | R15: 4390 | S15: 0.042 | T15: AA- | U15: 47452 | V15: =IF(U15="","",ROUND((U15-안내!$B$10)/365.25,2)) | W15: 2.9 | X15: 11202000
A16: P0011 | B16: =안내!$B$5 | C16: 일반계정 | D16: US9120000011 | E16: 미국 국채 30년 | F16: 외화채권 | G16: FVOCI | H16: USD | I16: 200 | J16: 1380 | K16: 268000 | L16: 270500 | M16: 251600 | N16: =IF(OR(G16="AC",G16="원가모형"),L16,M16) | O16: =M16-L16 | P16: 20 | Q16: =N16-IF(G16="AC",P16,0) | R16: 1370 | S16: 0.0425 | T16: AA+ | U16: 56476 | V16: =IF(U16="","",ROUND((U16-안내!$B$10)/365.25,2)) | W16: 16.9 | X16: 11203000
A17: P0012 | B17: =안내!$B$5 | C17: 일반계정 | D17: US0000000012 | E17: 해외 회사채 A (USD) | F17: 외화채권 | G17: FVOCI | H17: USD | I17: 80 | J17: 1380 | K17: 106500 | L17: 107200 | M17: 108900 | N17: =IF(OR(G17="AC",G17="원가모형"),L17,M17) | O17: =M17-L17 | P17: 160 | Q17: =N17-IF(G17="AC",P17,0) | R17: 2060 | S17: 0.051 | T17: A | U17: 49355 | V17: =IF(U17="","",ROUND((U17-안내!$B$10)/365.25,2)) | W17: 7.4 | X17: 11203000
A18: P0013 | B18: =안내!$B$5 | C18: 일반계정 | D18: KR1035000013 | E18: 국고채권 50년 | F18: 국공채 | G18: AC | H18: KRW | I18: 400000 | J18: 1 | K18: 372000 | L18: 376800 | M18: 331200 | N18: =IF(OR(G18="AC",G18="원가모형"),L18,M18) | O18: =M18-L18 | P18: 0 | Q18: =N18-IF(G18="AC",P18,0) | R18: 5480 | S18: 0.025 | T18: AAA | U18: 63623 | V18: =IF(U18="","",ROUND((U18-안내!$B$10)/365.25,2)) | W18: 27.5 | X18: 11301000 | Y18: 11309000
A19: P0014 | B19: =안내!$B$5 | C19: 일반계정 | D19: KR2000000014 | E19: 지방채 A | F19: 국공채 | G19: AC | H19: KRW | I19: 120000 | J19: 1 | K19: 119500 | L19: 119700 | M19: 116900 | N19: =IF(OR(G19="AC",G19="원가모형"),L19,M19) | O19: =M19-L19 | P19: 18 | Q19: =N19-IF(G19="AC",P19,0) | R19: 3410 | S19: 0.031 | T19: AAA | U19: 50019 | V19: =IF(U19="","",ROUND((U19-안내!$B$10)/365.25,2)) | W19: 8.6 | X19: 11301000 | Y19: 11309000
A20: L0015 | B20: =안내!$B$5 | C20: 일반계정 | D20: LN-2026-0015 | E20: PF대출 (선순위, 물류센터) | F20: 대출채권 | G20: AC | H20: KRW | I20: 80000 | J20: 1 | K20: 80000 | L20: 80000 | M20: 79100 | N20: =IF(OR(G20="AC",G20="원가모형"),L20,M20) | O20: =M20-L20 | P20: 960 | Q20: =N20-IF(G20="AC",P20,0) | R20: 390 | S20: 0.058 | T20: BBB+ | U20: 47118 | V20: =IF(U20="","",ROUND((U20-안내!$B$10)/365.25,2)) | W20: 2.1 | X20: 11401000 | Y20: 11409000
A21: L0016 | B21: =안내!$B$5 | C21: 일반계정 | D21: LN-2026-0016 | E21: 인수금융 대출 (Term Loan A) | F21: 대출채권 | G21: AC | H21: KRW | I21: 50000 | J21: 1 | K21: 50000 | L21: 50000 | M21: 49600 | N21: =IF(OR(G21="AC",G21="원가모형"),L21,M21) | O21: =M21-L21 | P21: 750 | Q21: =N21-IF(G21="AC",P21,0) | R21: 260 | S21: 0.062 | T21: BBB | U21: 47664 | V21: =IF(U21="","",ROUND((U21-안내!$B$10)/365.25,2)) | W21: 3.3 | X21: 11401000 | Y21: 11409000
A22: L0017 | B22: =안내!$B$5 | C22: 일반계정 | D22: LN-POOL-0017 | E22: 부동산담보대출 (개인, Pool) | F22: 대출채권 | G22: AC | H22: KRW | I22: 150000 | J22: 1 | K22: 150000 | L22: 150000 | M22: 148500 | N22: =IF(OR(G22="AC",G22="원가모형"),L22,M22) | O22: =M22-L22 | P22: 300 | Q22: =N22-IF(G22="AC",P22,0) | R22: 580 | S22: 0.046 | T22: - | U22: 53235 | V22: =IF(U22="","",ROUND((U22-안내!$B$10)/365.25,2)) | W22: 6.5 | X22: 11402000 | Y22: 11409000
A23: R0018 | B23: =안내!$B$5 | C23: 일반계정 | D23: RE-0018 | E23: 투자부동산 (임대 오피스) | F23: 투자부동산 | G23: 원가모형 | H23: KRW | K23: 210000 | L23: 182400 | M23: 265000 | N23: =IF(OR(G23="AC",G23="원가모형"),L23,M23) | O23: =M23-L23 | P23: 0 | Q23: =N23-IF(G23="AC",P23,0) | R23: 0 | T23: - | V23: =IF(U23="","",ROUND((U23-안내!$B$10)/365.25,2)) | X23: 11501000
E24: 합계 | K24: =SUM(K6:K23) | L24: =SUM(L6:L23) | M24: =SUM(M6:M23) | N24: =SUM(N6:N23) | O24: =SUM(O6:O23) | P24: =SUM(P6:P23) | Q24: =SUM(Q6:Q23) | R24: =SUM(R6:R23)
A26: ※ 장부금액(총액): FVPL·FVOCI는 공정가치, AC·원가모형(투자부동산)은 상각후원가(감가상각 후 금액).
A27: ※ 순장부금액: AC 자산은 기대신용손실(ECL)을 차감. FVOCI의 ECL은 기타포괄손익에 반영되어 장부금액에서 차감하지 않음.
A28: ※ 주식·수익증권은 상각후원가 칸에 취득원가를 입력. 원가모형 투자부동산의 평가손익은 미인식 평가차익(주석 공시용).
A29: ※ 행을 추가할 때는 합계 행 위에 삽입하세요. 요약 시트는 6~500행을 집계합니다.

Sheet 자산운용요약
A1: 운용자산 요약 및 GL 대사
A2: 자산운용명세 시트를 자동 집계 · 금액 단위: 백만원
A3: ="회사: "&안내!$B$6&" ("&안내!$B$5&") 기준일: "&TEXT(안내!$B$10,"yyyy-mm-dd")
A5: 1. 자산군별 현황
A6: 자산군 | B6: 종목수 | C6: 장부금액(총액) | D6: ECL(AC 차감분) | E6: 순장부금액 | F6: 비중 | G6: 평가손익 | H6: 가중평균 표면금리 | I6: 가중평균 수정듀레이션
A7: 주식 | B7: =COUNTIF(자산운용명세!$F$6:$F$500,A7) | C7: =SUMIFS(자산운용명세!$N$6:$N$500,자산운용명세!$F$6:$F$500,A7) | D7: =SUMIFS(자산운용명세!$P$6:$P$500,자산운용명세!$F$6:$F$500,A7,자산운용명세!$G$6:$G$500,"AC") | E7: =C7-D7 | F7: =IF($E$14=0,0,E7/$E$14) | G7: =SUMIFS(자산운용명세!$O$6:$O$500,자산운용명세!$F$6:$F$500,A7) | H7: =IFERROR(SUMPRODUCT((자산운용명세!$F$6:$F$500=A7)*자산운용명세!$N$6:$N$500*자산운용명세!$S$6:$S$500)/SUMPRODUCT((자산운용명세!$F$6:$F$500=A7)*(자산운용명세!$S$6:$S$500<>"")*자산운용명세!$N$6:$N$500),0) | I7: =IFERROR(SUMPRODUCT((자산운용명세!$F$6:$F$500=A7)*자산운용명세!$N$6:$N$500*자산운용명세!$W$6:$W$500)/SUMPRODUCT((자산운용명세!$F$6:$F$500=A7)*(자산운용명세!$W$6:$W$500<>"")*자산운용명세!$N$6:$N$500),0)
A8: 수익증권 | B8: =COUNTIF(자산운용명세!$F$6:$F$500,A8) | C8: =SUMIFS(자산운용명세!$N$6:$N$500,자산운용명세!$F$6:$F$500,A8) | D8: =SUMIFS(자산운용명세!$P$6:$P$500,자산운용명세!$F$6:$F$500,A8,자산운용명세!$G$6:$G$500,"AC") | E8: =C8-D8 | F8: =IF($E$14=0,0,E8/$E$14) | G8: =SUMIFS(자산운용명세!$O$6:$O$500,자산운용명세!$F$6:$F$500,A8) | H8: =IFERROR(SUMPRODUCT((자산운용명세!$F$6:$F$500=A8)*자산운용명세!$N$6:$N$500*자산운용명세!$S$6:$S$500)/SUMPRODUCT((자산운용명세!$F$6:$F$500=A8)*(자산운용명세!$S$6:$S$500<>"")*자산운용명세!$N$6:$N$500),0) | I8: =IFERROR(SUMPRODUCT((자산운용명세!$F$6:$F$500=A8)*자산운용명세!$N$6:$N$500*자산운용명세!$W$6:$W$500)/SUMPRODUCT((자산운용명세!$F$6:$F$500=A8)*(자산운용명세!$W$6:$W$500<>"")*자산운용명세!$N$6:$N$500),0)
A9: 국공채 | B9: =COUNTIF(자산운용명세!$F$6:$F$500,A9) | C9: =SUMIFS(자산운용명세!$N$6:$N$500,자산운용명세!$F$6:$F$500,A9) | D9: =SUMIFS(자산운용명세!$P$6:$P$500,자산운용명세!$F$6:$F$500,A9,자산운용명세!$G$6:$G$500,"AC") | E9: =C9-D9 | F9: =IF($E$14=0,0,E9/$E$14) | G9: =SUMIFS(자산운용명세!$O$6:$O$500,자산운용명세!$F$6:$F$500,A9) | H9: =IFERROR(SUMPRODUCT((자산운용명세!$F$6:$F$500=A9)*자산운용명세!$N$6:$N$500*자산운용명세!$S$6:$S$500)/SUMPRODUCT((자산운용명세!$F$6:$F$500=A9)*(자산운용명세!$S$6:$S$500<>"")*자산운용명세!$N$6:$N$500),0) | I9: =IFERROR(SUMPRODUCT((자산운용명세!$F$6:$F$500=A9)*자산운용명세!$N$6:$N$500*자산운용명세!$W$6:$W$500)/SUMPRODUCT((자산운용명세!$F$6:$F$500=A9)*(자산운용명세!$W$6:$W$500<>"")*자산운용명세!$N$6:$N$500),0)
A10: 회사채 | B10: =COUNTIF(자산운용명세!$F$6:$F$500,A10) | C10: =SUMIFS(자산운용명세!$N$6:$N$500,자산운용명세!$F$6:$F$500,A10) | D10: =SUMIFS(자산운용명세!$P$6:$P$500,자산운용명세!$F$6:$F$500,A10,자산운용명세!$G$6:$G$500,"AC") | E10: =C10-D10 | F10: =IF($E$14=0,0,E10/$E$14) | G10: =SUMIFS(자산운용명세!$O$6:$O$500,자산운용명세!$F$6:$F$500,A10) | H10: =IFERROR(SUMPRODUCT((자산운용명세!$F$6:$F$500=A10)*자산운용명세!$N$6:$N$500*자산운용명세!$S$6:$S$500)/SUMPRODUCT((자산운용명세!$F$6:$F$500=A10)*(자산운용명세!$S$6:$S$500<>"")*자산운용명세!$N$6:$N$500),0) | I10: =IFERROR(SUMPRODUCT((자산운용명세!$F$6:$F$500=A10)*자산운용명세!$N$6:$N$500*자산운용명세!$W$6:$W$500)/SUMPRODUCT((자산운용명세!$F$6:$F$500=A10)*(자산운용명세!$W$6:$W$500<>"")*자산운용명세!$N$6:$N$500),0)
A11: 외화채권 | B11: =COUNTIF(자산운용명세!$F$6:$F$500,A11) | C11: =SUMIFS(자산운용명세!$N$6:$N$500,자산운용명세!$F$6:$F$500,A11) | D11: =SUMIFS(자산운용명세!$P$6:$P$500,자산운용명세!$F$6:$F$500,A11,자산운용명세!$G$6:$G$500,"AC") | E11: =C11-D11 | F11: =IF($E$14=0,0,E11/$E$14) | G11: =SUMIFS(자산운용명세!$O$6:$O$500,자산운용명세!$F$6:$F$500,A11) | H11: =IFERROR(SUMPRODUCT((자산운용명세!$F$6:$F$500=A11)*자산운용명세!$N$6:$N$500*자산운용명세!$S$6:$S$500)/SUMPRODUCT((자산운용명세!$F$6:$F$500=A11)*(자산운용명세!$S$6:$S$500<>"")*자산운용명세!$N$6:$N$500),0) | I11: =IFERROR(SUMPRODUCT((자산운용명세!$F$6:$F$500=A11)*자산운용명세!$N$6:$N$500*자산운용명세!$W$6:$W$500)/SUMPRODUCT((자산운용명세!$F$6:$F$500=A11)*(자산운용명세!$W$6:$W$500<>"")*자산운용명세!$N$6:$N$500),0)
A12: 대출채권 | B12: =COUNTIF(자산운용명세!$F$6:$F$500,A12) | C12: =SUMIFS(자산운용명세!$N$6:$N$500,자산운용명세!$F$6:$F$500,A12) | D12: =SUMIFS(자산운용명세!$P$6:$P$500,자산운용명세!$F$6:$F$500,A12,자산운용명세!$G$6:$G$500,"AC") | E12: =C12-D12 | F12: =IF($E$14=0,0,E12/$E$14) | G12: =SUMIFS(자산운용명세!$O$6:$O$500,자산운용명세!$F$6:$F$500,A12) | H12: =IFERROR(SUMPRODUCT((자산운용명세!$F$6:$F$500=A12)*자산운용명세!$N$6:$N$500*자산운용명세!$S$6:$S$500)/SUMPRODUCT((자산운용명세!$F$6:$F$500=A12)*(자산운용명세!$S$6:$S$500<>"")*자산운용명세!$N$6:$N$500),0) | I12: =IFERROR(SUMPRODUCT((자산운용명세!$F$6:$F$500=A12)*자산운용명세!$N$6:$N$500*자산운용명세!$W$6:$W$500)/SUMPRODUCT((자산운용명세!$F$6:$F$500=A12)*(자산운용명세!$W$6:$W$500<>"")*자산운용명세!$N$6:$N$500),0)
A13: 투자부동산 | B13: =COUNTIF(자산운용명세!$F$6:$F$500,A13) | C13: =SUMIFS(자산운용명세!$N$6:$N$500,자산운용명세!$F$6:$F$500,A13) | D13: =SUMIFS(자산운용명세!$P$6:$P$500,자산운용명세!$F$6:$F$500,A13,자산운용명세!$G$6:$G$500,"AC") | E13: =C13-D13 | F13: =IF($E$14=0,0,E13/$E$14) | G13: =SUMIFS(자산운용명세!$O$6:$O$500,자산운용명세!$F$6:$F$500,A13) | H13: =IFERROR(SUMPRODUCT((자산운용명세!$F$6:$F$500=A13)*자산운용명세!$N$6:$N$500*자산운용명세!$S$6:$S$500)/SUMPRODUCT((자산운용명세!$F$6:$F$500=A13)*(자산운용명세!$S$6:$S$500<>"")*자산운용명세!$N$6:$N$500),0) | I13: =IFERROR(SUMPRODUCT((자산운용명세!$F$6:$F$500=A13)*자산운용명세!$N$6:$N$500*자산운용명세!$W$6:$W$500)/SUMPRODUCT((자산운용명세!$F$6:$F$500=A13)*(자산운용명세!$W$6:$W$500<>"")*자산운용명세!$N$6:$N$500),0)
A14: 합계 | B14: =SUM(B7:B13) | C14: =SUM(C7:C13) | D14: =SUM(D7:D13) | E14: =SUM(E7:E13) | F14: =SUM(F7:F13) | G14: =SUM(G7:G13) | H14: =IFERROR(SUMPRODUCT(자산운용명세!$N$6:$N$500*자산운용명세!$S$6:$S$500)/SUMPRODUCT((자산운용명세!$S$6:$S$500<>"")*자산운용명세!$N$6:$N$500),0) | I14: =IFERROR(SUMPRODUCT(자산운용명세!$N$6:$N$500*자산운용명세!$W$6:$W$500)/SUMPRODUCT((자산운용명세!$W$6:$W$500<>"")*자산운용명세!$N$6:$N$500),0)
A17: 2. IFRS 9 분류별 현황
A18: IFRS 9 분류 | B18: 종목수 | C18: 장부금액(총액) | D18: 공정가치 | E18: 비중(장부금액) | F18: 평가손익 | G18: 손익 반영처
A19: FVPL | B19: =COUNTIF(자산운용명세!$G$6:$G$500,A19) | C19: =SUMIFS(자산운용명세!$N$6:$N$500,자산운용명세!$G$6:$G$500,A19) | D19: =SUMIFS(자산운용명세!$M$6:$M$500,자산운용명세!$G$6:$G$500,A19) | E19: =IF($C$23=0,0,C19/$C$23) | F19: =SUMIFS(자산운용명세!$O$6:$O$500,자산운용명세!$G$6:$G$500,A19) | G19: 당기손익
A20: FVOCI | B20: =COUNTIF(자산운용명세!$G$6:$G$500,A20) | C20: =SUMIFS(자산운용명세!$N$6:$N$500,자산운용명세!$G$6:$G$500,A20) | D20: =SUMIFS(자산운용명세!$M$6:$M$500,자산운용명세!$G$6:$G$500,A20) | E20: =IF($C$23=0,0,C20/$C$23) | F20: =SUMIFS(자산운용명세!$O$6:$O$500,자산운용명세!$G$6:$G$500,A20) | G20: 기타포괄손익(OCI)
A21: AC | B21: =COUNTIF(자산운용명세!$G$6:$G$500,A21) | C21: =SUMIFS(자산운용명세!$N$6:$N$500,자산운용명세!$G$6:$G$500,A21) | D21: =SUMIFS(자산운용명세!$M$6:$M$500,자산운용명세!$G$6:$G$500,A21) | E21: =IF($C$23=0,0,C21/$C$23) | F21: =SUMIFS(자산운용명세!$O$6:$O$500,자산운용명세!$G$6:$G$500,A21) | G21: 미반영 (주석 공시)
A22: 원가모형 | B22: =COUNTIF(자산운용명세!$G$6:$G$500,A22) | C22: =SUMIFS(자산운용명세!$N$6:$N$500,자산운용명세!$G$6:$G$500,A22) | D22: =SUMIFS(자산운용명세!$M$6:$M$500,자산운용명세!$G$6:$G$500,A22) | E22: =IF($C$23=0,0,C22/$C$23) | F22: =SUMIFS(자산운용명세!$O$6:$O$500,자산운용명세!$G$6:$G$500,A22) | G22: 미반영 (주석 공시)
A23: 합계 | B23: =SUM(B19:B22) | C23: =SUM(C19:C22) | D23: =SUM(D19:D22) | E23: =SUM(E19:E22) | F23: =SUM(F19:F22)
A26: 3. 명세 ↔ 시산표 GL 대사 (Sub-ledger vs General Ledger)
A27: G/L 계정 | B27: 계정명 | C27: 명세 집계 기준 | D27: 명세 합계 (A) | E27: 시산표 기말잔액 (B) | F27: 차이 (A−B) | G27: 판정
A28: 11101000 | B28: =IFERROR(INDEX(계정과목!$B$5:$B$78,MATCH(A28,계정과목!$A$5:$A$78,0)),"계정 없음") | C28: 자산 G/L별 장부금액(총액) | D28: =SUMIFS(자산운용명세!$N$6:$N$500,자산운용명세!$X$6:$X$500,A28) | E28: =SUMIFS(시산표!$L$6:$L$49,시산표!$E$6:$E$49,A28) | F28: =D28-E28 | G28: =IF(ABS(F28)<0.5,"OK","차이 확인")
A29: 11102000 | B29: =IFERROR(INDEX(계정과목!$B$5:$B$78,MATCH(A29,계정과목!$A$5:$A$78,0)),"계정 없음") | C29: 자산 G/L별 장부금액(총액) | D29: =SUMIFS(자산운용명세!$N$6:$N$500,자산운용명세!$X$6:$X$500,A29) | E29: =SUMIFS(시산표!$L$6:$L$49,시산표!$E$6:$E$49,A29) | F29: =D29-E29 | G29: =IF(ABS(F29)<0.5,"OK","차이 확인")
A30: 11201000 | B30: =IFERROR(INDEX(계정과목!$B$5:$B$78,MATCH(A30,계정과목!$A$5:$A$78,0)),"계정 없음") | C30: 자산 G/L별 장부금액(총액) | D30: =SUMIFS(자산운용명세!$N$6:$N$500,자산운용명세!$X$6:$X$500,A30) | E30: =SUMIFS(시산표!$L$6:$L$49,시산표!$E$6:$E$49,A30) | F30: =D30-E30 | G30: =IF(ABS(F30)<0.5,"OK","차이 확인")
A31: 11202000 | B31: =IFERROR(INDEX(계정과목!$B$5:$B$78,MATCH(A31,계정과목!$A$5:$A$78,0)),"계정 없음") | C31: 자산 G/L별 장부금액(총액) | D31: =SUMIFS(자산운용명세!$N$6:$N$500,자산운용명세!$X$6:$X$500,A31) | E31: =SUMIFS(시산표!$L$6:$L$49,시산표!$E$6:$E$49,A31) | F31: =D31-E31 | G31: =IF(ABS(F31)<0.5,"OK","차이 확인")
A32: 11203000 | B32: =IFERROR(INDEX(계정과목!$B$5:$B$78,MATCH(A32,계정과목!$A$5:$A$78,0)),"계정 없음") | C32: 자산 G/L별 장부금액(총액) | D32: =SUMIFS(자산운용명세!$N$6:$N$500,자산운용명세!$X$6:$X$500,A32) | E32: =SUMIFS(시산표!$L$6:$L$49,시산표!$E$6:$E$49,A32) | F32: =D32-E32 | G32: =IF(ABS(F32)<0.5,"OK","차이 확인")
A33: 11301000 | B33: =IFERROR(INDEX(계정과목!$B$5:$B$78,MATCH(A33,계정과목!$A$5:$A$78,0)),"계정 없음") | C33: 자산 G/L별 장부금액(총액) | D33: =SUMIFS(자산운용명세!$N$6:$N$500,자산운용명세!$X$6:$X$500,A33) | E33: =SUMIFS(시산표!$L$6:$L$49,시산표!$E$6:$E$49,A33) | F33: =D33-E33 | G33: =IF(ABS(F33)<0.5,"OK","차이 확인")
A34: 11401000 | B34: =IFERROR(INDEX(계정과목!$B$5:$B$78,MATCH(A34,계정과목!$A$5:$A$78,0)),"계정 없음") | C34: 자산 G/L별 장부금액(총액) | D34: =SUMIFS(자산운용명세!$N$6:$N$500,자산운용명세!$X$6:$X$500,A34) | E34: =SUMIFS(시산표!$L$6:$L$49,시산표!$E$6:$E$49,A34) | F34: =D34-E34 | G34: =IF(ABS(F34)<0.5,"OK","차이 확인")
A35: 11402000 | B35: =IFERROR(INDEX(계정과목!$B$5:$B$78,MATCH(A35,계정과목!$A$5:$A$78,0)),"계정 없음") | C35: 자산 G/L별 장부금액(총액) | D35: =SUMIFS(자산운용명세!$N$6:$N$500,자산운용명세!$X$6:$X$500,A35) | E35: =SUMIFS(시산표!$L$6:$L$49,시산표!$E$6:$E$49,A35) | F35: =D35-E35 | G35: =IF(ABS(F35)<0.5,"OK","차이 확인")
A36: 11501000 | B36: =IFERROR(INDEX(계정과목!$B$5:$B$78,MATCH(A36,계정과목!$A$5:$A$78,0)),"계정 없음") | C36: 자산 G/L별 장부금액(총액) | D36: =SUMIFS(자산운용명세!$N$6:$N$500,자산운용명세!$X$6:$X$500,A36) | E36: =SUMIFS(시산표!$L$6:$L$49,시산표!$E$6:$E$49,A36) | F36: =D36-E36 | G36: =IF(ABS(F36)<0.5,"OK","차이 확인")
A37: 11309000 | B37: =IFERROR(INDEX(계정과목!$B$5:$B$78,MATCH(A37,계정과목!$A$5:$A$78,0)),"계정 없음") | C37: 충당금 G/L별 ECL (음수) | D37: =-SUMIFS(자산운용명세!$P$6:$P$500,자산운용명세!$Y$6:$Y$500,A37) | E37: =SUMIFS(시산표!$L$6:$L$49,시산표!$E$6:$E$49,A37) | F37: =D37-E37 | G37: =IF(ABS(F37)<0.5,"OK","차이 확인")
A38: 11409000 | B38: =IFERROR(INDEX(계정과목!$B$5:$B$78,MATCH(A38,계정과목!$A$5:$A$78,0)),"계정 없음") | C38: 충당금 G/L별 ECL (음수) | D38: =-SUMIFS(자산운용명세!$P$6:$P$500,자산운용명세!$Y$6:$Y$500,A38) | E38: =SUMIFS(시산표!$L$6:$L$49,시산표!$E$6:$E$49,A38) | F38: =D38-E38 | G38: =IF(ABS(F38)<0.5,"OK","차이 확인")
A39: 11601000 | B39: =IFERROR(INDEX(계정과목!$B$5:$B$78,MATCH(A39,계정과목!$A$5:$A$78,0)),"계정 없음") | C39: 미수이자 전체 | D39: =SUMPRODUCT((LEN(자산운용명세!$X$6:$X$500)>0)*자산운용명세!$R$6:$R$500) | E39: =SUMIFS(시산표!$L$6:$L$49,시산표!$E$6:$E$49,A39) | F39: =D39-E39 | G39: =IF(ABS(F39)<0.5,"OK","차이 확인")
A40: 합계 | D40: =SUM(D28:D39) | E40: =SUM(E28:E39) | F40: =SUM(F28:F39) | G40: =IF(COUNTIF(G28:G39,"OK")=12,"전체 일치","차이 있음")
A42: ※ 차이가 나면 미전기 거래, 평가 전표 누락, 외화환산 시점 차이, G/L 매핑 오류 순으로 확인합니다.
